transaction_id,timestamp,payment_method,amount,currency,merchant,region,customer_id,is_fraud
9375e15a,2026-09-01 00:13:00,Card,265.08,EUR,Fashion Outlet,Northern Europe,CUST-8830,0
ef30ee9d,2026-09-01 00:17:00,ACH,501.09,USD,Shopify Store,Northern Europe,CUST-2209,0
aadbb9a8,2026-09-01 00:32:00,ACH,355.26,EUR,Grocery Mart,North America,CUST-9323,0
a73340ad,2026-09-01 00:37:00,Wallet,646.94,USD,Electronics Hub,North America,CUST-3597,0
ef9b0b57,2026-09-01 00:43:00,Card,566.49,EUR,Amazon,Western Europe,CUST-6143,0
f50c1583,2026-09-01 00:54:00,Wallet,233.79,EUR,Fashion Outlet,Southern Europe,CUST-5154,0
fcd38094,2026-09-01 00:57:00,ACH,620.27,USD,Electronics Hub,Western Europe,CUST-3948,0
2d0e3aec,2026-09-01 00:59:00,Wallet,687.08,USD,Amazon,Northern Europe,CUST-7387,0
411f7691,2026-09-01 01:05:00,Wallet,329.07,USD,Electronics Hub,North America,CUST-7640,0
e198720d,2026-09-01 01:10:00,Card,426.28,EUR,Spotify,North America,CUST-4884,0
533e554b,2026-09-01 01:15:00,ACH,357.97,USD,Electronics Hub,Eastern Europe,CUST-2173,0
40640125,2026-09-01 01:21:00,Card,98.86,USD,Shopify Store,Northern Europe,CUST-4716,0
b31666ee,2026-09-01 01:30:00,ACH,425.95,EUR,Fashion Outlet,Western Europe,CUST-7665,0
a4a37f66,2026-09-01 01:31:00,Card,641.08,USD,Netflix,North America,CUST-4225,0
24b262c2,2026-09-01 01:33:00,ACH,657.28,EUR,Netflix,Eastern Europe,CUST-3289,0
f119d7cb,2026-09-01 01:36:00,ACH,563.32,EUR,GameStore,Southern Europe,CUST-3306,0
a8a30420,2026-09-01 01:42:00,Wallet,594.44,EUR,Travel Booking,Southern Europe,CUST-2141,0
fa95ca1b,2026-09-01 01:45:00,ACH,172.01,USD,Local Coffee Shop,Eastern Europe,CUST-5230,0
85b7675c,2026-09-01 01:49:00,Wallet,339.47,EUR,Spotify,Eastern Europe,CUST-3503,0
4840e9ac,2026-09-01 01:49:00,Card,774.51,EUR,Shopify Store,North America,CUST-6397,0
2243dff0,2026-09-01 01:54:00,Card,496.1,EUR,Uber,North America,CUST-7965,0
623d5c8f,2026-09-01 01:58:00,Wallet,84.41,EUR,Shopify Store,Northern Europe,CUST-6824,0
23c722f6,2026-09-01 02:08:00,Card,167.45,USD,Uber,Southern Europe,CUST-8192,0
462430b9,2026-09-01 02:14:00,Card,732.73,EUR,Netflix,North America,CUST-6374,0
4cbc28d5,2026-09-01 02:33:00,ACH,642.53,EUR,Spotify,Northern Europe,CUST-2209,0
eac7fb93,2026-09-01 02:35:00,Card,676.36,EUR,Travel Booking,Eastern Europe,CUST-3730,0
cd35b4ae,2026-09-01 02:36:00,ACH,424.85,USD,Amazon,Northern Europe,CUST-3755,0
07acc529,2026-09-01 02:37:00,ACH,689.23,EUR,Uber,Western Europe,CUST-1239,0
7a6f331a,2026-09-01 02:44:00,Wallet,552.43,USD,Pharmacy Plus,Western Europe,CUST-2274,0
031c78ac,2026-09-01 02:48:00,Wallet,666.84,EUR,GameStore,Northern Europe,CUST-3624,0
e8dfe970,2026-09-01 02:48:00,ACH,301.39,USD,Travel Booking,Eastern Europe,CUST-7180,0
d456c70f,2026-09-01 02:52:00,Wallet,287.89,USD,Pharmacy Plus,Northern Europe,CUST-9778,0
67133a44,2026-09-01 02:53:00,Card,397.11,EUR,Uber,North America,CUST-3290,0
7f6c55f1,2026-09-01 02:57:00,Card,266.71,USD,Spotify,Western Europe,CUST-9916,0
7af85131,2026-09-01 03:01:00,ACH,522.66,USD,Travel Booking,Southern Europe,CUST-6438,0
4a72be4c,2026-09-01 03:01:00,Card,366.91,USD,Pharmacy Plus,Eastern Europe,CUST-4315,0
85455a4e,2026-09-01 03:02:00,Card,328.3,EUR,Local Coffee Shop,Eastern Europe,CUST-6602,0
c1ff4383,2026-09-01 03:02:00,ACH,16.91,EUR,Shopify Store,North America,CUST-7414,0
25e66826,2026-09-01 03:05:00,Card,304.89,USD,Shopify Store,Eastern Europe,CUST-4681,0
dec467e2,2026-09-01 03:09:00,ACH,407.44,USD,Shopify Store,North America,CUST-7882,0
234d460a,2026-09-01 03:21:00,Card,71.11,EUR,Local Coffee Shop,Western Europe,CUST-6823,0
0e431184,2026-09-01 03:28:00,ACH,464.74,EUR,Travel Booking,Western Europe,CUST-2061,0
a76a709d,2026-09-01 03:30:00,ACH,348.45,USD,Spotify,Northern Europe,CUST-7391,0
24f36016,2026-09-01 03:34:00,Wallet,243.1,USD,Travel Booking,Western Europe,CUST-2344,0
49e4c84c,2026-09-01 03:38:00,Card,262.69,EUR,Local Coffee Shop,North America,CUST-8391,0
c36a57d3,2026-09-01 03:38:00,ACH,720.91,USD,Netflix,Western Europe,CUST-5838,0
75f16bfa,2026-09-01 03:39:00,Wallet,333.39,USD,Netflix,Southern Europe,CUST-9947,0
2c796d28,2026-09-01 03:41:00,Wallet,246.55,EUR,Shopify Store,Southern Europe,CUST-4350,0
89005222,2026-09-01 03:42:00,Card,359.94,USD,Grocery Mart,North America,CUST-9827,0
1148620c,2026-09-01 03:43:00,ACH,445.14,USD,Local Coffee Shop,Northern Europe,CUST-3805,0
107a7702,2026-09-01 03:47:00,Card,620.69,EUR,Pharmacy Plus,Southern Europe,CUST-6478,0
1dbd87ce,2026-09-01 03:51:00,ACH,286.33,USD,Travel Booking,Southern Europe,CUST-9969,0
3a61668e,2026-09-01 04:10:00,Wallet,465.66,USD,Spotify,Western Europe,CUST-2462,0
4717a856,2026-09-01 04:17:00,Card,652.46,USD,Uber,North America,CUST-9641,0
41876409,2026-09-01 04:19:00,Wallet,687.53,EUR,Spotify,Western Europe,CUST-8663,0
bc6e7e1a,2026-09-01 04:20:00,Wallet,695.78,EUR,Amazon,Eastern Europe,CUST-1746,0
17a6e250,2026-09-01 04:27:00,Wallet,639.21,USD,Spotify,Southern Europe,CUST-3559,0
5ad9ddb7,2026-09-01 04:33:00,Card,214.05,EUR,Spotify,North America,CUST-3966,0
09d19b1d,2026-09-01 04:42:00,Card,359.36,EUR,Netflix,Western Europe,CUST-7628,0
6b7768b1,2026-09-01 04:52:00,Wallet,747.5,USD,Local Coffee Shop,Western Europe,CUST-4502,0
1ce631a7,2026-09-01 04:56:00,Card,646.13,USD,Electronics Hub,North America,CUST-6293,0
f8266c6b,2026-09-01 05:06:00,Card,759.45,USD,Spotify,Southern Europe,CUST-3495,0
83ccf22e,2026-09-01 05:10:00,Card,649.76,EUR,Grocery Mart,Southern Europe,CUST-5667,0
2447626e,2026-09-01 05:29:00,Card,586.91,EUR,GameStore,North America,CUST-8935,0
d8c9880a,2026-09-01 05:38:00,Card,764.14,USD,Shopify Store,Northern Europe,CUST-2834,0
061012fe,2026-09-01 05:49:00,Wallet,775.93,EUR,Shopify Store,North America,CUST-1268,0
1e743fcb,2026-09-01 06:27:00,Wallet,272.22,EUR,Grocery Mart,Southern Europe,CUST-4404,0
bc6564cf,2026-09-01 06:27:00,Card,320.82,USD,Electronics Hub,Northern Europe,CUST-5381,0
6df2502d,2026-09-01 06:27:00,Card,541.73,EUR,Grocery Mart,Eastern Europe,CUST-6143,0
d7264a3c,2026-09-01 06:34:00,Card,723.44,USD,Pharmacy Plus,Western Europe,CUST-5327,0
76251756,2026-09-01 06:41:00,Wallet,378.01,USD,Electronics Hub,Southern Europe,CUST-9653,0
ba478f2f,2026-09-01 06:46:00,ACH,188.43,EUR,Grocery Mart,Western Europe,CUST-8222,0
904abc98,2026-09-01 06:50:00,Card,287.0,USD,Grocery Mart,North America,CUST-6044,0
431f8edd,2026-09-01 06:56:00,Card,24.36,USD,Amazon,Southern Europe,CUST-4394,0
d38606eb,2026-09-01 07:00:00,Card,602.54,EUR,Amazon,Eastern Europe,CUST-3294,0
d8926a84,2026-09-01 07:07:00,Card,700.65,EUR,Grocery Mart,Northern Europe,CUST-1904,0
9e8d2a88,2026-09-01 07:09:00,Card,564.56,EUR,Travel Booking,Southern Europe,CUST-1831,0
c9a6eb3d,2026-09-01 07:11:00,ACH,660.26,USD,Local Coffee Shop,Northern Europe,CUST-7928,0
088ea573,2026-09-01 07:11:00,ACH,753.3,EUR,Electronics Hub,Eastern Europe,CUST-6801,0
e77dd919,2026-09-01 07:14:00,ACH,512.03,USD,Pharmacy Plus,Northern Europe,CUST-9430,0
8ba1f494,2026-09-01 07:18:00,Wallet,506.5,USD,Pharmacy Plus,North America,CUST-6163,0
21c41795,2026-09-01 07:18:00,Card,478.35,EUR,Spotify,Western Europe,CUST-2753,0
b1234ac6,2026-09-01 07:22:00,ACH,276.8,EUR,Grocery Mart,Western Europe,CUST-1497,0
4761cfa8,2026-09-01 07:23:00,Wallet,522.18,USD,Amazon,Eastern Europe,CUST-9404,0
2f79b3e9,2026-09-01 07:26:00,Wallet,590.48,USD,Travel Booking,Northern Europe,CUST-9075,1
44527730,2026-09-01 07:29:00,Wallet,783.5,USD,Netflix,Southern Europe,CUST-5033,0
f4ed683a,2026-09-01 07:37:00,ACH,610.04,USD,Shopify Store,Northern Europe,CUST-2535,0
d1fcbd05,2026-09-01 07:43:00,Wallet,1585.93,EUR,GameStore,Northern Europe,CUST-7663,1
2a14e64b,2026-09-01 07:49:00,ACH,35.5,EUR,Fashion Outlet,Western Europe,CUST-4988,0
9e5e62bb,2026-09-01 07:58:00,ACH,272.62,USD,GameStore,Northern Europe,CUST-4519,0
0441d507,2026-09-01 08:11:00,Card,648.34,EUR,Pharmacy Plus,Eastern Europe,CUST-2954,0
c1949a13,2026-09-01 08:12:00,Wallet,607.01,EUR,Electronics Hub,Southern Europe,CUST-5756,0
b75efc9c,2026-09-01 08:13:00,ACH,783.12,USD,GameStore,Eastern Europe,CUST-9950,0
8da0307f,2026-09-01 08:16:00,Wallet,772.96,USD,Local Coffee Shop,Northern Europe,CUST-4271,0
d58b629b,2026-09-01 08:21:00,ACH,2055.9,EUR,GameStore,Eastern Europe,CUST-4435,1
b6a04937,2026-09-01 08:26:00,ACH,161.25,EUR,Grocery Mart,Western Europe,CUST-9227,0
8909f76d,2026-09-01 08:29:00,Card,164.27,EUR,Netflix,Northern Europe,CUST-2397,0
ad7c9fa4,2026-09-01 08:31:00,Wallet,154.64,EUR,Fashion Outlet,Northern Europe,CUST-2279,0
ab3980c8,2026-09-01 08:48:00,Wallet,558.75,EUR,Pharmacy Plus,Northern Europe,CUST-4144,0
25a88e96,2026-09-01 09:00:00,Wallet,107.11,EUR,Netflix,Western Europe,CUST-4479,0
2b7fc988,2026-09-01 09:04:00,Wallet,789.78,USD,Electronics Hub,Northern Europe,CUST-3709,0
2c00dee0,2026-09-01 09:05:00,ACH,134.21,USD,Electronics Hub,North America,CUST-8953,0
9f8a5939,2026-09-01 09:05:00,ACH,526.54,EUR,Fashion Outlet,Eastern Europe,CUST-9749,0
44d02e01,2026-09-01 09:13:00,ACH,73.48,EUR,Electronics Hub,Eastern Europe,CUST-9502,0
f71a765a,2026-09-01 09:24:00,Card,114.02,EUR,Electronics Hub,Southern Europe,CUST-8959,0
19129287,2026-09-01 09:29:00,Card,363.4,EUR,Travel Booking,Northern Europe,CUST-6337,0
af13ac8c,2026-09-01 09:32:00,Card,776.02,EUR,Uber,Western Europe,CUST-1584,0
45cb3d20,2026-09-01 09:33:00,Card,289.39,USD,Local Coffee Shop,Southern Europe,CUST-6650,0
abbb8696,2026-09-01 09:35:00,Card,525.54,EUR,Spotify,Western Europe,CUST-6816,0
b9247b38,2026-09-01 09:47:00,Wallet,449.73,EUR,Spotify,Western Europe,CUST-5328,0
6703b687,2026-09-01 09:49:00,Wallet,116.99,EUR,Travel Booking,Western Europe,CUST-5335,0
35046da6,2026-09-01 09:53:00,ACH,568.15,EUR,Local Coffee Shop,Eastern Europe,CUST-6095,0
f65180c4,2026-09-01 09:56:00,Wallet,641.62,USD,Electronics Hub,Northern Europe,CUST-2696,0
9beaf883,2026-09-01 10:07:00,Card,480.7,EUR,Travel Booking,Western Europe,CUST-9695,0
d1c4cba8,2026-09-01 10:12:00,Wallet,318.71,EUR,Spotify,Western Europe,CUST-9423,0
a5c1987e,2026-09-01 10:14:00,ACH,153.62,EUR,Amazon,Northern Europe,CUST-5259,0
e1fe7f27,2026-09-01 10:15:00,ACH,560.25,EUR,Local Coffee Shop,Southern Europe,CUST-8490,0
92f28232,2026-09-01 10:19:00,Wallet,47.87,USD,Uber,Southern Europe,CUST-3412,0
77d7fb12,2026-09-01 10:38:00,ACH,500.8,USD,GameStore,Eastern Europe,CUST-5983,0
8924faef,2026-09-01 10:39:00,ACH,381.46,EUR,Shopify Store,Southern Europe,CUST-5498,0
60f1069e,2026-09-01 10:43:00,Wallet,631.38,USD,Local Coffee Shop,Western Europe,CUST-6879,0
ec6f36a1,2026-09-01 10:46:00,Card,341.53,USD,Pharmacy Plus,Western Europe,CUST-4169,0
0e2038ac,2026-09-01 11:03:00,ACH,93.62,EUR,GameStore,North America,CUST-8860,0
f9fbc7a2,2026-09-01 11:04:00,Card,348.65,USD,Uber,Northern Europe,CUST-6520,0
5170ce98,2026-09-01 11:17:00,ACH,162.45,EUR,Netflix,Western Europe,CUST-7558,0
1b8f5682,2026-09-01 11:23:00,Card,143.52,EUR,Pharmacy Plus,Western Europe,CUST-9741,0
5e5c604f,2026-09-01 11:29:00,Wallet,792.75,USD,Local Coffee Shop,North America,CUST-4242,0
1a97478c,2026-09-01 11:31:00,ACH,748.53,USD,GameStore,Northern Europe,CUST-2573,0
2435a4a7,2026-09-01 11:36:00,ACH,170.62,USD,Local Coffee Shop,Eastern Europe,CUST-2806,0
691d01d5,2026-09-01 11:37:00,Card,788.15,EUR,Netflix,Southern Europe,CUST-5639,0
e5b720ae,2026-09-01 11:51:00,Wallet,788.28,USD,Uber,Southern Europe,CUST-7647,0
0f977873,2026-09-01 11:56:00,Wallet,509.62,USD,Fashion Outlet,Northern Europe,CUST-3251,0
395c1ad2,2026-09-01 11:58:00,ACH,19.52,EUR,Netflix,Western Europe,CUST-3086,0
82cef9c8,2026-09-01 12:00:00,ACH,148.37,USD,Spotify,Eastern Europe,CUST-1785,0
c2148ff3,2026-09-01 12:05:00,Card,780.75,USD,Pharmacy Plus,North America,CUST-9864,0
627dc11d,2026-09-01 12:08:00,Card,110.14,USD,Pharmacy Plus,Southern Europe,CUST-1013,0
907a9996,2026-09-01 12:15:00,Card,656.4,EUR,Electronics Hub,Western Europe,CUST-5797,0
073afd62,2026-09-01 12:16:00,Card,739.58,EUR,Pharmacy Plus,North America,CUST-2743,0
152ebd66,2026-09-01 12:18:00,ACH,784.12,USD,Pharmacy Plus,Northern Europe,CUST-2099,0
48fd2314,2026-09-01 12:25:00,ACH,616.61,USD,Travel Booking,Eastern Europe,CUST-7022,0
e376cb53,2026-09-01 12:32:00,Card,775.82,EUR,Shopify Store,Northern Europe,CUST-7006,0
33a8dbf7,2026-09-01 12:39:00,Wallet,503.47,USD,Spotify,Eastern Europe,CUST-2435,0
b29b42fd,2026-09-01 12:39:00,Wallet,221.01,USD,Fashion Outlet,Southern Europe,CUST-7585,0
5c81e500,2026-09-01 12:42:00,Wallet,232.81,USD,Spotify,Southern Europe,CUST-5755,0
4bb1d2fc,2026-09-01 12:44:00,ACH,370.81,USD,Local Coffee Shop,Eastern Europe,CUST-5571,0
2aa7ce06,2026-09-01 12:52:00,Wallet,426.11,USD,Pharmacy Plus,Southern Europe,CUST-6881,0
6a5c9a60,2026-09-01 12:55:00,ACH,692.83,USD,Grocery Mart,Northern Europe,CUST-3070,0
6ce80092,2026-09-01 13:02:00,Card,591.77,EUR,Uber,Western Europe,CUST-7300,0
b962230c,2026-09-01 13:17:00,Wallet,115.59,EUR,Grocery Mart,North America,CUST-7411,0
8ed7fcad,2026-09-01 13:24:00,Wallet,362.75,EUR,Electronics Hub,Northern Europe,CUST-2507,0
a01f0dc2,2026-09-01 13:33:00,Wallet,257.67,USD,Electronics Hub,Eastern Europe,CUST-1139,0
91e50493,2026-09-01 13:41:00,Wallet,545.16,EUR,Electronics Hub,North America,CUST-9315,0
b64c7d99,2026-09-01 13:42:00,ACH,780.45,EUR,GameStore,Eastern Europe,CUST-9971,0
ac494e7c,2026-09-01 13:51:00,Wallet,637.53,USD,Pharmacy Plus,Western Europe,CUST-3929,0
0d1c62b4,2026-09-01 13:57:00,Wallet,743.06,EUR,Grocery Mart,Eastern Europe,CUST-7298,0
7c2c0f35,2026-09-01 13:57:00,Wallet,318.64,EUR,Grocery Mart,Northern Europe,CUST-4938,0
ced634cf,2026-09-01 13:58:00,ACH,240.63,EUR,Travel Booking,Eastern Europe,CUST-7172,0
5070c119,2026-09-01 13:59:00,Wallet,693.15,EUR,Grocery Mart,Eastern Europe,CUST-7913,0
46d2ddac,2026-09-01 14:08:00,ACH,341.2,EUR,Local Coffee Shop,Southern Europe,CUST-2323,0
e22abe99,2026-09-01 14:08:00,Wallet,173.73,USD,Local Coffee Shop,Eastern Europe,CUST-8581,0
ca8b10a7,2026-09-01 14:09:00,ACH,595.96,EUR,Travel Booking,Southern Europe,CUST-9137,0
be3766df,2026-09-01 14:13:00,ACH,351.2,USD,Local Coffee Shop,Southern Europe,CUST-7760,0
1742b4df,2026-09-01 14:14:00,ACH,571.12,EUR,GameStore,North America,CUST-2145,0
c5e44b81,2026-09-01 14:15:00,Wallet,113.09,EUR,Spotify,North America,CUST-7292,0
d265097f,2026-09-01 14:18:00,Wallet,666.38,EUR,Shopify Store,North America,CUST-5700,0
2357930f,2026-09-01 14:19:00,ACH,71.05,USD,Electronics Hub,North America,CUST-4865,0
62ce93ea,2026-09-01 14:20:00,Card,254.67,USD,Travel Booking,Western Europe,CUST-7113,0
e312ee5c,2026-09-01 14:20:00,Card,507.37,EUR,Shopify Store,Western Europe,CUST-9472,0
199f864a,2026-09-01 14:28:00,Card,58.85,USD,GameStore,Southern Europe,CUST-6809,0
3a4d4e9d,2026-09-01 14:34:00,Wallet,175.8,EUR,Electronics Hub,Southern Europe,CUST-1603,0
df289956,2026-09-01 14:45:00,ACH,42.77,USD,Uber,Northern Europe,CUST-1003,0
5463ec62,2026-09-01 14:49:00,Card,389.61,USD,Spotify,Eastern Europe,CUST-2462,0
e7ee6f22,2026-09-01 14:49:00,ACH,540.05,EUR,Travel Booking,North America,CUST-9447,0
f8667ec2,2026-09-01 14:51:00,Wallet,707.09,EUR,Amazon,Eastern Europe,CUST-2790,0
f5012ecd,2026-09-01 14:56:00,ACH,472.42,EUR,Fashion Outlet,North America,CUST-9169,0
f773e990,2026-09-01 15:05:00,Wallet,306.36,USD,Spotify,Northern Europe,CUST-3724,0
cdadfda4,2026-09-01 15:05:00,ACH,526.21,EUR,Fashion Outlet,Southern Europe,CUST-2025,0
5e6eface,2026-09-01 15:10:00,ACH,240.32,EUR,Spotify,Northern Europe,CUST-4883,0
b9f5fd9a,2026-09-01 15:18:00,Card,710.67,USD,Uber,Northern Europe,CUST-6024,0
e334e44f,2026-09-01 15:19:00,Card,90.71,USD,Grocery Mart,Southern Europe,CUST-2997,0
3f8e0f9c,2026-09-01 15:24:00,ACH,160.14,USD,Travel Booking,Northern Europe,CUST-7170,0
0e4d566f,2026-09-01 15:35:00,ACH,614.4,EUR,Grocery Mart,Eastern Europe,CUST-9849,0
fa1192d1,2026-09-01 15:35:00,Wallet,141.59,EUR,Amazon,North America,CUST-3095,0
b0ee25e3,2026-09-01 15:44:00,Card,496.43,USD,Shopify Store,North America,CUST-2271,0
266373f5,2026-09-01 15:55:00,Card,380.5,EUR,Fashion Outlet,Eastern Europe,CUST-2807,0
dc528238,2026-09-01 16:02:00,Wallet,211.4,EUR,Shopify Store,Southern Europe,CUST-1194,0
97ef9481,2026-09-01 16:06:00,Card,495.78,USD,Pharmacy Plus,Eastern Europe,CUST-3974,0
51d8476a,2026-09-01 16:09:00,Wallet,490.4,EUR,Grocery Mart,North America,CUST-1730,0
cbd43505,2026-09-01 16:09:00,Card,559.68,EUR,Pharmacy Plus,Western Europe,CUST-2103,0
ce3c3970,2026-09-01 16:13:00,ACH,74.44,USD,Shopify Store,Southern Europe,CUST-6273,0
138f4791,2026-09-01 16:20:00,Wallet,492.76,USD,Amazon,Southern Europe,CUST-6305,0
d3caae68,2026-09-01 16:24:00,Wallet,570.12,USD,Grocery Mart,Northern Europe,CUST-7463,0
f2a1d99f,2026-09-01 16:38:00,Card,259.34,USD,Pharmacy Plus,Eastern Europe,CUST-8984,0
43be258a,2026-09-01 16:40:00,ACH,273.19,USD,Amazon,Northern Europe,CUST-8122,0
4bbb3b73,2026-09-01 16:44:00,ACH,210.16,EUR,Electronics Hub,Western Europe,CUST-1261,0
0cc82cb3,2026-09-01 16:47:00,Wallet,44.66,EUR,Netflix,North America,CUST-6500,0
8a5f135e,2026-09-01 16:49:00,ACH,564.89,EUR,Shopify Store,Eastern Europe,CUST-8327,0
4e0242f7,2026-09-01 16:53:00,Card,631.96,EUR,GameStore,North America,CUST-2667,0
56d15fd9,2026-09-01 16:59:00,Wallet,705.34,USD,Shopify Store,Southern Europe,CUST-6078,0
6cb93f16,2026-09-01 17:05:00,Card,791.19,EUR,Uber,Northern Europe,CUST-9331,0
b923f668,2026-09-01 17:09:00,ACH,244.67,EUR,GameStore,North America,CUST-3095,0
ca1fcfa4,2026-09-01 17:11:00,Wallet,720.32,EUR,Electronics Hub,Northern Europe,CUST-2501,0
90f3bfb8,2026-09-01 17:13:00,Wallet,47.6,USD,Electronics Hub,Western Europe,CUST-2797,0
d4d32af1,2026-09-01 17:18:00,ACH,22.12,EUR,Pharmacy Plus,Southern Europe,CUST-5573,0
d7c3aed1,2026-09-01 17:28:00,Card,706.38,EUR,Amazon,Eastern Europe,CUST-4054,0
62078922,2026-09-01 17:52:00,ACH,29.51,USD,Electronics Hub,Eastern Europe,CUST-1352,0
c2adb297,2026-09-01 17:56:00,Card,765.16,USD,Netflix,Western Europe,CUST-1790,0
f2a499c9,2026-09-01 17:56:00,ACH,681.45,USD,Netflix,Western Europe,CUST-4910,0
13c05022,2026-09-01 18:01:00,Wallet,536.18,USD,Netflix,Northern Europe,CUST-6310,0
50a1f4ab,2026-09-01 18:13:00,ACH,784.53,USD,Local Coffee Shop,Southern Europe,CUST-9145,0
8ff5aab7,2026-09-01 18:18:00,ACH,321.15,USD,GameStore,Northern Europe,CUST-5553,0
b7128510,2026-09-01 18:30:00,Wallet,155.07,USD,Local Coffee Shop,North America,CUST-9195,0
072836ec,2026-09-01 18:31:00,ACH,701.6,EUR,Pharmacy Plus,North America,CUST-1623,0
39f81b44,2026-09-01 18:31:00,Wallet,258.87,EUR,Shopify Store,Western Europe,CUST-6280,0
79fb5a79,2026-09-01 18:33:00,Card,231.56,EUR,Spotify,Western Europe,CUST-5254,0
0413c8f0,2026-09-01 18:47:00,ACH,789.4,EUR,Amazon,North America,CUST-2133,0
41f14344,2026-09-01 18:55:00,Card,388.99,USD,Fashion Outlet,North America,CUST-1143,0
ef5e840d,2026-09-01 18:55:00,Wallet,45.69,USD,Travel Booking,Southern Europe,CUST-6387,0
ac2dcca6,2026-09-01 18:57:00,ACH,430.75,USD,GameStore,Eastern Europe,CUST-1745,0
e74d744c,2026-09-01 19:08:00,Card,101.67,EUR,GameStore,Southern Europe,CUST-5530,0
8291a2ed,2026-09-01 19:13:00,ACH,746.26,EUR,Fashion Outlet,Southern Europe,CUST-2239,0
4bed3679,2026-09-01 19:16:00,Card,418.63,EUR,GameStore,Southern Europe,CUST-5073,0
98995f38,2026-09-01 19:25:00,ACH,551.97,USD,Spotify,Western Europe,CUST-4167,0
bcf1cdd2,2026-09-01 19:34:00,Card,488.37,EUR,GameStore,Western Europe,CUST-4031,0
0256a068,2026-09-01 19:36:00,Card,89.89,USD,Grocery Mart,Western Europe,CUST-5578,0
d6db8811,2026-09-01 19:36:00,ACH,393.84,EUR,Pharmacy Plus,Northern Europe,CUST-9611,0
651ff33b,2026-09-01 19:42:00,Card,437.34,EUR,Pharmacy Plus,Eastern Europe,CUST-2372,0
682835e8,2026-09-01 19:43:00,ACH,437.73,EUR,Local Coffee Shop,Eastern Europe,CUST-5089,0
2bd19b32,2026-09-01 20:01:00,ACH,740.4,USD,Travel Booking,Eastern Europe,CUST-5077,0
e124f9d9,2026-09-01 20:08:00,Card,496.12,EUR,Amazon,North America,CUST-6251,0
63ff0914,2026-09-01 20:09:00,Card,577.84,EUR,Fashion Outlet,Southern Europe,CUST-1759,0
7842bb76,2026-09-01 20:18:00,Card,139.66,EUR,Netflix,Southern Europe,CUST-5434,0
085405a4,2026-09-01 20:18:00,ACH,399.35,USD,Local Coffee Shop,North America,CUST-4841,0
6c82bd3f,2026-09-01 20:26:00,ACH,500.9,EUR,Amazon,Northern Europe,CUST-6772,0
f6c3f528,2026-09-01 20:29:00,Card,328.57,EUR,Netflix,Northern Europe,CUST-5421,0
01ff66f8,2026-09-01 20:29:00,Card,792.6,USD,Uber,North America,CUST-7999,0
52d11387,2026-09-01 20:31:00,Wallet,272.69,USD,Amazon,Northern Europe,CUST-7492,0
09ec4629,2026-09-01 20:34:00,ACH,578.66,USD,Netflix,Northern Europe,CUST-3820,0
3ed9565e,2026-09-01 20:37:00,Card,231.63,EUR,Shopify Store,North America,CUST-2188,0
3227b4d1,2026-09-01 20:39:00,Card,94.53,USD,Fashion Outlet,Eastern Europe,CUST-7168,0
e3c0cf97,2026-09-01 20:44:00,Card,382.81,USD,Netflix,Western Europe,CUST-1712,0
c17bca9c,2026-09-01 20:46:00,Wallet,674.18,USD,Travel Booking,Western Europe,CUST-7345,0
3267b2f4,2026-09-01 20:47:00,Wallet,319.31,USD,Shopify Store,Eastern Europe,CUST-9527,0
02f1c4fe,2026-09-01 20:48:00,Card,31.75,USD,Fashion Outlet,Western Europe,CUST-8663,0
6ed0df38,2026-09-01 20:51:00,ACH,63.19,USD,Grocery Mart,Eastern Europe,CUST-4187,0
72204586,2026-09-01 21:01:00,Wallet,755.87,USD,Amazon,Eastern Europe,CUST-7767,0
72baad07,2026-09-01 21:01:00,Wallet,56.61,USD,Shopify Store,North America,CUST-1391,0
0f1b56fe,2026-09-01 21:08:00,ACH,351.02,USD,Uber,Western Europe,CUST-9451,0
a1b7a948,2026-09-01 21:08:00,Card,46.21,USD,GameStore,North America,CUST-2964,0
950c3f7f,2026-09-01 21:10:00,Card,28.16,EUR,Pharmacy Plus,Northern Europe,CUST-3422,0
da97c163,2026-09-01 21:12:00,Card,479.18,USD,Uber,Western Europe,CUST-5445,0
7dcfaefe,2026-09-01 21:20:00,ACH,265.11,EUR,Amazon,Northern Europe,CUST-3695,0
f3017544,2026-09-01 21:37:00,ACH,134.57,USD,Shopify Store,North America,CUST-2232,0
aade0977,2026-09-01 21:44:00,Card,636.48,EUR,Uber,Southern Europe,CUST-9297,0
dfe98bf9,2026-09-01 21:49:00,Card,309.2,USD,Travel Booking,North America,CUST-8623,0
43b55045,2026-09-01 21:50:00,Wallet,156.99,USD,Fashion Outlet,Southern Europe,CUST-4457,0
5a7b1155,2026-09-01 21:57:00,ACH,50.59,USD,Shopify Store,Eastern Europe,CUST-9400,0
e3e44aac,2026-09-01 22:04:00,Wallet,43.98,USD,Travel Booking,Western Europe,CUST-9996,0
4fade8cb,2026-09-01 22:16:00,Card,33.35,USD,Electronics Hub,Eastern Europe,CUST-7565,0
2aa1887d,2026-09-01 22:21:00,ACH,343.69,EUR,Pharmacy Plus,Southern Europe,CUST-4303,0
bc0dc00c,2026-09-01 22:22:00,Wallet,475.49,EUR,Amazon,Northern Europe,CUST-7240,0
4a10f6c8,2026-09-01 22:32:00,ACH,592.54,USD,Local Coffee Shop,Northern Europe,CUST-7997,0
23215211,2026-09-01 22:37:00,ACH,635.43,EUR,Fashion Outlet,North America,CUST-5172,0
53f151b2,2026-09-01 22:53:00,ACH,156.71,EUR,Fashion Outlet,North America,CUST-5392,0
d2d612cb,2026-09-01 22:57:00,ACH,725.01,USD,Netflix,Northern Europe,CUST-5519,0
edd65c31,2026-09-01 23:09:00,Card,437.6,USD,Electronics Hub,Northern Europe,CUST-2963,0
320af6f8,2026-09-01 23:10:00,Card,784.73,USD,Spotify,Southern Europe,CUST-5792,0
3c1d704b,2026-09-01 23:12:00,Wallet,489.81,EUR,Electronics Hub,Southern Europe,CUST-1703,0
92a463ad,2026-09-01 23:13:00,Wallet,201.04,EUR,Uber,Eastern Europe,CUST-8607,0
8ff9ffb1,2026-09-01 23:13:00,Wallet,645.27,EUR,GameStore,Western Europe,CUST-2429,0
a1dc4a5d,2026-09-01 23:16:00,ACH,485.52,EUR,Grocery Mart,Southern Europe,CUST-1217,0
1c1ab070,2026-09-01 23:19:00,Card,371.04,USD,Shopify Store,Northern Europe,CUST-4116,0
47cc862f,2026-09-01 23:25:00,ACH,519.52,EUR,Pharmacy Plus,Western Europe,CUST-7108,0
45328edb,2026-09-01 23:33:00,Card,59.33,USD,Shopify Store,Eastern Europe,CUST-6553,0
c3cf2bb8,2026-09-01 23:37:00,Card,208.9,EUR,Shopify Store,North America,CUST-1279,0
b47847f2,2026-09-01 23:44:00,Card,288.69,EUR,Netflix,Eastern Europe,CUST-3053,0
8232391f,2026-09-02 00:01:00,ACH,253.05,EUR,GameStore,Eastern Europe,CUST-4805,0
31cc94a4,2026-09-02 00:08:00,Wallet,731.41,USD,Local Coffee Shop,Western Europe,CUST-5783,0
82df9426,2026-09-02 00:09:00,Wallet,354.78,EUR,Travel Booking,Northern Europe,CUST-7035,0
19363cc5,2026-09-02 00:09:00,ACH,182.53,EUR,Pharmacy Plus,Southern Europe,CUST-7625,0
54e27df6,2026-09-02 00:11:00,Card,304.06,USD,GameStore,Northern Europe,CUST-7428,0
2ae321e1,2026-09-02 00:14:00,Card,722.4,USD,Fashion Outlet,Eastern Europe,CUST-3106,0
fa2fda17,2026-09-02 00:14:00,Card,39.99,EUR,Electronics Hub,Northern Europe,CUST-5880,0
de0b165f,2026-09-02 00:14:00,ACH,554.74,USD,Uber,Northern Europe,CUST-7611,0
73b24eaf,2026-09-02 00:22:00,Card,344.26,USD,Fashion Outlet,Western Europe,CUST-4851,0
72978dc2,2026-09-02 00:22:00,ACH,647.98,EUR,Pharmacy Plus,Northern Europe,CUST-1794,0
890420c3,2026-09-02 00:24:00,ACH,55.74,USD,Local Coffee Shop,Western Europe,CUST-6195,0
ec3b14db,2026-09-02 00:30:00,ACH,303.27,USD,Travel Booking,North America,CUST-1865,0
ceb2c44d,2026-09-02 00:45:00,ACH,56.64,USD,Netflix,North America,CUST-7880,0
61432439,2026-09-02 00:51:00,Wallet,614.73,EUR,Travel Booking,North America,CUST-7681,0
74d4a121,2026-09-02 00:56:00,ACH,736.01,EUR,Netflix,North America,CUST-4702,0
c08f315f,2026-09-02 00:58:00,Card,744.53,USD,Fashion Outlet,North America,CUST-2741,0
8f1f37af,2026-09-02 00:58:00,Wallet,578.98,EUR,Fashion Outlet,North America,CUST-3500,0
ed85c8a6,2026-09-02 01:05:00,Card,259.77,EUR,Fashion Outlet,Eastern Europe,CUST-7905,0
014c3140,2026-09-02 01:11:00,Card,755.5,EUR,Uber,Western Europe,CUST-9556,0
e2c0d08f,2026-09-02 01:13:00,ACH,490.87,USD,Fashion Outlet,North America,CUST-4994,0
a5b6d390,2026-09-02 01:24:00,Wallet,618.87,EUR,Netflix,Eastern Europe,CUST-2016,0
a548e900,2026-09-02 01:30:00,Card,426.15,EUR,Netflix,Northern Europe,CUST-9595,0
c882f24e,2026-09-02 01:30:00,ACH,447.81,USD,Uber,Northern Europe,CUST-7409,0
5c64941e,2026-09-02 01:41:00,Wallet,159.72,EUR,Pharmacy Plus,Eastern Europe,CUST-6959,0
93002a67,2026-09-02 01:42:00,Card,445.52,EUR,Shopify Store,North America,CUST-8459,0
e13d0db8,2026-09-02 01:49:00,ACH,522.24,EUR,Pharmacy Plus,North America,CUST-7050,0
3c76db06,2026-09-02 02:05:00,ACH,451.87,USD,Spotify,Northern Europe,CUST-1955,0
cc448f76,2026-09-02 02:07:00,Wallet,598.91,USD,Amazon,Northern Europe,CUST-8897,0
c15b5234,2026-09-02 02:12:00,Wallet,259.65,EUR,GameStore,Western Europe,CUST-1510,0
422e38ba,2026-09-02 02:16:00,ACH,660.46,EUR,Uber,North America,CUST-5838,0
6aca251b,2026-09-02 02:17:00,Card,270.4,EUR,GameStore,Eastern Europe,CUST-1144,0
edf9e67e,2026-09-02 02:18:00,ACH,594.84,USD,Grocery Mart,Western Europe,CUST-1666,0
9df83813,2026-09-02 02:26:00,ACH,231.53,EUR,Travel Booking,Western Europe,CUST-5276,0
ebb92654,2026-09-02 02:55:00,Card,497.52,EUR,Netflix,Northern Europe,CUST-3500,0
6f539a33,2026-09-02 02:59:00,Wallet,52.85,USD,Fashion Outlet,Western Europe,CUST-2976,0
b1256d5e,2026-09-02 03:06:00,Wallet,58.99,USD,Pharmacy Plus,North America,CUST-3637,0
e4e5aea2,2026-09-02 03:07:00,Card,99.29,USD,Spotify,Eastern Europe,CUST-6280,0
ae00476f,2026-09-02 03:18:00,Card,237.75,EUR,Fashion Outlet,North America,CUST-9402,0
a6d734f1,2026-09-02 03:24:00,ACH,123.39,USD,Travel Booking,Eastern Europe,CUST-6421,0
34b87ed5,2026-09-02 03:36:00,Card,652.03,USD,Netflix,Northern Europe,CUST-5900,0
69ad497a,2026-09-02 03:36:00,Wallet,790.65,EUR,Shopify Store,North America,CUST-1037,0
7e0b4db7,2026-09-02 03:41:00,Wallet,450.18,EUR,Spotify,North America,CUST-7959,0
8fa2366b,2026-09-02 03:49:00,Wallet,788.43,USD,Local Coffee Shop,Northern Europe,CUST-8863,0
1050e385,2026-09-02 03:56:00,ACH,112.26,EUR,Uber,Northern Europe,CUST-3166,0
b32877ae,2026-09-02 03:56:00,Wallet,416.56,EUR,GameStore,Northern Europe,CUST-5759,0
b8aa25d4,2026-09-02 04:03:00,Card,376.33,EUR,Fashion Outlet,North America,CUST-5033,0
07285391,2026-09-02 04:08:00,ACH,70.14,EUR,Travel Booking,Northern Europe,CUST-3475,0
d8f7fdf0,2026-09-02 04:10:00,ACH,213.1,USD,Local Coffee Shop,Eastern Europe,CUST-2327,0
3f0cb367,2026-09-02 04:19:00,Wallet,103.01,USD,Shopify Store,Northern Europe,CUST-6631,0
234a17dc,2026-09-02 04:21:00,Wallet,195.78,EUR,Local Coffee Shop,Western Europe,CUST-9580,0
03ae4532,2026-09-02 04:21:00,Wallet,435.51,USD,Spotify,Western Europe,CUST-4007,0
f4733132,2026-09-02 04:22:00,ACH,776.88,EUR,GameStore,Eastern Europe,CUST-8202,1
1c99ded4,2026-09-02 04:23:00,ACH,36.39,EUR,Pharmacy Plus,Eastern Europe,CUST-8839,0
4063f50a,2026-09-02 04:28:00,ACH,642.53,EUR,Amazon,North America,CUST-1359,0
45411e81,2026-09-02 04:28:00,Card,654.8,USD,Electronics Hub,Southern Europe,CUST-2711,0
9fff2328,2026-09-02 04:29:00,Card,639.1,EUR,Travel Booking,Eastern Europe,CUST-7078,0
346830b5,2026-09-02 04:40:00,Card,361.66,EUR,Local Coffee Shop,Northern Europe,CUST-3537,0
0bcc0b59,2026-09-02 04:52:00,Wallet,764.29,USD,Electronics Hub,Northern Europe,CUST-1208,0
7f736f0d,2026-09-02 04:58:00,Wallet,361.46,EUR,Amazon,Western Europe,CUST-3163,0
3567265f,2026-09-02 05:05:00,Card,272.46,USD,Electronics Hub,Southern Europe,CUST-9767,0
64298f83,2026-09-02 05:07:00,Wallet,761.72,EUR,Local Coffee Shop,Western Europe,CUST-3726,0
e04732c7,2026-09-02 05:13:00,ACH,788.02,EUR,Uber,Southern Europe,CUST-1760,0
8bea5c8a,2026-09-02 05:48:00,Wallet,82.25,USD,Netflix,Western Europe,CUST-2199,0
32895899,2026-09-02 05:49:00,Card,771.08,EUR,Electronics Hub,North America,CUST-8690,0
9383d5ff,2026-09-02 05:50:00,Card,597.43,USD,Travel Booking,Northern Europe,CUST-4106,0
24fee086,2026-09-02 05:50:00,ACH,324.03,EUR,Netflix,North America,CUST-7294,0
63b8473d,2026-09-02 05:51:00,ACH,607.06,USD,Local Coffee Shop,North America,CUST-8685,0
2d954977,2026-09-02 05:57:00,Card,437.45,USD,Netflix,North America,CUST-8917,0
d98b3ea1,2026-09-02 06:08:00,Card,310.69,EUR,Amazon,North America,CUST-9095,0
d6216a00,2026-09-02 06:11:00,Wallet,587.64,EUR,Spotify,Northern Europe,CUST-7449,0
4d59d16e,2026-09-02 06:30:00,Card,100.02,EUR,Pharmacy Plus,Southern Europe,CUST-1475,0
b0163535,2026-09-02 06:40:00,Wallet,684.22,EUR,Uber,North America,CUST-7134,0
27f39fa1,2026-09-02 06:43:00,Wallet,43.27,USD,Amazon,Eastern Europe,CUST-6605,0
053068e0,2026-09-02 07:03:00,ACH,646.98,USD,Fashion Outlet,Western Europe,CUST-9770,0
090bbe42,2026-09-02 07:03:00,ACH,473.52,USD,Spotify,Eastern Europe,CUST-5624,0
f06c76bb,2026-09-02 07:05:00,Card,652.78,USD,Local Coffee Shop,North America,CUST-4264,0
129810b6,2026-09-02 07:09:00,Wallet,636.69,EUR,Local Coffee Shop,Western Europe,CUST-2290,0
3c958f88,2026-09-02 07:12:00,Card,694.14,EUR,Netflix,Western Europe,CUST-5895,0
4212ee7c,2026-09-02 07:13:00,Card,734.18,USD,Grocery Mart,Northern Europe,CUST-9204,0
ad8da3de,2026-09-02 07:17:00,Card,610.28,USD,Fashion Outlet,Western Europe,CUST-6088,0
8f147a74,2026-09-02 07:20:00,Card,536.57,USD,Amazon,Eastern Europe,CUST-8214,0
1dc859c4,2026-09-02 07:21:00,Card,41.41,EUR,Electronics Hub,Western Europe,CUST-8546,0
11730adf,2026-09-02 07:30:00,Card,185.71,USD,Grocery Mart,North America,CUST-2828,0
21285103,2026-09-02 07:30:00,Wallet,443.82,USD,Netflix,Eastern Europe,CUST-3781,0
75d70918,2026-09-02 07:31:00,Wallet,721.19,EUR,Shopify Store,Western Europe,CUST-2819,0
f9b9f39c,2026-09-02 07:35:00,Wallet,252.31,USD,Netflix,Eastern Europe,CUST-6563,0
29812daa,2026-09-02 07:37:00,Wallet,369.37,USD,Electronics Hub,Eastern Europe,CUST-8128,0
7dcd2f7f,2026-09-02 07:42:00,Card,352.67,USD,Spotify,Northern Europe,CUST-5365,0
4eb3fdea,2026-09-02 07:51:00,Card,779.46,EUR,Travel Booking,Eastern Europe,CUST-6604,0
b65e754b,2026-09-02 07:56:00,Wallet,137.4,USD,Travel Booking,Southern Europe,CUST-3212,0
cd97edb2,2026-09-02 08:03:00,Wallet,427.45,USD,Travel Booking,Western Europe,CUST-3484,0
8015ecb1,2026-09-02 08:07:00,Card,226.43,USD,Fashion Outlet,Western Europe,CUST-2079,0
35562394,2026-09-02 08:09:00,Card,558.69,USD,Spotify,Western Europe,CUST-9478,0
436c06b3,2026-09-02 08:15:00,Card,432.9,EUR,Shopify Store,Western Europe,CUST-7482,0
43001dae,2026-09-02 08:16:00,Card,495.61,USD,Fashion Outlet,North America,CUST-1799,0
d92a8568,2026-09-02 08:27:00,Wallet,350.62,EUR,Pharmacy Plus,Eastern Europe,CUST-9775,0
dd3de365,2026-09-02 08:30:00,ACH,202.41,USD,Local Coffee Shop,Eastern Europe,CUST-7356,0
bb79d389,2026-09-02 08:58:00,Wallet,355.03,USD,Electronics Hub,Northern Europe,CUST-5703,0
bb3ef303,2026-09-02 09:11:00,ACH,258.68,EUR,Local Coffee Shop,Northern Europe,CUST-1114,0
5ec28479,2026-09-02 09:25:00,Wallet,529.84,USD,Amazon,Western Europe,CUST-9933,0
c43325d2,2026-09-02 09:39:00,Card,91.26,EUR,Grocery Mart,Northern Europe,CUST-1557,0
6b157d1d,2026-09-02 09:41:00,ACH,76.21,USD,Uber,Western Europe,CUST-1122,0
d56225e7,2026-09-02 09:43:00,Card,141.09,EUR,Pharmacy Plus,Northern Europe,CUST-1889,0
49e16a63,2026-09-02 09:45:00,ACH,232.35,EUR,Grocery Mart,Eastern Europe,CUST-1187,0
0357bd83,2026-09-02 09:49:00,Wallet,491.99,USD,Uber,Eastern Europe,CUST-2843,0
ae61a0ff,2026-09-02 09:57:00,ACH,11.24,EUR,Amazon,Western Europe,CUST-2693,0
ff5e186b,2026-09-02 10:04:00,Wallet,529.5,USD,Fashion Outlet,North America,CUST-7250,0
6421c9ff,2026-09-02 10:07:00,Card,95.79,USD,Pharmacy Plus,North America,CUST-9010,0
953e2fb6,2026-09-02 10:16:00,Wallet,464.41,USD,Spotify,Northern Europe,CUST-7766,0
583d4be6,2026-09-02 10:17:00,Wallet,109.01,USD,Electronics Hub,Southern Europe,CUST-5070,0
61ceef9b,2026-09-02 10:36:00,ACH,1037.88,USD,Spotify,Western Europe,CUST-1812,1
23bfbd7e,2026-09-02 10:42:00,Card,292.99,USD,Netflix,Western Europe,CUST-9369,0
ff02d67e,2026-09-02 11:01:00,Card,667.28,USD,GameStore,Western Europe,CUST-6874,0
b745cec5,2026-09-02 11:16:00,Wallet,354.61,USD,Shopify Store,Eastern Europe,CUST-5071,0
a2d452c0,2026-09-02 11:19:00,Wallet,661.63,USD,Amazon,Eastern Europe,CUST-6513,0
95af68a5,2026-09-02 11:20:00,ACH,142.91,USD,Fashion Outlet,Southern Europe,CUST-7447,0
472e7c28,2026-09-02 11:25:00,Card,695.02,EUR,Netflix,Western Europe,CUST-2087,0
e5f8418e,2026-09-02 11:40:00,ACH,432.12,USD,Netflix,Southern Europe,CUST-2171,0
b9e30d6a,2026-09-02 11:43:00,Card,295.45,EUR,Electronics Hub,Western Europe,CUST-3390,0
ded5fa46,2026-09-02 11:49:00,Wallet,401.05,USD,Local Coffee Shop,Northern Europe,CUST-4477,0
ff4a90e2,2026-09-02 12:02:00,Card,204.39,USD,Uber,Western Europe,CUST-7895,0
d83f933f,2026-09-02 12:11:00,ACH,82.5,USD,Amazon,Western Europe,CUST-7491,0
744fd90c,2026-09-02 12:34:00,Wallet,646.44,USD,Electronics Hub,Southern Europe,CUST-6198,0
656b6016,2026-09-02 12:38:00,Wallet,598.32,USD,Uber,Eastern Europe,CUST-7129,0
c6d86fe6,2026-09-02 12:39:00,Card,241.97,EUR,Uber,Northern Europe,CUST-5773,0
e1f300aa,2026-09-02 12:44:00,ACH,690.51,EUR,Netflix,Southern Europe,CUST-5104,0
5f66d78e,2026-09-02 12:47:00,ACH,638.67,EUR,Pharmacy Plus,North America,CUST-6361,0
7fca8653,2026-09-02 12:48:00,ACH,454.35,EUR,Electronics Hub,Southern Europe,CUST-7227,0
b9299a37,2026-09-02 12:49:00,Card,236.88,EUR,Electronics Hub,Western Europe,CUST-3609,0
8bd6443e,2026-09-02 12:50:00,Card,772.33,USD,Travel Booking,Southern Europe,CUST-6791,0
97b52ce7,2026-09-02 12:58:00,Wallet,576.39,EUR,Travel Booking,Eastern Europe,CUST-9749,0
814a4b70,2026-09-02 12:58:00,ACH,351.1,EUR,Local Coffee Shop,North America,CUST-8713,0
8e0bf3fd,2026-09-02 13:00:00,Card,665.51,EUR,Travel Booking,North America,CUST-8885,0
3575cf2c,2026-09-02 13:04:00,ACH,707.49,USD,Grocery Mart,Western Europe,CUST-9082,0
4f579e5f,2026-09-02 13:14:00,Wallet,508.76,EUR,Amazon,Eastern Europe,CUST-7626,0
5b0ee431,2026-09-02 13:19:00,Wallet,38.68,USD,Spotify,Western Europe,CUST-2150,0
1ec8d9ac,2026-09-02 13:26:00,Wallet,250.89,EUR,Electronics Hub,Northern Europe,CUST-8160,0
5961b6c9,2026-09-02 13:28:00,ACH,309.02,USD,Netflix,Western Europe,CUST-4264,0
bb9e8739,2026-09-02 13:51:00,Wallet,381.58,USD,Pharmacy Plus,Eastern Europe,CUST-4736,0
11cb5308,2026-09-02 13:52:00,Wallet,9.84,USD,Shopify Store,North America,CUST-1599,0
ac307647,2026-09-02 13:56:00,Card,764.58,EUR,Pharmacy Plus,Southern Europe,CUST-1944,0
6b425d19,2026-09-02 14:01:00,Card,170.15,USD,Local Coffee Shop,Western Europe,CUST-5449,0
d34a35b6,2026-09-02 14:06:00,Card,661.73,USD,Uber,Southern Europe,CUST-4667,0
1c71264f,2026-09-02 14:26:00,Wallet,344.48,EUR,Fashion Outlet,Northern Europe,CUST-2351,0
8d6fc197,2026-09-02 14:27:00,Wallet,452.56,USD,Fashion Outlet,Eastern Europe,CUST-3093,0
344888d4,2026-09-02 14:34:00,ACH,28.34,USD,Uber,Southern Europe,CUST-1383,0
1e89c14a,2026-09-02 15:09:00,Card,559.24,USD,Electronics Hub,Western Europe,CUST-4265,0
4ecdeb62,2026-09-02 15:12:00,ACH,494.25,USD,Grocery Mart,Southern Europe,CUST-8350,0
899514a4,2026-09-02 15:16:00,Wallet,474.14,USD,GameStore,Northern Europe,CUST-6410,0
de420ef9,2026-09-02 15:17:00,Wallet,132.7,USD,Travel Booking,Western Europe,CUST-4394,0
00697f3a,2026-09-02 15:21:00,Wallet,435.27,USD,Amazon,Northern Europe,CUST-8435,0
03fb3e46,2026-09-02 15:41:00,Wallet,314.22,USD,Shopify Store,Southern Europe,CUST-9900,0
b69f4b81,2026-09-02 15:41:00,ACH,134.74,USD,Amazon,North America,CUST-5175,0
eb697992,2026-09-02 15:44:00,Wallet,653.54,EUR,Grocery Mart,Western Europe,CUST-9454,0
43d9902c,2026-09-02 15:52:00,Card,492.26,EUR,Shopify Store,North America,CUST-1465,0
5c1b268e,2026-09-02 16:00:00,ACH,164.84,EUR,Grocery Mart,Eastern Europe,CUST-3158,0
e97f87dc,2026-09-02 16:01:00,Card,195.41,EUR,Electronics Hub,Northern Europe,CUST-7426,0
c91072bf,2026-09-02 16:21:00,Wallet,159.0,USD,Spotify,Northern Europe,CUST-2062,0
78b5b2e0,2026-09-02 16:27:00,Wallet,673.28,EUR,Uber,Northern Europe,CUST-1321,0
9e35cad2,2026-09-02 16:29:00,ACH,225.2,USD,Travel Booking,North America,CUST-8921,0
a5823ed4,2026-09-02 16:31:00,ACH,443.57,USD,Travel Booking,North America,CUST-2069,0
131a5b24,2026-09-02 16:35:00,ACH,59.33,USD,Electronics Hub,Southern Europe,CUST-3080,0
7ea0ad5e,2026-09-02 16:49:00,Wallet,670.96,EUR,Grocery Mart,North America,CUST-8651,0
e31ea347,2026-09-02 16:51:00,Wallet,89.38,USD,Amazon,Southern Europe,CUST-5027,0
55cb6d95,2026-09-02 16:57:00,Wallet,469.17,EUR,Grocery Mart,North America,CUST-5370,0
fb332dea,2026-09-02 17:02:00,Wallet,392.13,USD,Netflix,Western Europe,CUST-3306,0
60fb9e48,2026-09-02 17:04:00,ACH,388.7,EUR,Netflix,Western Europe,CUST-1355,0
abbb4a56,2026-09-02 17:17:00,Wallet,115.06,USD,Travel Booking,North America,CUST-6355,0
16199454,2026-09-02 17:18:00,Wallet,275.91,EUR,GameStore,Southern Europe,CUST-4084,0
85eb4d38,2026-09-02 17:29:00,Wallet,264.65,USD,Amazon,Western Europe,CUST-1056,0
433e0c5d,2026-09-02 17:33:00,ACH,83.22,USD,Spotify,Eastern Europe,CUST-9730,0
6700303d,2026-09-02 17:40:00,Wallet,257.01,USD,Amazon,Southern Europe,CUST-4880,0
a91ab2d3,2026-09-02 17:45:00,Wallet,710.78,EUR,Amazon,Southern Europe,CUST-9492,0
c69ab7f9,2026-09-02 17:45:00,ACH,746.55,USD,Travel Booking,Eastern Europe,CUST-5649,0
decba69c,2026-09-02 17:49:00,Wallet,50.43,USD,Amazon,North America,CUST-4222,0
d2a06a93,2026-09-02 17:51:00,ACH,776.67,EUR,Pharmacy Plus,Eastern Europe,CUST-7031,0
3a72996a,2026-09-02 18:05:00,Wallet,148.41,EUR,Uber,Western Europe,CUST-1339,0
6501548d,2026-09-02 18:15:00,ACH,452.55,USD,Uber,Eastern Europe,CUST-5078,0
efdb5366,2026-09-02 18:17:00,Card,64.94,USD,Pharmacy Plus,Southern Europe,CUST-7167,0
77e28176,2026-09-02 18:18:00,Wallet,651.86,USD,Electronics Hub,Northern Europe,CUST-1652,0
49d3e419,2026-09-02 18:20:00,Card,105.85,USD,Fashion Outlet,Southern Europe,CUST-6106,0
9f9c3df9,2026-09-02 18:31:00,Wallet,434.71,USD,GameStore,Western Europe,CUST-3372,0
95b62acb,2026-09-02 18:39:00,Wallet,559.97,EUR,Pharmacy Plus,Northern Europe,CUST-4116,0
5e031664,2026-09-02 18:39:00,Wallet,174.11,EUR,Travel Booking,Northern Europe,CUST-5834,0
5356c970,2026-09-02 18:41:00,Wallet,519.51,USD,Fashion Outlet,Eastern Europe,CUST-6112,0
a1cc6973,2026-09-02 18:53:00,Wallet,254.1,EUR,Uber,Eastern Europe,CUST-2761,0
91ac37cd,2026-09-02 18:54:00,ACH,97.31,USD,Local Coffee Shop,North America,CUST-7776,0
5cd8f291,2026-09-02 19:08:00,ACH,432.23,USD,Travel Booking,Northern Europe,CUST-7450,0
02d8fb1b,2026-09-02 19:28:00,Wallet,780.86,USD,Grocery Mart,Southern Europe,CUST-3113,0
43d82b29,2026-09-02 19:29:00,Card,252.19,EUR,Fashion Outlet,Southern Europe,CUST-2697,0
59688d0a,2026-09-02 19:34:00,Card,731.75,USD,Netflix,Northern Europe,CUST-6765,0
7d04d31f,2026-09-02 19:39:00,Card,576.98,USD,Uber,Southern Europe,CUST-1689,0
dc6ba37e,2026-09-02 19:43:00,Card,50.07,EUR,Uber,Southern Europe,CUST-4772,0
1427a968,2026-09-02 19:46:00,Card,507.63,EUR,Electronics Hub,Southern Europe,CUST-7245,0
eef7e773,2026-09-02 20:08:00,ACH,534.01,USD,Spotify,Southern Europe,CUST-2223,0
70f196b9,2026-09-02 20:14:00,Card,514.53,USD,Electronics Hub,North America,CUST-5657,0
c4cae0e3,2026-09-02 20:19:00,Wallet,198.15,EUR,Amazon,Southern Europe,CUST-3631,0
863f18a4,2026-09-02 20:23:00,ACH,278.07,USD,Spotify,Northern Europe,CUST-7928,0
18f023be,2026-09-02 20:23:00,ACH,118.71,USD,Travel Booking,Northern Europe,CUST-2466,0
5cfd5c4f,2026-09-02 20:29:00,Card,536.57,EUR,Pharmacy Plus,Western Europe,CUST-7471,0
c12d33a1,2026-09-02 20:41:00,Wallet,240.61,EUR,GameStore,North America,CUST-5167,0
1d59f4bf,2026-09-02 20:44:00,Card,486.14,EUR,Electronics Hub,Southern Europe,CUST-4799,0
5da073bf,2026-09-02 20:46:00,Wallet,300.38,EUR,Netflix,North America,CUST-2354,0
1cd2c0cb,2026-09-02 20:49:00,ACH,433.49,EUR,Electronics Hub,North America,CUST-4379,0
e96ba490,2026-09-02 20:49:00,Wallet,169.78,EUR,Amazon,Northern Europe,CUST-2789,0
366f7f99,2026-09-02 20:51:00,ACH,782.31,USD,Netflix,Eastern Europe,CUST-9246,0
dd3e3ce1,2026-09-02 20:51:00,Wallet,735.29,EUR,Spotify,Southern Europe,CUST-5058,0
e526b665,2026-09-02 20:57:00,Wallet,798.02,USD,Pharmacy Plus,Western Europe,CUST-8839,0
059a3d9e,2026-09-02 21:14:00,Card,400.65,USD,Uber,North America,CUST-9703,0
455093c2,2026-09-02 21:15:00,ACH,410.7,USD,Grocery Mart,Southern Europe,CUST-6060,0
15873aa2,2026-09-02 21:20:00,Card,733.09,EUR,Spotify,North America,CUST-1121,0
48c2a53f,2026-09-02 21:26:00,ACH,321.78,USD,Spotify,Western Europe,CUST-7864,0
edb51f93,2026-09-02 21:39:00,Wallet,712.51,EUR,Local Coffee Shop,Eastern Europe,CUST-6329,0
ff70c520,2026-09-02 21:40:00,Wallet,204.37,EUR,Netflix,Southern Europe,CUST-6961,0
791a4ab7,2026-09-02 21:47:00,Wallet,739.86,EUR,Amazon,Northern Europe,CUST-8849,0
8106655e,2026-09-02 21:50:00,Wallet,315.89,USD,Local Coffee Shop,Northern Europe,CUST-5524,0
79389c35,2026-09-02 21:52:00,Card,515.34,EUR,Spotify,Southern Europe,CUST-3761,0
1ba56768,2026-09-02 21:56:00,Card,666.6,EUR,GameStore,Northern Europe,CUST-2778,0
86dd1ac9,2026-09-02 21:59:00,ACH,257.49,EUR,Shopify Store,Southern Europe,CUST-5711,0
ffdeac53,2026-09-02 22:00:00,ACH,534.57,USD,Local Coffee Shop,Eastern Europe,CUST-8828,0
ec773ca2,2026-09-02 22:03:00,ACH,350.22,EUR,Uber,Southern Europe,CUST-1637,0
da28ec30,2026-09-02 22:06:00,Wallet,1810.73,EUR,Spotify,Eastern Europe,CUST-8975,1
5269f367,2026-09-02 22:10:00,Wallet,644.28,USD,Uber,Western Europe,CUST-2098,0
6a50beaf,2026-09-02 22:10:00,Card,378.65,EUR,Shopify Store,North America,CUST-5158,0
31fc2f05,2026-09-02 22:12:00,Card,684.88,EUR,Netflix,Western Europe,CUST-6997,0
2bfdf1b9,2026-09-02 22:22:00,ACH,253.78,EUR,Amazon,Western Europe,CUST-4754,0
112102a8,2026-09-02 22:32:00,ACH,628.97,EUR,Amazon,Eastern Europe,CUST-1870,0
a0e57138,2026-09-02 22:41:00,ACH,745.75,EUR,Shopify Store,Southern Europe,CUST-6252,0
f5066dc9,2026-09-02 23:12:00,Card,708.69,EUR,Travel Booking,Northern Europe,CUST-5029,0
a07a4309,2026-09-02 23:16:00,ACH,787.73,EUR,Electronics Hub,Southern Europe,CUST-9463,0
00510ff1,2026-09-02 23:20:00,ACH,434.2,USD,Netflix,Southern Europe,CUST-3267,0
e502b6d1,2026-09-02 23:23:00,Card,193.48,USD,Netflix,Western Europe,CUST-1049,0
acdc4e1a,2026-09-02 23:26:00,Wallet,227.49,USD,Uber,Southern Europe,CUST-2028,0
701afa79,2026-09-02 23:29:00,Wallet,258.39,EUR,Travel Booking,North America,CUST-2282,0
473bec3f,2026-09-02 23:39:00,Card,339.44,USD,Grocery Mart,Western Europe,CUST-7783,0
f9500724,2026-09-02 23:47:00,Card,368.99,EUR,Uber,Northern Europe,CUST-7484,0
ca291688,2026-09-02 23:50:00,Card,374.11,USD,Travel Booking,North America,CUST-4903,0
9c66d201,2026-09-02 23:56:00,ACH,160.15,USD,Pharmacy Plus,Southern Europe,CUST-9111,0
0b64aa96,2026-09-03 00:06:00,ACH,296.23,EUR,GameStore,Northern Europe,CUST-6017,0
e725dfda,2026-09-03 00:10:00,Wallet,298.72,EUR,Travel Booking,Southern Europe,CUST-5210,0
9c1d0d60,2026-09-03 00:12:00,Wallet,698.37,USD,Uber,Eastern Europe,CUST-7148,0
6a4ddb7d,2026-09-03 00:19:00,Wallet,601.81,EUR,Travel Booking,Western Europe,CUST-5273,0
92b61319,2026-09-03 00:19:00,Card,686.43,USD,Fashion Outlet,Southern Europe,CUST-3929,0
ad89cba5,2026-09-03 00:23:00,Card,64.84,EUR,Pharmacy Plus,Northern Europe,CUST-9443,0
9dcae322,2026-09-03 00:27:00,Card,248.68,EUR,Travel Booking,Western Europe,CUST-4554,0
1c394c30,2026-09-03 00:29:00,ACH,349.7,EUR,Netflix,Southern Europe,CUST-5247,0
f16fbce2,2026-09-03 00:38:00,Card,358.45,EUR,Grocery Mart,Northern Europe,CUST-4886,0
8d38f4de,2026-09-03 00:54:00,Wallet,736.91,USD,Local Coffee Shop,Northern Europe,CUST-2736,0
8885f46a,2026-09-03 00:58:00,Wallet,320.97,USD,Pharmacy Plus,Northern Europe,CUST-2306,0
4dd2e3e6,2026-09-03 01:02:00,ACH,600.44,USD,Fashion Outlet,Western Europe,CUST-4033,0
f3bb0bcc,2026-09-03 01:04:00,Wallet,439.2,USD,Uber,North America,CUST-8111,0
2d52b7e6,2026-09-03 01:12:00,ACH,721.99,USD,Local Coffee Shop,Northern Europe,CUST-9035,0
2125c4b4,2026-09-03 01:14:00,Wallet,13.93,USD,Netflix,North America,CUST-9934,0
7839343e,2026-09-03 01:19:00,ACH,680.33,EUR,Grocery Mart,Southern Europe,CUST-9492,0
cbbebb2a,2026-09-03 01:28:00,ACH,54.89,EUR,Fashion Outlet,Northern Europe,CUST-1371,0
5aab1c90,2026-09-03 01:31:00,ACH,372.91,USD,Fashion Outlet,Western Europe,CUST-6459,0
e04fcefa,2026-09-03 01:39:00,ACH,616.67,EUR,GameStore,Eastern Europe,CUST-3881,0
fc84f04f,2026-09-03 01:49:00,Wallet,54.87,EUR,Grocery Mart,Southern Europe,CUST-9959,0
a54cc9e8,2026-09-03 01:49:00,Wallet,154.87,USD,Uber,North America,CUST-5815,0
2f7427ad,2026-09-03 01:57:00,Wallet,1986.31,USD,Spotify,Eastern Europe,CUST-8915,1
3eef350c,2026-09-03 02:12:00,Wallet,750.33,USD,Travel Booking,Western Europe,CUST-9895,0
c7e7d0db,2026-09-03 02:12:00,Card,208.57,USD,Pharmacy Plus,Northern Europe,CUST-9481,0
64d32a15,2026-09-03 02:20:00,Card,608.26,USD,Spotify,Eastern Europe,CUST-7635,0
47483eb4,2026-09-03 02:29:00,Wallet,659.14,EUR,Uber,Eastern Europe,CUST-7612,0
f294944e,2026-09-03 02:35:00,Card,539.29,EUR,Spotify,Northern Europe,CUST-9142,0
9ae55f0a,2026-09-03 02:39:00,Wallet,13.54,EUR,Electronics Hub,Eastern Europe,CUST-1908,0
2e115ce0,2026-09-03 02:41:00,Wallet,105.25,USD,Electronics Hub,Eastern Europe,CUST-9443,0
8e8ddd6a,2026-09-03 02:46:00,ACH,298.12,USD,Shopify Store,North America,CUST-5140,0
4a048087,2026-09-03 02:52:00,Wallet,223.51,USD,Amazon,North America,CUST-2019,0
057d7916,2026-09-03 02:53:00,ACH,189.17,USD,GameStore,Southern Europe,CUST-8915,0
6b7bc284,2026-09-03 02:53:00,ACH,709.83,EUR,Amazon,Northern Europe,CUST-4711,0
258f61e1,2026-09-03 02:56:00,Card,519.04,USD,Local Coffee Shop,Western Europe,CUST-5732,0
9754f173,2026-09-03 02:56:00,Wallet,698.86,EUR,Fashion Outlet,Northern Europe,CUST-6281,0
165be17d,2026-09-03 02:57:00,Wallet,601.24,EUR,Netflix,North America,CUST-1030,0
21019fff,2026-09-03 03:13:00,Card,78.31,EUR,Local Coffee Shop,Northern Europe,CUST-3020,0
0764c403,2026-09-03 03:21:00,ACH,624.85,USD,Spotify,North America,CUST-7462,0
b8559791,2026-09-03 03:26:00,ACH,56.32,USD,Uber,North America,CUST-1867,0
d78fcda9,2026-09-03 03:27:00,ACH,361.82,USD,Netflix,Southern Europe,CUST-3123,0
5058df59,2026-09-03 03:47:00,Wallet,419.47,USD,Local Coffee Shop,Northern Europe,CUST-4624,0
c2b24d7f,2026-09-03 03:48:00,Card,785.91,EUR,GameStore,Southern Europe,CUST-3836,0
97c53878,2026-09-03 03:50:00,Wallet,541.87,USD,Amazon,North America,CUST-7823,0
a4ce17c0,2026-09-03 03:56:00,ACH,793.61,EUR,Travel Booking,Eastern Europe,CUST-1013,0
2fe03c92,2026-09-03 04:04:00,ACH,275.56,USD,Amazon,Southern Europe,CUST-2383,0
260ee47a,2026-09-03 04:18:00,Wallet,17.07,USD,Uber,Eastern Europe,CUST-7848,0
8a0ca2ab,2026-09-03 04:18:00,ACH,170.84,EUR,Local Coffee Shop,Eastern Europe,CUST-7175,0
2475e378,2026-09-03 04:25:00,ACH,586.86,USD,Netflix,Southern Europe,CUST-7077,0
29ed53da,2026-09-03 04:35:00,Card,255.79,USD,Spotify,Northern Europe,CUST-7046,0
9f1203ec,2026-09-03 04:36:00,Card,476.97,USD,Pharmacy Plus,Southern Europe,CUST-8708,0
a3f2d59a,2026-09-03 04:51:00,ACH,729.83,EUR,GameStore,Western Europe,CUST-8418,0
e77478e6,2026-09-03 04:56:00,Wallet,784.11,USD,Electronics Hub,Southern Europe,CUST-7308,0
7f1dc0c5,2026-09-03 04:57:00,ACH,232.5,EUR,Shopify Store,Western Europe,CUST-1291,0
b87069ed,2026-09-03 05:10:00,Wallet,451.97,USD,Pharmacy Plus,Southern Europe,CUST-2500,0
371c915a,2026-09-03 05:14:00,Card,694.92,EUR,GameStore,Eastern Europe,CUST-5185,0
8ec51d3d,2026-09-03 05:19:00,Card,112.17,USD,Shopify Store,Northern Europe,CUST-4479,0
58497eba,2026-09-03 05:20:00,Wallet,523.19,USD,Local Coffee Shop,Northern Europe,CUST-3297,0
6686f4e6,2026-09-03 05:33:00,Card,696.96,EUR,Shopify Store,Eastern Europe,CUST-2535,0
30c5eb00,2026-09-03 05:39:00,Wallet,471.91,EUR,GameStore,Northern Europe,CUST-9534,0
ac30e0cc,2026-09-03 06:00:00,Card,510.49,USD,GameStore,Northern Europe,CUST-4728,0
fe9a1bf9,2026-09-03 06:03:00,Wallet,237.3,USD,Amazon,Northern Europe,CUST-6176,0
8bbe9a77,2026-09-03 06:06:00,Wallet,45.8,EUR,Netflix,Eastern Europe,CUST-3422,0
f7f4c898,2026-09-03 06:08:00,ACH,336.75,EUR,Travel Booking,Western Europe,CUST-7283,0
47c384fb,2026-09-03 06:13:00,Wallet,339.82,USD,Local Coffee Shop,North America,CUST-6968,0
dbc2fd12,2026-09-03 06:14:00,ACH,533.19,USD,GameStore,Northern Europe,CUST-1327,0
ab00ab76,2026-09-03 06:15:00,Card,424.87,USD,Local Coffee Shop,Southern Europe,CUST-8693,0
0d175198,2026-09-03 06:18:00,Card,113.36,USD,Grocery Mart,Northern Europe,CUST-5858,0
3ec36558,2026-09-03 06:29:00,Card,732.35,EUR,Netflix,Northern Europe,CUST-9043,0
3a3b4e66,2026-09-03 06:43:00,Card,295.94,USD,GameStore,Western Europe,CUST-8427,0
1933b239,2026-09-03 06:45:00,Card,728.56,USD,Uber,Eastern Europe,CUST-4662,0
8dd1e6aa,2026-09-03 06:53:00,Card,252.03,EUR,Pharmacy Plus,Northern Europe,CUST-2504,0
5bdda075,2026-09-03 06:53:00,Card,303.23,EUR,Grocery Mart,Southern Europe,CUST-3378,0
e05f4912,2026-09-03 07:09:00,ACH,665.56,EUR,Electronics Hub,North America,CUST-3833,0
be44ae31,2026-09-03 07:13:00,ACH,609.52,USD,Uber,Northern Europe,CUST-5534,0
a3ee341a,2026-09-03 07:24:00,Wallet,347.16,EUR,GameStore,Northern Europe,CUST-6672,0
9e45c984,2026-09-03 07:25:00,Wallet,297.83,USD,Travel Booking,Western Europe,CUST-4235,0
2946e9a9,2026-09-03 07:29:00,Card,768.75,USD,Spotify,Eastern Europe,CUST-8588,0
af66d82d,2026-09-03 07:29:00,ACH,782.95,USD,Grocery Mart,Eastern Europe,CUST-5081,0
023c6cb9,2026-09-03 07:30:00,Card,790.05,USD,Fashion Outlet,Eastern Europe,CUST-2765,0
c99de2c9,2026-09-03 07:37:00,Card,335.96,USD,Uber,North America,CUST-4651,0
4d2fa855,2026-09-03 07:37:00,Card,270.58,USD,Electronics Hub,Eastern Europe,CUST-8384,0
a57d6ae3,2026-09-03 07:40:00,Card,43.36,EUR,Uber,Eastern Europe,CUST-3048,0
025888a0,2026-09-03 07:44:00,ACH,591.78,USD,Uber,Southern Europe,CUST-5164,0
bf795a19,2026-09-03 07:51:00,Card,466.84,EUR,Spotify,Eastern Europe,CUST-9900,0
d0c7c142,2026-09-03 07:51:00,ACH,82.73,USD,Grocery Mart,Western Europe,CUST-8157,0
7c4e380a,2026-09-03 07:54:00,Card,470.36,USD,Netflix,Southern Europe,CUST-3073,0
f10a3c58,2026-09-03 08:04:00,ACH,88.1,EUR,Local Coffee Shop,North America,CUST-7854,0
96950a28,2026-09-03 08:06:00,Wallet,482.81,EUR,Electronics Hub,Western Europe,CUST-7785,0
93c1b040,2026-09-03 08:07:00,Wallet,332.04,EUR,Shopify Store,Southern Europe,CUST-6085,0
9fad2300,2026-09-03 08:14:00,ACH,203.6,EUR,Grocery Mart,Northern Europe,CUST-2482,0
163ab4c3,2026-09-03 08:17:00,ACH,338.52,USD,Local Coffee Shop,Northern Europe,CUST-9913,0
4618ada2,2026-09-03 08:17:00,Card,399.19,USD,Shopify Store,North America,CUST-6225,0
0296a1ca,2026-09-03 08:19:00,Card,168.63,EUR,Spotify,Southern Europe,CUST-3948,0
4e0c3ea7,2026-09-03 08:20:00,ACH,28.7,USD,Grocery Mart,North America,CUST-9456,0
91e79396,2026-09-03 08:23:00,ACH,42.01,USD,Local Coffee Shop,Western Europe,CUST-5606,0
f45423eb,2026-09-03 08:27:00,ACH,410.03,USD,Uber,Western Europe,CUST-9257,0
936076d9,2026-09-03 08:30:00,Wallet,457.84,EUR,Uber,Southern Europe,CUST-1694,0
abd2ff41,2026-09-03 08:37:00,Card,48.76,EUR,Amazon,Northern Europe,CUST-8478,0
440d75c4,2026-09-03 08:51:00,Card,286.56,USD,Grocery Mart,Southern Europe,CUST-9948,0
adcc2bbf,2026-09-03 09:20:00,Wallet,481.1,EUR,Netflix,Western Europe,CUST-1721,0
a85cfc60,2026-09-03 09:21:00,ACH,36.57,EUR,Local Coffee Shop,North America,CUST-1469,0
0fdec103,2026-09-03 09:25:00,ACH,108.52,EUR,Spotify,North America,CUST-3544,0
6faf8a0d,2026-09-03 09:29:00,Card,159.52,USD,Local Coffee Shop,Western Europe,CUST-9976,0
ea52e668,2026-09-03 09:36:00,ACH,290.38,EUR,Amazon,Western Europe,CUST-2690,0
98d47867,2026-09-03 09:37:00,Card,231.95,EUR,Fashion Outlet,Eastern Europe,CUST-1741,0
b2d6c062,2026-09-03 09:47:00,Wallet,792.61,EUR,Shopify Store,Northern Europe,CUST-1015,0
2700f71d,2026-09-03 09:50:00,Card,550.01,USD,Local Coffee Shop,Western Europe,CUST-8918,0
9c355163,2026-09-03 09:50:00,Card,7.39,EUR,Travel Booking,Southern Europe,CUST-8113,0
d348347d,2026-09-03 10:16:00,ACH,553.2,EUR,Shopify Store,Northern Europe,CUST-7967,0
c28bedf4,2026-09-03 10:16:00,ACH,621.22,EUR,Grocery Mart,Eastern Europe,CUST-6458,0
96a2e22c,2026-09-03 10:17:00,Wallet,454.92,EUR,Shopify Store,North America,CUST-1255,0
af3b174c,2026-09-03 10:28:00,ACH,695.57,USD,Netflix,North America,CUST-1527,0
4820098f,2026-09-03 10:39:00,ACH,192.67,EUR,Shopify Store,Eastern Europe,CUST-1133,0
f325b7d2,2026-09-03 10:48:00,Wallet,149.16,USD,Uber,Western Europe,CUST-7748,0
947c23a1,2026-09-03 10:52:00,Wallet,600.81,USD,Pharmacy Plus,Eastern Europe,CUST-9811,0
60fdfff8,2026-09-03 11:01:00,ACH,716.88,USD,Electronics Hub,North America,CUST-6411,0
86779a77,2026-09-03 11:07:00,ACH,293.59,EUR,Travel Booking,North America,CUST-5595,0
f2a1d6ba,2026-09-03 11:07:00,ACH,663.86,USD,Amazon,North America,CUST-6466,0
af10e02b,2026-09-03 11:18:00,Card,498.33,USD,GameStore,Eastern Europe,CUST-3279,0
203f06b5,2026-09-03 11:24:00,Wallet,88.04,EUR,Fashion Outlet,Western Europe,CUST-7467,0
5bfec855,2026-09-03 11:27:00,Card,463.61,USD,Fashion Outlet,North America,CUST-3249,0
45b5ca14,2026-09-03 11:34:00,Card,540.84,USD,Shopify Store,North America,CUST-6110,0
d3640cab,2026-09-03 11:34:00,Card,425.35,EUR,Electronics Hub,Southern Europe,CUST-5306,0
34ef7852,2026-09-03 11:35:00,Wallet,444.98,EUR,Grocery Mart,Eastern Europe,CUST-9101,0
65c8caab,2026-09-03 11:41:00,Card,784.64,EUR,Pharmacy Plus,Western Europe,CUST-6336,0
08ff95e9,2026-09-03 11:46:00,Wallet,567.33,USD,Netflix,North America,CUST-3359,0
6c5507b9,2026-09-03 11:49:00,Card,619.83,USD,Netflix,Southern Europe,CUST-1959,0
2b68b7fd,2026-09-03 11:59:00,Wallet,646.73,USD,Spotify,North America,CUST-9708,0
c942323b,2026-09-03 12:10:00,Card,236.65,USD,Pharmacy Plus,Southern Europe,CUST-7552,0
bd498b73,2026-09-03 12:10:00,ACH,411.43,USD,Grocery Mart,Western Europe,CUST-7916,0
697327bf,2026-09-03 12:12:00,Card,63.58,EUR,Netflix,Western Europe,CUST-9303,0
82c4ac12,2026-09-03 12:17:00,Card,249.24,USD,Electronics Hub,Southern Europe,CUST-2493,0
c0cc5a30,2026-09-03 12:18:00,Wallet,436.85,USD,Travel Booking,Western Europe,CUST-6972,0
63fe9d4d,2026-09-03 12:19:00,Wallet,531.1,USD,GameStore,Eastern Europe,CUST-2594,0
2a6e1c73,2026-09-03 12:21:00,ACH,324.42,EUR,Pharmacy Plus,Eastern Europe,CUST-1755,0
6425f9a9,2026-09-03 12:25:00,ACH,683.44,EUR,Travel Booking,Southern Europe,CUST-1841,0
5e8bc83f,2026-09-03 12:29:00,Card,630.03,USD,Amazon,Southern Europe,CUST-9936,0
cbeb0f38,2026-09-03 12:31:00,Wallet,335.49,EUR,Grocery Mart,Southern Europe,CUST-2732,0
b422bd50,2026-09-03 12:35:00,Wallet,250.53,USD,Grocery Mart,Northern Europe,CUST-3235,0
cbdb1786,2026-09-03 12:37:00,ACH,88.21,USD,Uber,Southern Europe,CUST-5433,0
63c5febc,2026-09-03 12:37:00,ACH,200.42,USD,Netflix,Western Europe,CUST-3334,0
9d12f589,2026-09-03 12:39:00,Wallet,400.3,EUR,Pharmacy Plus,North America,CUST-2968,0
16cd3c09,2026-09-03 13:06:00,Card,228.16,USD,Uber,Eastern Europe,CUST-9759,0
52494e31,2026-09-03 13:28:00,Card,537.22,USD,Local Coffee Shop,Southern Europe,CUST-9684,0
e862de8d,2026-09-03 13:31:00,Wallet,538.88,USD,Fashion Outlet,Eastern Europe,CUST-2004,0
57a77da6,2026-09-03 13:38:00,Card,654.21,USD,Grocery Mart,Southern Europe,CUST-3564,0
4b8613af,2026-09-03 13:44:00,Card,237.15,EUR,Pharmacy Plus,Eastern Europe,CUST-5788,0
aab9ef67,2026-09-03 13:46:00,ACH,117.9,EUR,GameStore,Northern Europe,CUST-5372,0
758844d1,2026-09-03 13:48:00,Wallet,26.37,USD,Fashion Outlet,Northern Europe,CUST-7279,0
22bc5bf8,2026-09-03 14:22:00,Wallet,444.97,EUR,Spotify,Southern Europe,CUST-8918,0
d2e031dc,2026-09-03 14:24:00,Card,388.59,EUR,Grocery Mart,North America,CUST-9793,0
f5855304,2026-09-03 14:26:00,Card,690.55,EUR,Local Coffee Shop,Eastern Europe,CUST-3637,0
fedf04b6,2026-09-03 14:29:00,Card,315.57,USD,GameStore,Southern Europe,CUST-7569,0
28c4a70f,2026-09-03 14:33:00,ACH,757.99,EUR,Grocery Mart,Eastern Europe,CUST-1783,0
7802b980,2026-09-03 14:35:00,Wallet,792.37,USD,Spotify,Southern Europe,CUST-8190,0
ad299667,2026-09-03 14:47:00,ACH,725.57,EUR,Electronics Hub,Eastern Europe,CUST-1766,0
a01a96b3,2026-09-03 15:00:00,Card,747.97,USD,Travel Booking,Southern Europe,CUST-5533,0
f825ad7a,2026-09-03 15:06:00,Wallet,401.34,EUR,Local Coffee Shop,Western Europe,CUST-9803,0
ae8a007a,2026-09-03 15:19:00,Card,193.23,USD,GameStore,Western Europe,CUST-8067,0
4c368f90,2026-09-03 15:27:00,Wallet,158.01,USD,Travel Booking,Western Europe,CUST-1954,0
e5781ba1,2026-09-03 15:32:00,Card,538.4,USD,Shopify Store,Eastern Europe,CUST-7256,0
5f8e716c,2026-09-03 15:33:00,ACH,258.3,USD,Travel Booking,Eastern Europe,CUST-5443,0
97a5af43,2026-09-03 15:44:00,ACH,426.05,EUR,Pharmacy Plus,Western Europe,CUST-3501,0
a160bd87,2026-09-03 15:46:00,Wallet,778.78,EUR,Electronics Hub,Western Europe,CUST-1391,0
1dfc2e99,2026-09-03 15:49:00,Wallet,129.04,EUR,Netflix,North America,CUST-9481,0
ced47284,2026-09-03 15:51:00,ACH,93.91,EUR,Uber,Northern Europe,CUST-8403,0
59c94255,2026-09-03 15:52:00,Card,295.03,USD,Local Coffee Shop,Western Europe,CUST-2142,0
0e1f8fe1,2026-09-03 15:56:00,Wallet,740.65,EUR,Netflix,Southern Europe,CUST-8394,0
4e273b68,2026-09-03 15:56:00,Wallet,247.07,USD,Electronics Hub,North America,CUST-7441,0
822c1468,2026-09-03 16:02:00,Wallet,651.64,USD,Grocery Mart,Northern Europe,CUST-9229,0
e52ac783,2026-09-03 16:03:00,ACH,355.13,EUR,Local Coffee Shop,Eastern Europe,CUST-2647,0
6e8cfb04,2026-09-03 16:15:00,Wallet,164.73,USD,GameStore,North America,CUST-8283,0
c9037c39,2026-09-03 16:18:00,Wallet,216.12,EUR,Travel Booking,Eastern Europe,CUST-7096,0
1a9da09b,2026-09-03 16:20:00,ACH,538.18,USD,Spotify,Southern Europe,CUST-4292,0
dbfeacf8,2026-09-03 16:24:00,Card,395.1,EUR,Amazon,Southern Europe,CUST-9952,0
4a497286,2026-09-03 16:32:00,ACH,84.88,USD,Grocery Mart,North America,CUST-4346,0
d4a59e71,2026-09-03 16:40:00,Wallet,322.84,EUR,Uber,Eastern Europe,CUST-9126,0
f32c7ec3,2026-09-03 16:54:00,Card,590.69,EUR,Spotify,Northern Europe,CUST-9157,0
cab479ad,2026-09-03 16:58:00,ACH,545.09,EUR,Spotify,Eastern Europe,CUST-9053,0
82a63d5c,2026-09-03 17:01:00,ACH,740.14,USD,Amazon,Eastern Europe,CUST-5953,0
3dc2f382,2026-09-03 17:06:00,ACH,283.43,USD,Amazon,Eastern Europe,CUST-5723,0
c3dde306,2026-09-03 17:24:00,ACH,792.34,USD,Fashion Outlet,Eastern Europe,CUST-1463,0
86deb400,2026-09-03 17:34:00,ACH,44.38,USD,GameStore,Eastern Europe,CUST-5684,0
9e9be324,2026-09-03 17:51:00,Card,60.6,EUR,Pharmacy Plus,Western Europe,CUST-1890,0
80c7aff7,2026-09-03 17:51:00,Card,41.99,EUR,Spotify,North America,CUST-5923,0
7328c940,2026-09-03 17:57:00,Wallet,708.92,EUR,Travel Booking,Western Europe,CUST-4542,0
7d709e1d,2026-09-03 17:58:00,Card,660.95,EUR,Spotify,Northern Europe,CUST-8018,0
63906945,2026-09-03 17:59:00,Wallet,47.47,USD,Spotify,Eastern Europe,CUST-8703,0
e5ffebd4,2026-09-03 18:00:00,Card,563.94,EUR,Grocery Mart,Northern Europe,CUST-4778,0
f1efb1cf,2026-09-03 18:00:00,Card,270.47,USD,Amazon,North America,CUST-5030,0
a52740f3,2026-09-03 18:22:00,ACH,471.5,USD,Travel Booking,Southern Europe,CUST-7716,0
fa383677,2026-09-03 18:34:00,Wallet,444.02,USD,Travel Booking,Western Europe,CUST-6142,0
bb25b115,2026-09-03 18:36:00,Card,171.78,EUR,Electronics Hub,Eastern Europe,CUST-8735,0
b8bb3e49,2026-09-03 18:37:00,Card,718.17,USD,Travel Booking,Eastern Europe,CUST-8422,0
aa665b0b,2026-09-03 18:39:00,ACH,113.7,USD,Uber,North America,CUST-2770,0
0786009c,2026-09-03 18:48:00,ACH,720.65,EUR,Travel Booking,Western Europe,CUST-8583,0
8d006270,2026-09-03 18:56:00,Wallet,607.22,EUR,Spotify,Southern Europe,CUST-5881,0
d3f8ed12,2026-09-03 18:59:00,Wallet,243.64,EUR,Travel Booking,Southern Europe,CUST-9101,0
aba5185f,2026-09-03 19:02:00,Card,231.59,USD,Spotify,Northern Europe,CUST-1290,0
50e05cc6,2026-09-03 19:18:00,Card,735.39,EUR,Uber,Southern Europe,CUST-4310,0
d0958c1e,2026-09-03 19:21:00,Card,636.57,EUR,Shopify Store,Southern Europe,CUST-9653,0
132efc0e,2026-09-03 19:40:00,Card,198.8,USD,Local Coffee Shop,Northern Europe,CUST-1881,0
5e949717,2026-09-03 19:45:00,Wallet,520.87,EUR,Netflix,Western Europe,CUST-1768,0
12d6ebea,2026-09-03 19:47:00,ACH,390.53,USD,Fashion Outlet,Western Europe,CUST-5715,0
28c207ba,2026-09-03 19:52:00,ACH,301.88,USD,Grocery Mart,Western Europe,CUST-6225,0
c6fbdf1c,2026-09-03 19:56:00,ACH,715.05,EUR,Fashion Outlet,Western Europe,CUST-4064,0
abdbe6c0,2026-09-03 19:57:00,Wallet,437.24,EUR,GameStore,Northern Europe,CUST-6413,0
0899e04e,2026-09-03 20:02:00,ACH,12.16,EUR,Shopify Store,Northern Europe,CUST-3433,0
428730b5,2026-09-03 20:10:00,Card,183.83,USD,Fashion Outlet,North America,CUST-2434,0
785fae8b,2026-09-03 20:15:00,ACH,501.83,EUR,Netflix,Northern Europe,CUST-3316,0
11f49604,2026-09-03 20:16:00,Card,469.33,USD,Local Coffee Shop,Southern Europe,CUST-4776,0
53b7b218,2026-09-03 20:24:00,Wallet,644.01,EUR,GameStore,Western Europe,CUST-8273,0
9693986e,2026-09-03 20:25:00,ACH,393.22,EUR,Shopify Store,Western Europe,CUST-9580,0
e425bc7e,2026-09-03 20:34:00,Card,394.41,EUR,Pharmacy Plus,Eastern Europe,CUST-1535,0
6a26b4bd,2026-09-03 20:35:00,Card,497.34,EUR,Netflix,Northern Europe,CUST-8084,0
a05aa6b3,2026-09-03 20:37:00,Wallet,442.4,EUR,GameStore,North America,CUST-4913,0
39be2871,2026-09-03 20:46:00,ACH,183.36,EUR,Shopify Store,Northern Europe,CUST-1093,0
597c8481,2026-09-03 20:48:00,ACH,732.42,USD,Grocery Mart,Southern Europe,CUST-5121,0
4e1d1cfe,2026-09-03 20:49:00,ACH,41.22,USD,Electronics Hub,North America,CUST-7129,0
01ff4333,2026-09-03 21:07:00,ACH,531.35,USD,Fashion Outlet,Eastern Europe,CUST-8681,0
524e20b4,2026-09-03 21:13:00,ACH,617.55,EUR,Pharmacy Plus,Southern Europe,CUST-6615,0
a11c5410,2026-09-03 21:23:00,Wallet,550.03,EUR,Travel Booking,North America,CUST-4792,0
60ac51e6,2026-09-03 21:27:00,ACH,468.35,EUR,Local Coffee Shop,Northern Europe,CUST-9839,0
4a79d03f,2026-09-03 21:35:00,Card,656.25,USD,Grocery Mart,Eastern Europe,CUST-6087,0
723105b7,2026-09-03 21:50:00,Wallet,799.51,EUR,Grocery Mart,Western Europe,CUST-7627,0
c2375ead,2026-09-03 21:58:00,ACH,306.59,USD,Uber,Southern Europe,CUST-2851,0
da8df093,2026-09-03 22:05:00,Wallet,54.39,EUR,Electronics Hub,Northern Europe,CUST-2732,0
166bc930,2026-09-03 22:05:00,ACH,746.98,USD,Pharmacy Plus,Eastern Europe,CUST-2508,0
d67a41a3,2026-09-03 22:26:00,Wallet,238.06,EUR,GameStore,Eastern Europe,CUST-1853,0
1822f0c3,2026-09-03 22:48:00,Wallet,615.39,USD,Spotify,Eastern Europe,CUST-5849,0
c2f8b38d,2026-09-03 22:49:00,Card,461.11,EUR,Shopify Store,Eastern Europe,CUST-9685,0
1ca00330,2026-09-03 22:50:00,ACH,607.92,USD,Local Coffee Shop,Northern Europe,CUST-5259,0
0c0fcd18,2026-09-03 22:51:00,Wallet,547.94,USD,Amazon,North America,CUST-9606,0
edb0cf9e,2026-09-03 23:07:00,Wallet,577.94,EUR,Pharmacy Plus,Southern Europe,CUST-8561,0
8d786e38,2026-09-03 23:15:00,Wallet,210.79,USD,Uber,Western Europe,CUST-4496,0
ad6555e6,2026-09-03 23:19:00,ACH,379.98,EUR,Fashion Outlet,Western Europe,CUST-3394,0
3437a06b,2026-09-03 23:28:00,Card,618.0,USD,Amazon,Southern Europe,CUST-9436,0
079dad21,2026-09-03 23:31:00,Wallet,590.29,EUR,Grocery Mart,Northern Europe,CUST-1407,0
77f08df3,2026-09-03 23:32:00,Card,317.73,USD,Electronics Hub,Southern Europe,CUST-3056,0
9c8a9a80,2026-09-03 23:43:00,ACH,26.35,USD,Amazon,Southern Europe,CUST-7254,0
eb79edec,2026-09-03 23:48:00,Card,27.72,EUR,Travel Booking,Western Europe,CUST-7840,0
2b68e5fe,2026-09-03 23:49:00,ACH,510.39,EUR,GameStore,Eastern Europe,CUST-7790,0
be8eb65c,2026-09-03 23:58:00,Card,424.43,USD,Local Coffee Shop,Northern Europe,CUST-6989,0
e5c352f7,2026-09-04 00:00:00,Wallet,411.88,EUR,Electronics Hub,North America,CUST-6021,0
f04638f8,2026-09-04 00:09:00,ACH,171.01,EUR,Spotify,North America,CUST-1030,0
1cd89df5,2026-09-04 00:21:00,Card,210.68,USD,Spotify,Western Europe,CUST-1753,0
85a97ae6,2026-09-04 00:26:00,Card,598.82,USD,Uber,Northern Europe,CUST-6302,0
c6cdb56a,2026-09-04 00:29:00,Wallet,727.11,EUR,Uber,Eastern Europe,CUST-8388,0
609b6933,2026-09-04 00:36:00,ACH,222.62,USD,Local Coffee Shop,Northern Europe,CUST-6990,0
443d8ceb,2026-09-04 00:43:00,Wallet,372.66,USD,Local Coffee Shop,Eastern Europe,CUST-6301,0
899de6b4,2026-09-04 00:46:00,ACH,684.33,USD,Travel Booking,North America,CUST-9442,0
4fa6d528,2026-09-04 00:49:00,ACH,79.01,EUR,Travel Booking,Western Europe,CUST-5113,0
2686a191,2026-09-04 00:52:00,Wallet,332.31,EUR,Spotify,North America,CUST-4368,0
26348cb7,2026-09-04 00:54:00,Wallet,152.04,USD,Electronics Hub,Northern Europe,CUST-4419,0
9f3604a4,2026-09-04 01:03:00,Wallet,704.1,USD,Shopify Store,North America,CUST-3275,0
09c17743,2026-09-04 01:07:00,Wallet,196.73,EUR,Pharmacy Plus,Northern Europe,CUST-7215,0
eca66117,2026-09-04 01:08:00,ACH,668.76,EUR,Travel Booking,Eastern Europe,CUST-8422,0
33865a10,2026-09-04 01:09:00,Wallet,188.74,USD,Pharmacy Plus,Western Europe,CUST-6740,0
8fdc805a,2026-09-04 01:13:00,ACH,736.54,USD,Fashion Outlet,Eastern Europe,CUST-9326,0
8f510ebf,2026-09-04 01:29:00,Card,413.5,EUR,Shopify Store,North America,CUST-5762,0
020749f5,2026-09-04 01:30:00,ACH,290.88,USD,Electronics Hub,Eastern Europe,CUST-5768,0
3d4c6c37,2026-09-04 01:34:00,Card,125.24,EUR,Grocery Mart,North America,CUST-5194,0
6a2e668b,2026-09-04 01:46:00,ACH,462.94,EUR,Shopify Store,Northern Europe,CUST-7968,0
b0e19903,2026-09-04 01:56:00,Card,31.91,EUR,Amazon,Southern Europe,CUST-1646,0
7ebfaa7a,2026-09-04 01:57:00,Card,254.89,EUR,Shopify Store,Western Europe,CUST-9141,0
9cf195c5,2026-09-04 02:03:00,Wallet,156.9,EUR,Local Coffee Shop,North America,CUST-6187,0
5d914957,2026-09-04 02:13:00,Wallet,782.93,USD,Electronics Hub,Eastern Europe,CUST-9360,0
232a7df8,2026-09-04 02:24:00,Wallet,275.4,EUR,Pharmacy Plus,Southern Europe,CUST-6465,0
e857e304,2026-09-04 02:26:00,Wallet,193.81,EUR,Travel Booking,Eastern Europe,CUST-8195,0
9a488244,2026-09-04 02:33:00,ACH,614.89,EUR,Travel Booking,North America,CUST-9724,0
2784ddba,2026-09-04 02:39:00,ACH,739.49,USD,Spotify,Southern Europe,CUST-5840,0
4ebbbdc8,2026-09-04 02:42:00,ACH,720.3,USD,Netflix,Southern Europe,CUST-8900,0
e80860e5,2026-09-04 02:48:00,ACH,710.76,EUR,Travel Booking,Southern Europe,CUST-6605,0
f8ba1bdc,2026-09-04 02:54:00,ACH,495.11,EUR,Shopify Store,Northern Europe,CUST-4910,0
fbe942fa,2026-09-04 03:12:00,ACH,522.15,EUR,Grocery Mart,Southern Europe,CUST-3305,0
9dc8479c,2026-09-04 03:33:00,ACH,733.67,EUR,Shopify Store,Southern Europe,CUST-4970,0
1b9de70a,2026-09-04 03:33:00,Wallet,279.73,EUR,Travel Booking,Northern Europe,CUST-7814,0
f2d410ba,2026-09-04 03:33:00,ACH,610.04,EUR,Netflix,Northern Europe,CUST-8290,0
6d788f82,2026-09-04 03:33:00,ACH,453.49,USD,Travel Booking,Western Europe,CUST-2109,0
6ded2d5a,2026-09-04 03:34:00,Card,209.53,USD,Travel Booking,Northern Europe,CUST-1654,0
38d0f820,2026-09-04 03:34:00,Card,793.13,EUR,Fashion Outlet,Southern Europe,CUST-4562,0
dcfa2bf3,2026-09-04 03:42:00,Wallet,685.54,USD,Travel Booking,Eastern Europe,CUST-9687,0
095b9988,2026-09-04 03:45:00,Wallet,668.7,USD,Electronics Hub,Southern Europe,CUST-1753,0
4697c928,2026-09-04 03:47:00,Card,428.12,EUR,Uber,Eastern Europe,CUST-6529,0
738cb410,2026-09-04 03:48:00,Wallet,131.25,EUR,Local Coffee Shop,Southern Europe,CUST-7648,0
f7e8abc2,2026-09-04 03:53:00,Card,2054.78,EUR,Uber,Southern Europe,CUST-6081,1
322f852a,2026-09-04 04:03:00,Wallet,610.25,EUR,Pharmacy Plus,Western Europe,CUST-8839,0
0a1adf37,2026-09-04 04:12:00,Wallet,435.24,EUR,Netflix,Northern Europe,CUST-5868,0
b7877582,2026-09-04 04:14:00,ACH,310.7,USD,Spotify,North America,CUST-5334,0
92c958a9,2026-09-04 04:22:00,ACH,312.41,USD,Travel Booking,North America,CUST-2496,0
cf19c5e8,2026-09-04 04:27:00,Wallet,769.39,USD,GameStore,North America,CUST-9050,0
2d570fb5,2026-09-04 04:28:00,Card,167.71,EUR,Amazon,Eastern Europe,CUST-8610,0
9ec5523e,2026-09-04 04:37:00,Card,534.35,USD,Shopify Store,North America,CUST-2317,0
cba3db48,2026-09-04 04:38:00,Card,312.87,EUR,Fashion Outlet,Southern Europe,CUST-3491,0
0cd87cb9,2026-09-04 04:42:00,Card,762.32,EUR,Amazon,Eastern Europe,CUST-8630,0
c37041c2,2026-09-04 05:00:00,ACH,11.22,USD,Electronics Hub,Western Europe,CUST-3210,0
92bbfc29,2026-09-04 05:03:00,Card,651.9,EUR,Amazon,Western Europe,CUST-4465,0
98a9720e,2026-09-04 05:04:00,ACH,225.78,USD,Travel Booking,Western Europe,CUST-8699,0
382ac2cd,2026-09-04 05:10:00,Card,691.25,EUR,Amazon,Western Europe,CUST-7274,0
cf24c802,2026-09-04 05:21:00,Card,497.83,USD,Uber,Eastern Europe,CUST-6717,0
ce408a0d,2026-09-04 05:53:00,Card,618.1,USD,Travel Booking,Southern Europe,CUST-9884,0
087952c6,2026-09-04 05:53:00,Card,249.65,USD,Electronics Hub,Northern Europe,CUST-7238,0
a70f0f12,2026-09-04 05:58:00,ACH,456.63,USD,Amazon,Western Europe,CUST-8829,0
e3ca25a1,2026-09-04 05:58:00,Wallet,758.52,USD,Fashion Outlet,Southern Europe,CUST-9725,0
c64ccf38,2026-09-04 06:06:00,Card,221.32,EUR,Pharmacy Plus,Northern Europe,CUST-8571,0
d6d1de3c,2026-09-04 06:18:00,ACH,16.78,EUR,Electronics Hub,Western Europe,CUST-4499,0
81bbb312,2026-09-04 06:23:00,ACH,375.71,EUR,Amazon,North America,CUST-9726,0
8ea57cf9,2026-09-04 06:23:00,ACH,473.22,EUR,GameStore,North America,CUST-3007,0
be2ee16b,2026-09-04 06:23:00,ACH,488.98,USD,GameStore,North America,CUST-4148,0
dc1194ac,2026-09-04 06:24:00,Wallet,443.71,USD,Pharmacy Plus,Southern Europe,CUST-2628,0
92f8c004,2026-09-04 06:33:00,ACH,638.23,EUR,Grocery Mart,Eastern Europe,CUST-2146,0
3d4b197a,2026-09-04 06:38:00,ACH,689.28,USD,Amazon,Northern Europe,CUST-9064,0
a820dbf8,2026-09-04 06:39:00,Card,132.85,USD,GameStore,North America,CUST-6772,0
143d49b9,2026-09-04 06:40:00,Card,202.16,EUR,Grocery Mart,Eastern Europe,CUST-6639,0
21f004c5,2026-09-04 06:41:00,ACH,773.28,EUR,Travel Booking,Eastern Europe,CUST-3707,0
8d4a6295,2026-09-04 06:44:00,Wallet,1187.86,USD,Electronics Hub,Western Europe,CUST-5093,1
b4fe9c0c,2026-09-04 06:44:00,Wallet,344.46,EUR,Fashion Outlet,Southern Europe,CUST-7853,0
64b237ad,2026-09-04 06:55:00,ACH,578.22,USD,Grocery Mart,Southern Europe,CUST-1779,0
f3eed05c,2026-09-04 06:57:00,Card,511.45,EUR,Amazon,North America,CUST-1244,0
0ede5dc5,2026-09-04 07:01:00,Wallet,688.19,EUR,Spotify,Northern Europe,CUST-8633,0
5d0fbf8b,2026-09-04 07:01:00,ACH,666.13,EUR,Pharmacy Plus,North America,CUST-6844,0
3b739826,2026-09-04 07:10:00,Wallet,317.68,USD,Fashion Outlet,Western Europe,CUST-9568,0
42d8f4ea,2026-09-04 07:13:00,ACH,273.45,USD,Local Coffee Shop,Northern Europe,CUST-1841,0
e91427f7,2026-09-04 07:39:00,Wallet,185.01,USD,Grocery Mart,Eastern Europe,CUST-4408,0
a1311912,2026-09-04 07:44:00,Wallet,312.6,EUR,Electronics Hub,Northern Europe,CUST-7319,0
291d96b1,2026-09-04 07:54:00,ACH,312.12,EUR,Pharmacy Plus,Southern Europe,CUST-8581,0
8742614e,2026-09-04 07:57:00,Card,779.89,USD,Travel Booking,North America,CUST-7610,0
d4b12b85,2026-09-04 07:58:00,Card,399.6,USD,Uber,Eastern Europe,CUST-3411,0
dfe06ce9,2026-09-04 08:14:00,Wallet,168.05,USD,Amazon,Eastern Europe,CUST-2551,0
facf9f87,2026-09-04 08:19:00,ACH,658.39,USD,Amazon,Southern Europe,CUST-2862,0
9bbdf6fb,2026-09-04 08:31:00,ACH,445.69,EUR,Amazon,Eastern Europe,CUST-1998,0
69939bb9,2026-09-04 08:35:00,ACH,89.69,USD,Travel Booking,Southern Europe,CUST-2307,0
8717a96b,2026-09-04 08:38:00,Wallet,679.14,USD,Pharmacy Plus,Eastern Europe,CUST-9645,0
dc391d0e,2026-09-04 08:43:00,ACH,439.21,EUR,Electronics Hub,North America,CUST-4732,0
bc9e6009,2026-09-04 08:51:00,Card,354.41,EUR,Spotify,Western Europe,CUST-2170,0
19e596ec,2026-09-04 08:53:00,Card,609.88,EUR,Spotify,Western Europe,CUST-9313,0
faa97a30,2026-09-04 08:54:00,ACH,30.19,EUR,Local Coffee Shop,Southern Europe,CUST-6645,0
b9e43af4,2026-09-04 08:59:00,Wallet,160.14,USD,Uber,Southern Europe,CUST-3220,0
e675d275,2026-09-04 09:00:00,ACH,761.1,EUR,Travel Booking,Northern Europe,CUST-1655,0
1cdac535,2026-09-04 09:14:00,ACH,751.26,USD,GameStore,Western Europe,CUST-2289,0
3f3cdc88,2026-09-04 09:17:00,Wallet,607.88,USD,Travel Booking,Western Europe,CUST-5928,0
76ab9fa9,2026-09-04 09:35:00,Wallet,484.78,EUR,Amazon,Eastern Europe,CUST-8271,0
ea9f133b,2026-09-04 09:40:00,Card,431.43,USD,Fashion Outlet,Western Europe,CUST-4934,0
041a8694,2026-09-04 09:46:00,Wallet,292.94,USD,Amazon,Northern Europe,CUST-3520,0
f8818380,2026-09-04 10:01:00,ACH,137.13,EUR,Uber,Southern Europe,CUST-6294,0
9ae89fcf,2026-09-04 10:14:00,Card,544.94,EUR,Shopify Store,Eastern Europe,CUST-4996,0
138f4451,2026-09-04 10:20:00,ACH,621.21,USD,Local Coffee Shop,Eastern Europe,CUST-2235,0
d15c8462,2026-09-04 10:22:00,Wallet,251.64,EUR,Grocery Mart,Western Europe,CUST-4481,0
65be19ce,2026-09-04 10:37:00,Wallet,775.19,USD,Spotify,Southern Europe,CUST-2183,0
4486324a,2026-09-04 10:38:00,ACH,689.55,EUR,Grocery Mart,Eastern Europe,CUST-5956,0
91e892dc,2026-09-04 10:41:00,ACH,759.69,USD,Amazon,Southern Europe,CUST-9886,0
eb79bc36,2026-09-04 10:44:00,ACH,313.73,USD,Amazon,Southern Europe,CUST-2189,0
ae0b05dd,2026-09-04 10:49:00,Card,348.13,EUR,GameStore,Western Europe,CUST-3842,0
d40c64bb,2026-09-04 11:02:00,Wallet,623.38,USD,Spotify,Southern Europe,CUST-6874,0
66feb79d,2026-09-04 11:08:00,ACH,496.53,USD,Travel Booking,Western Europe,CUST-3493,0
d6c4b460,2026-09-04 11:11:00,ACH,373.42,USD,GameStore,Northern Europe,CUST-9892,0
6ff7176c,2026-09-04 11:12:00,Wallet,723.18,USD,Local Coffee Shop,Southern Europe,CUST-1625,0
d1e36c3b,2026-09-04 11:16:00,ACH,141.36,USD,GameStore,Northern Europe,CUST-8543,0
f9f3416b,2026-09-04 11:18:00,ACH,121.84,EUR,Grocery Mart,Southern Europe,CUST-1100,0
0c0ea780,2026-09-04 11:20:00,ACH,598.77,EUR,Pharmacy Plus,Western Europe,CUST-7223,0
bc023a27,2026-09-04 11:22:00,Card,77.61,EUR,Spotify,Northern Europe,CUST-2047,0
9d2f6c5d,2026-09-04 11:33:00,Card,175.4,USD,Shopify Store,Southern Europe,CUST-8783,0
321f89b1,2026-09-04 11:46:00,Wallet,184.43,EUR,Uber,Eastern Europe,CUST-1258,0
51c0fa12,2026-09-04 11:53:00,ACH,244.43,EUR,Travel Booking,Eastern Europe,CUST-1195,0
3091e9b2,2026-09-04 12:02:00,Card,506.27,USD,GameStore,Northern Europe,CUST-5618,0
0a8dd8f5,2026-09-04 12:13:00,ACH,561.01,EUR,Travel Booking,Western Europe,CUST-7879,0
f5ed4ae2,2026-09-04 12:18:00,Wallet,201.29,EUR,Travel Booking,Western Europe,CUST-4070,0
cc0158d9,2026-09-04 12:41:00,ACH,623.9,USD,Pharmacy Plus,North America,CUST-8265,0
84570aab,2026-09-04 12:50:00,ACH,787.9,EUR,Netflix,Southern Europe,CUST-8447,0
fda9f183,2026-09-04 13:05:00,ACH,135.83,EUR,Electronics Hub,Northern Europe,CUST-7764,0
86535d23,2026-09-04 13:06:00,Card,395.74,USD,Pharmacy Plus,Southern Europe,CUST-8327,0
d65f64cd,2026-09-04 13:07:00,ACH,492.81,USD,Electronics Hub,North America,CUST-7182,0
47aae3b1,2026-09-04 13:14:00,ACH,599.7,EUR,Amazon,Northern Europe,CUST-6567,0
b8d45bd4,2026-09-04 13:20:00,Card,406.38,USD,Spotify,Southern Europe,CUST-7228,0
dcd422fd,2026-09-04 13:28:00,Wallet,267.64,EUR,GameStore,Eastern Europe,CUST-7169,0
79d0d160,2026-09-04 13:31:00,Wallet,25.56,USD,Uber,Eastern Europe,CUST-2478,0
145c8524,2026-09-04 13:33:00,ACH,393.67,EUR,GameStore,Southern Europe,CUST-1392,0
d928c288,2026-09-04 13:35:00,ACH,544.01,EUR,Shopify Store,Western Europe,CUST-7368,0
f9e214a0,2026-09-04 13:39:00,ACH,633.38,EUR,Electronics Hub,Northern Europe,CUST-3462,0
340cbd30,2026-09-04 13:41:00,Wallet,289.21,USD,Electronics Hub,North America,CUST-2751,0
60346328,2026-09-04 13:58:00,ACH,761.21,USD,Shopify Store,Eastern Europe,CUST-7428,0
dbb0a793,2026-09-04 13:59:00,Wallet,174.06,USD,Travel Booking,North America,CUST-1099,0
4cd815b3,2026-09-04 14:03:00,Wallet,523.66,USD,Uber,Northern Europe,CUST-8131,0
6bdb5bda,2026-09-04 14:04:00,Card,350.43,EUR,GameStore,Western Europe,CUST-4647,0
febb2aec,2026-09-04 14:07:00,ACH,97.04,EUR,Electronics Hub,Northern Europe,CUST-3088,0
bed18d08,2026-09-04 14:14:00,Card,657.59,EUR,GameStore,Northern Europe,CUST-9579,0
fcddde15,2026-09-04 14:29:00,Card,623.72,USD,Spotify,Northern Europe,CUST-6837,0
31ed8f0c,2026-09-04 14:39:00,Wallet,559.88,EUR,Local Coffee Shop,Western Europe,CUST-3297,0
3eb829ae,2026-09-04 14:43:00,Wallet,8.77,EUR,Grocery Mart,Western Europe,CUST-6795,0
a85e7b9a,2026-09-04 14:44:00,Card,401.06,EUR,Grocery Mart,Eastern Europe,CUST-7865,0
0ccb4ec7,2026-09-04 14:49:00,Wallet,525.08,USD,Shopify Store,Southern Europe,CUST-8709,0
e4d24ffc,2026-09-04 14:50:00,Wallet,248.06,EUR,Spotify,Northern Europe,CUST-3776,0
f4d89479,2026-09-04 14:52:00,Card,757.95,EUR,Spotify,Western Europe,CUST-7974,0
ce38d90b,2026-09-04 14:53:00,ACH,457.29,EUR,Uber,Northern Europe,CUST-3101,0
eaa2c843,2026-09-04 14:59:00,Wallet,145.1,EUR,Fashion Outlet,Western Europe,CUST-1938,0
b973f9c7,2026-09-04 15:07:00,ACH,85.78,EUR,Pharmacy Plus,Northern Europe,CUST-4620,0
5db4f8d1,2026-09-04 15:13:00,Wallet,394.38,USD,Local Coffee Shop,North America,CUST-6240,0
c5306e6e,2026-09-04 15:15:00,Card,528.54,EUR,Amazon,Northern Europe,CUST-8992,0
9e79dd30,2026-09-04 15:21:00,Card,427.49,EUR,Amazon,Eastern Europe,CUST-8939,0
42ce6bbd,2026-09-04 15:23:00,ACH,446.62,USD,Electronics Hub,Northern Europe,CUST-7732,0
0827d370,2026-09-04 15:25:00,Card,391.66,USD,Travel Booking,Eastern Europe,CUST-9350,0
a8856851,2026-09-04 15:29:00,Card,414.71,USD,Uber,North America,CUST-7101,0
b76eebec,2026-09-04 15:30:00,Wallet,719.26,EUR,Travel Booking,Eastern Europe,CUST-4748,0
f2605fb1,2026-09-04 15:33:00,ACH,579.85,EUR,Grocery Mart,Northern Europe,CUST-6069,0
ecacb4d4,2026-09-04 15:38:00,Card,224.15,EUR,Pharmacy Plus,Northern Europe,CUST-6288,0
13340f2d,2026-09-04 15:48:00,ACH,669.1,USD,Fashion Outlet,Southern Europe,CUST-9258,0
da24c9a0,2026-09-04 15:49:00,ACH,471.28,EUR,Pharmacy Plus,Southern Europe,CUST-3003,0
8560f9b1,2026-09-04 15:59:00,Card,332.13,EUR,Grocery Mart,Western Europe,CUST-2330,0
76a37018,2026-09-04 16:02:00,Card,461.69,USD,Amazon,Western Europe,CUST-4011,0
42a55573,2026-09-04 16:12:00,Card,711.38,EUR,Pharmacy Plus,Southern Europe,CUST-3656,0
b737f0c2,2026-09-04 16:29:00,Wallet,111.87,EUR,Grocery Mart,Eastern Europe,CUST-2422,0
accef543,2026-09-04 16:31:00,ACH,488.48,USD,Amazon,Northern Europe,CUST-5714,0
36217e0c,2026-09-04 16:32:00,Wallet,46.03,USD,Local Coffee Shop,Eastern Europe,CUST-6744,0
cfef2516,2026-09-04 16:41:00,Card,501.12,EUR,GameStore,Eastern Europe,CUST-3161,0
23fe5897,2026-09-04 16:55:00,Card,228.5,EUR,Shopify Store,Northern Europe,CUST-8818,0
f886fc9c,2026-09-04 16:57:00,ACH,637.88,EUR,Fashion Outlet,Southern Europe,CUST-1150,0
6a8bdade,2026-09-04 16:58:00,Card,451.16,USD,Amazon,Western Europe,CUST-5117,0
c11aae0a,2026-09-04 17:11:00,Wallet,100.63,EUR,Pharmacy Plus,Western Europe,CUST-6225,0
bfd87c13,2026-09-04 17:36:00,ACH,226.36,USD,Netflix,Eastern Europe,CUST-7436,0
1beca09d,2026-09-04 17:39:00,ACH,393.71,EUR,GameStore,Southern Europe,CUST-3740,0
925e6fdc,2026-09-04 17:40:00,ACH,795.46,EUR,GameStore,Western Europe,CUST-2170,0
334c94b2,2026-09-04 17:51:00,Card,794.93,EUR,Local Coffee Shop,Southern Europe,CUST-2552,0
b946d9f4,2026-09-04 17:59:00,Card,136.08,EUR,Netflix,Eastern Europe,CUST-6381,0
311fafc0,2026-09-04 18:09:00,Card,385.96,USD,Electronics Hub,Southern Europe,CUST-8137,0
c670e519,2026-09-04 18:17:00,ACH,584.07,EUR,Spotify,North America,CUST-8639,0
1981ef73,2026-09-04 18:18:00,Wallet,365.21,USD,GameStore,North America,CUST-2451,0
e840124a,2026-09-04 19:04:00,Wallet,714.49,USD,Local Coffee Shop,Eastern Europe,CUST-2322,0
9549ceb0,2026-09-04 19:06:00,ACH,34.98,USD,Spotify,Eastern Europe,CUST-7024,0
e5bc97bc,2026-09-04 19:10:00,ACH,783.29,EUR,Spotify,Eastern Europe,CUST-8424,0
d983be3e,2026-09-04 19:12:00,ACH,114.25,USD,Uber,North America,CUST-5473,0
6ca15de4,2026-09-04 19:14:00,Card,324.0,USD,Shopify Store,Northern Europe,CUST-8070,0
ce4d0ab2,2026-09-04 19:22:00,Wallet,703.95,EUR,Grocery Mart,Eastern Europe,CUST-7300,0
2d000931,2026-09-04 19:22:00,ACH,258.41,USD,Amazon,Northern Europe,CUST-1826,0
6119c514,2026-09-04 19:23:00,ACH,207.61,USD,Travel Booking,Northern Europe,CUST-2629,0
a86aed9e,2026-09-04 19:23:00,ACH,123.11,EUR,Pharmacy Plus,Northern Europe,CUST-6511,0
75063d41,2026-09-04 19:24:00,ACH,745.44,USD,Uber,North America,CUST-3852,0
9e486c24,2026-09-04 19:27:00,Card,225.61,USD,Local Coffee Shop,North America,CUST-9635,0
7083e98e,2026-09-04 19:37:00,ACH,465.79,EUR,Netflix,Southern Europe,CUST-9513,0
4e86e7a3,2026-09-04 19:38:00,Card,767.56,EUR,Pharmacy Plus,Eastern Europe,CUST-5933,0
041b9ff8,2026-09-04 19:41:00,Wallet,612.7,EUR,Travel Booking,Eastern Europe,CUST-5908,0
d071c265,2026-09-04 19:42:00,Wallet,69.72,USD,Local Coffee Shop,North America,CUST-3101,0
edcffca1,2026-09-04 19:42:00,Wallet,792.41,EUR,GameStore,Eastern Europe,CUST-7686,0
25d2992d,2026-09-04 19:45:00,Wallet,486.41,USD,Grocery Mart,Northern Europe,CUST-3559,0
653d75a9,2026-09-04 20:01:00,Wallet,490.88,USD,GameStore,North America,CUST-2140,0
c4c45b79,2026-09-04 20:08:00,Wallet,140.35,EUR,Travel Booking,Northern Europe,CUST-7619,0
f12cd7d8,2026-09-04 20:11:00,Wallet,353.18,USD,Electronics Hub,Southern Europe,CUST-8576,0
93798597,2026-09-04 20:13:00,ACH,424.75,EUR,Fashion Outlet,Northern Europe,CUST-3122,0
0e717839,2026-09-04 20:21:00,Card,634.25,EUR,Netflix,North America,CUST-7360,0
5d106137,2026-09-04 20:23:00,ACH,650.47,EUR,Spotify,Northern Europe,CUST-2983,0
b163824a,2026-09-04 20:40:00,ACH,751.43,EUR,Spotify,Eastern Europe,CUST-3488,0
2f27af81,2026-09-04 20:40:00,Card,6.57,EUR,Uber,Eastern Europe,CUST-4808,0
beb6af00,2026-09-04 20:42:00,ACH,307.0,USD,Shopify Store,Western Europe,CUST-2316,0
fffbf243,2026-09-04 20:59:00,Wallet,217.16,USD,Electronics Hub,Eastern Europe,CUST-2223,0
f80d2bd3,2026-09-04 21:03:00,Card,142.39,EUR,Pharmacy Plus,Eastern Europe,CUST-4141,0
c68b1a13,2026-09-04 21:10:00,ACH,723.31,EUR,Shopify Store,Northern Europe,CUST-6459,0
4c08ba04,2026-09-04 21:11:00,Wallet,236.29,EUR,Uber,Southern Europe,CUST-1122,0
7fd6069d,2026-09-04 21:13:00,ACH,104.48,USD,Shopify Store,Western Europe,CUST-8718,0
4789d9c9,2026-09-04 21:15:00,Card,796.24,EUR,Spotify,Eastern Europe,CUST-9431,0
597b8c40,2026-09-04 21:21:00,ACH,593.15,EUR,GameStore,Northern Europe,CUST-3690,0
2e44fddf,2026-09-04 21:23:00,ACH,576.87,EUR,Pharmacy Plus,North America,CUST-7570,0
c7fae1dd,2026-09-04 21:24:00,Wallet,374.75,EUR,Netflix,Eastern Europe,CUST-9171,0
42893972,2026-09-04 21:30:00,Card,663.31,USD,Pharmacy Plus,Eastern Europe,CUST-7291,0
9d862490,2026-09-04 21:30:00,ACH,493.45,USD,Local Coffee Shop,Southern Europe,CUST-3182,0
c04c6fed,2026-09-04 21:46:00,Wallet,563.2,EUR,Electronics Hub,Eastern Europe,CUST-1083,0
b8744180,2026-09-04 21:50:00,ACH,300.28,EUR,Netflix,Eastern Europe,CUST-1617,0
4eeb7dc7,2026-09-04 21:51:00,Wallet,163.58,EUR,Grocery Mart,Southern Europe,CUST-3874,0
2c58bebd,2026-09-04 21:54:00,Wallet,456.84,USD,Travel Booking,Eastern Europe,CUST-2672,0
cbbd7f49,2026-09-04 21:56:00,Card,509.79,USD,Amazon,Northern Europe,CUST-3916,0
1464e266,2026-09-04 22:06:00,ACH,188.36,USD,Travel Booking,Southern Europe,CUST-8939,0
4f77cc01,2026-09-04 22:12:00,ACH,428.6,USD,Grocery Mart,Western Europe,CUST-5717,0
89136f51,2026-09-04 22:17:00,Card,262.36,USD,Fashion Outlet,Southern Europe,CUST-3980,0
4f350da3,2026-09-04 22:18:00,ACH,546.69,EUR,Uber,Eastern Europe,CUST-4378,0
b50bd431,2026-09-04 22:27:00,Wallet,7.54,EUR,GameStore,Eastern Europe,CUST-9812,0
4a30fe73,2026-09-04 22:36:00,ACH,600.72,USD,Fashion Outlet,Eastern Europe,CUST-1655,0
be13ea0d,2026-09-04 22:38:00,ACH,651.63,EUR,Netflix,North America,CUST-1190,0
adee12a7,2026-09-04 22:41:00,Card,238.3,EUR,Fashion Outlet,North America,CUST-1281,0
72f62d25,2026-09-04 22:44:00,Wallet,311.72,USD,Grocery Mart,North America,CUST-1610,0
7353d3a0,2026-09-04 22:49:00,Card,773.84,EUR,Netflix,North America,CUST-7755,0
15497849,2026-09-04 22:50:00,ACH,695.99,EUR,Fashion Outlet,Western Europe,CUST-3005,0
6ac9acb8,2026-09-04 22:56:00,Wallet,41.84,USD,Amazon,North America,CUST-9160,0
09c24b8d,2026-09-04 23:01:00,Card,627.14,EUR,Local Coffee Shop,North America,CUST-9451,0
ffd9fabc,2026-09-04 23:14:00,Card,106.4,USD,GameStore,Northern Europe,CUST-1386,0
826ab7d6,2026-09-04 23:15:00,Card,194.54,EUR,Amazon,Eastern Europe,CUST-9443,0
7568d2a0,2026-09-04 23:17:00,ACH,300.84,USD,Grocery Mart,Western Europe,CUST-4745,1
87540014,2026-09-04 23:18:00,Card,180.09,USD,Electronics Hub,Eastern Europe,CUST-2960,0
77c23038,2026-09-04 23:24:00,ACH,58.55,USD,Pharmacy Plus,Southern Europe,CUST-9884,0
c8ae6196,2026-09-04 23:26:00,Card,425.47,EUR,Netflix,Western Europe,CUST-5195,0
36cae91e,2026-09-04 23:28:00,ACH,135.32,EUR,Fashion Outlet,North America,CUST-9617,0
811033d5,2026-09-04 23:31:00,Card,374.46,USD,Shopify Store,Northern Europe,CUST-2959,0
c98bbd70,2026-09-04 23:32:00,ACH,699.86,EUR,Uber,Western Europe,CUST-7625,0
7e5296cc,2026-09-04 23:38:00,ACH,417.14,USD,Travel Booking,Northern Europe,CUST-2204,0
d053574b,2026-09-04 23:40:00,ACH,647.8,USD,Spotify,Southern Europe,CUST-1298,0
b1fc65fb,2026-09-04 23:45:00,ACH,567.84,USD,Spotify,North America,CUST-2533,0
a81c37ea,2026-09-04 23:45:00,ACH,453.63,EUR,Grocery Mart,Southern Europe,CUST-8799,0
8efeb4c4,2026-09-04 23:46:00,Wallet,729.56,EUR,Travel Booking,Southern Europe,CUST-8806,0
71a1809c,2026-09-04 23:52:00,ACH,229.68,EUR,Local Coffee Shop,Northern Europe,CUST-8563,0
f7942903,2026-09-04 23:57:00,Wallet,195.89,EUR,Fashion Outlet,Southern Europe,CUST-7825,0
2d94b144,2026-09-05 00:16:00,Card,138.88,USD,GameStore,Western Europe,CUST-1556,0
29659a08,2026-09-05 00:22:00,Card,619.43,EUR,Netflix,Eastern Europe,CUST-2392,0
e4ae6efd,2026-09-05 00:31:00,Wallet,280.79,EUR,Electronics Hub,Northern Europe,CUST-6079,0
3ff50284,2026-09-05 00:34:00,Wallet,400.79,USD,Pharmacy Plus,Eastern Europe,CUST-9213,0
c7247adf,2026-09-05 00:41:00,ACH,444.96,USD,Shopify Store,Northern Europe,CUST-2135,0
bc0398bc,2026-09-05 00:43:00,Card,208.79,USD,Electronics Hub,Western Europe,CUST-2209,0
128c4159,2026-09-05 01:04:00,Card,254.04,EUR,Grocery Mart,Western Europe,CUST-8470,0
c805a091,2026-09-05 01:06:00,Card,597.39,USD,GameStore,Northern Europe,CUST-1632,0
6f54fe7c,2026-09-05 01:09:00,ACH,449.13,EUR,Pharmacy Plus,Eastern Europe,CUST-3205,0
de56227f,2026-09-05 01:12:00,ACH,702.15,EUR,Amazon,Western Europe,CUST-6370,0
ee2a1a6d,2026-09-05 01:14:00,ACH,561.31,EUR,Uber,Northern Europe,CUST-3011,0
f2a07126,2026-09-05 01:17:00,Wallet,379.03,USD,Electronics Hub,Southern Europe,CUST-4504,0
5be70cbf,2026-09-05 01:22:00,ACH,383.98,USD,Grocery Mart,Eastern Europe,CUST-7367,0
8e0c5442,2026-09-05 01:28:00,ACH,43.31,EUR,GameStore,Western Europe,CUST-3974,0
f7826f7b,2026-09-05 01:35:00,Wallet,120.5,USD,Uber,Northern Europe,CUST-9239,0
59262ce7,2026-09-05 01:46:00,ACH,168.91,USD,GameStore,North America,CUST-9583,0
5c49fe8d,2026-09-05 01:52:00,ACH,73.24,USD,Amazon,North America,CUST-9191,0
de8cd0eb,2026-09-05 01:58:00,ACH,693.03,EUR,Amazon,Northern Europe,CUST-8963,0
3f828bdc,2026-09-05 02:07:00,Wallet,640.49,USD,Electronics Hub,Eastern Europe,CUST-1983,0
66968907,2026-09-05 02:13:00,Wallet,660.98,EUR,Shopify Store,Northern Europe,CUST-4136,0
0bb0f91c,2026-09-05 02:15:00,Wallet,558.36,EUR,Grocery Mart,Western Europe,CUST-2715,0
b091cf70,2026-09-05 02:23:00,ACH,269.49,USD,Grocery Mart,Eastern Europe,CUST-3439,0
282f2b66,2026-09-05 02:25:00,ACH,466.3,EUR,Pharmacy Plus,Southern Europe,CUST-6720,0
627771cf,2026-09-05 02:29:00,Card,399.62,USD,Pharmacy Plus,Southern Europe,CUST-4730,0
aade29c7,2026-09-05 02:30:00,ACH,779.52,EUR,Uber,North America,CUST-6913,0
72700a8d,2026-09-05 02:30:00,Wallet,105.39,EUR,Local Coffee Shop,Western Europe,CUST-9624,0
c6f28878,2026-09-05 02:45:00,ACH,551.92,EUR,Uber,Eastern Europe,CUST-2814,0
79cea97b,2026-09-05 02:50:00,Card,563.96,EUR,Netflix,Northern Europe,CUST-6587,0
d5f1d19e,2026-09-05 02:52:00,Wallet,309.08,USD,Uber,Eastern Europe,CUST-3401,0
b7f68587,2026-09-05 02:52:00,Card,537.37,USD,Shopify Store,North America,CUST-4130,0
ba83f81f,2026-09-05 02:57:00,Card,60.99,EUR,Amazon,Western Europe,CUST-3732,0
fa69abd3,2026-09-05 03:06:00,ACH,356.56,USD,GameStore,Western Europe,CUST-9308,0
8f4a904c,2026-09-05 03:20:00,Wallet,463.56,USD,Local Coffee Shop,North America,CUST-9115,0
3cfb31ea,2026-09-05 03:21:00,ACH,508.84,EUR,Travel Booking,Eastern Europe,CUST-1912,0
ba3ec0e9,2026-09-05 03:25:00,Card,650.23,EUR,Fashion Outlet,Southern Europe,CUST-3042,0
fc019e21,2026-09-05 03:31:00,Wallet,710.84,USD,Amazon,North America,CUST-1946,0
055b9425,2026-09-05 03:41:00,Wallet,395.81,EUR,Local Coffee Shop,Northern Europe,CUST-2760,0
f4b086b0,2026-09-05 03:42:00,Wallet,322.51,USD,Uber,North America,CUST-2949,0
a49cc562,2026-09-05 03:43:00,ACH,218.6,USD,Electronics Hub,Northern Europe,CUST-3935,0
6b58e085,2026-09-05 03:52:00,Wallet,365.33,EUR,GameStore,Western Europe,CUST-2915,0
f874c0f7,2026-09-05 03:59:00,ACH,564.98,EUR,Travel Booking,North America,CUST-6266,0
6765d7f2,2026-09-05 04:06:00,ACH,552.06,EUR,Shopify Store,Northern Europe,CUST-9498,0
55a1020a,2026-09-05 04:11:00,ACH,527.54,EUR,Spotify,Southern Europe,CUST-2196,0
a9fdedb5,2026-09-05 04:15:00,Wallet,142.11,EUR,Netflix,Eastern Europe,CUST-9574,0
2a9e3116,2026-09-05 04:19:00,ACH,622.87,EUR,Pharmacy Plus,Eastern Europe,CUST-4122,0
300b56f7,2026-09-05 04:21:00,Wallet,739.07,USD,Spotify,Eastern Europe,CUST-8497,0
7fb89de2,2026-09-05 04:22:00,ACH,219.2,EUR,Travel Booking,Northern Europe,CUST-9331,0
f0690d49,2026-09-05 04:27:00,Card,611.5,USD,Electronics Hub,Southern Europe,CUST-6311,0
aad90ae0,2026-09-05 04:30:00,ACH,39.77,USD,Spotify,Western Europe,CUST-3496,0
a714c9a4,2026-09-05 04:44:00,Wallet,729.08,EUR,Electronics Hub,Southern Europe,CUST-7932,0
018a522d,2026-09-05 04:45:00,ACH,119.02,USD,Electronics Hub,North America,CUST-9210,0
e61b262e,2026-09-05 05:07:00,ACH,332.48,USD,Electronics Hub,Eastern Europe,CUST-3366,0
e858cc94,2026-09-05 05:12:00,ACH,571.8,USD,Amazon,Northern Europe,CUST-7112,0
c5e940fd,2026-09-05 05:18:00,Card,355.72,USD,Pharmacy Plus,Southern Europe,CUST-9558,0
1c1c3f73,2026-09-05 05:21:00,ACH,768.45,USD,Grocery Mart,Southern Europe,CUST-3031,0
ecb8d2ee,2026-09-05 05:23:00,Card,799.58,USD,Pharmacy Plus,Northern Europe,CUST-2500,0
5b936cfe,2026-09-05 05:25:00,Wallet,451.11,EUR,Travel Booking,Southern Europe,CUST-8296,0
74393377,2026-09-05 05:29:00,Card,464.8,EUR,GameStore,Northern Europe,CUST-3724,0
7166f700,2026-09-05 05:29:00,ACH,139.36,EUR,Spotify,Eastern Europe,CUST-9365,0
ee9e143e,2026-09-05 05:36:00,ACH,489.86,USD,Electronics Hub,Western Europe,CUST-2150,0
5a944186,2026-09-05 05:37:00,Wallet,731.13,USD,Uber,Eastern Europe,CUST-8365,0
cf610465,2026-09-05 05:37:00,Card,508.48,USD,GameStore,North America,CUST-7325,0
f93d79d7,2026-09-05 05:38:00,Card,71.11,EUR,Electronics Hub,Western Europe,CUST-9592,0
1cd1c37f,2026-09-05 05:39:00,Card,602.36,EUR,Shopify Store,Southern Europe,CUST-1914,0
fa6bef2d,2026-09-05 05:41:00,ACH,108.96,USD,Grocery Mart,Eastern Europe,CUST-9142,0
23ec1514,2026-09-05 05:52:00,Wallet,442.02,EUR,Uber,Western Europe,CUST-3931,0
d3beadde,2026-09-05 05:58:00,Wallet,681.13,EUR,Spotify,Northern Europe,CUST-7905,0
b3ed0881,2026-09-05 06:03:00,Card,205.17,USD,Travel Booking,Southern Europe,CUST-4937,0
949b45ba,2026-09-05 06:07:00,Card,568.15,EUR,Local Coffee Shop,Northern Europe,CUST-5275,0
81a15fe1,2026-09-05 06:09:00,ACH,577.32,EUR,Pharmacy Plus,North America,CUST-2268,0
062cd373,2026-09-05 06:18:00,Card,5.35,USD,Local Coffee Shop,Western Europe,CUST-1667,0
3ab4f621,2026-09-05 06:22:00,ACH,614.81,EUR,Spotify,Eastern Europe,CUST-1439,0
8e52be94,2026-09-05 06:26:00,Card,781.47,USD,Uber,Northern Europe,CUST-2344,0
69a2422c,2026-09-05 06:31:00,ACH,549.2,USD,Travel Booking,North America,CUST-4380,0
efeaeb1f,2026-09-05 06:34:00,ACH,629.75,USD,Electronics Hub,North America,CUST-5131,0
ed3ba971,2026-09-05 06:47:00,Wallet,627.11,EUR,Fashion Outlet,Southern Europe,CUST-4234,0
b2870443,2026-09-05 06:48:00,ACH,58.45,USD,Grocery Mart,North America,CUST-5562,0
617b571a,2026-09-05 06:49:00,Wallet,742.29,USD,Fashion Outlet,Western Europe,CUST-8470,0
2a730306,2026-09-05 06:54:00,ACH,737.79,EUR,Pharmacy Plus,Northern Europe,CUST-2997,0
d4863d89,2026-09-05 07:03:00,ACH,638.82,EUR,Pharmacy Plus,Southern Europe,CUST-2299,0
6e208607,2026-09-05 07:11:00,ACH,404.63,USD,Fashion Outlet,Southern Europe,CUST-8849,0
ccc5ae2b,2026-09-05 07:13:00,Wallet,626.97,EUR,Uber,North America,CUST-2225,0
071d2e44,2026-09-05 07:14:00,Wallet,474.47,USD,Travel Booking,Northern Europe,CUST-4451,0
cee52668,2026-09-05 07:25:00,Wallet,778.55,EUR,Shopify Store,North America,CUST-6655,0
0cef6959,2026-09-05 07:25:00,Wallet,344.61,USD,Electronics Hub,North America,CUST-8583,0
795578bd,2026-09-05 07:29:00,ACH,43.55,USD,Grocery Mart,Eastern Europe,CUST-2588,0
9dc6782d,2026-09-05 07:36:00,Card,46.47,EUR,Pharmacy Plus,Northern Europe,CUST-3241,0
b6e4d237,2026-09-05 07:39:00,ACH,336.1,USD,Shopify Store,Western Europe,CUST-3170,0
8e0ebd51,2026-09-05 07:46:00,Wallet,163.08,USD,Uber,Northern Europe,CUST-4713,0
0a3e04c0,2026-09-05 07:46:00,Card,38.36,EUR,Fashion Outlet,North America,CUST-3879,0
df52a3dc,2026-09-05 07:47:00,ACH,767.47,EUR,Travel Booking,North America,CUST-5810,0
2f9f56f3,2026-09-05 07:51:00,Wallet,380.41,EUR,Spotify,North America,CUST-7996,0
929b4281,2026-09-05 07:54:00,Wallet,21.95,EUR,Netflix,Northern Europe,CUST-4780,0
37973743,2026-09-05 07:54:00,Card,524.44,EUR,Netflix,North America,CUST-5662,0
5ceea202,2026-09-05 07:55:00,Wallet,368.04,USD,Spotify,Southern Europe,CUST-2599,0
fa4aa470,2026-09-05 07:59:00,ACH,384.12,EUR,Electronics Hub,Northern Europe,CUST-5195,0
a1cbce7c,2026-09-05 08:09:00,Wallet,93.88,USD,Travel Booking,Northern Europe,CUST-1576,0
f327f249,2026-09-05 08:11:00,Card,353.49,USD,Grocery Mart,Northern Europe,CUST-7197,0
d32ba490,2026-09-05 08:21:00,Wallet,226.45,USD,Electronics Hub,Eastern Europe,CUST-7866,0
ed1a084e,2026-09-05 08:25:00,ACH,67.84,EUR,Spotify,Western Europe,CUST-9082,0
352d120e,2026-09-05 08:27:00,ACH,569.02,USD,Netflix,North America,CUST-7759,0
3d8bc35f,2026-09-05 08:32:00,Wallet,176.42,EUR,Electronics Hub,Western Europe,CUST-7778,0
7d52b5a6,2026-09-05 08:34:00,Card,150.94,EUR,Electronics Hub,Eastern Europe,CUST-7033,0
73f8eb8a,2026-09-05 08:37:00,Wallet,692.78,EUR,Pharmacy Plus,North America,CUST-6403,0
ae5a4781,2026-09-05 08:39:00,Card,100.72,EUR,Spotify,Northern Europe,CUST-6065,0
30a6b667,2026-09-05 08:47:00,ACH,375.72,USD,Shopify Store,North America,CUST-2038,0
75aee1be,2026-09-05 08:47:00,ACH,696.46,USD,Spotify,Western Europe,CUST-5857,0
d1069fbb,2026-09-05 08:57:00,Wallet,785.25,EUR,Fashion Outlet,North America,CUST-8289,0
7f03d2b8,2026-09-05 09:00:00,ACH,457.0,EUR,Amazon,Northern Europe,CUST-9133,0
062d4554,2026-09-05 09:00:00,Card,37.49,EUR,Local Coffee Shop,Southern Europe,CUST-6415,0
5ab3e101,2026-09-05 09:04:00,ACH,409.78,EUR,Grocery Mart,Northern Europe,CUST-1507,0
549c8d8c,2026-09-05 09:11:00,ACH,180.94,USD,Electronics Hub,North America,CUST-5649,0
48ce4e7e,2026-09-05 09:11:00,ACH,40.4,USD,Pharmacy Plus,Northern Europe,CUST-6459,0
75888a88,2026-09-05 09:16:00,Wallet,750.53,EUR,Shopify Store,North America,CUST-3115,0
7db782b2,2026-09-05 09:22:00,ACH,492.93,USD,Netflix,Eastern Europe,CUST-8092,0
c5a6e6bd,2026-09-05 09:34:00,Card,619.3,USD,Uber,Western Europe,CUST-1147,0
13a55845,2026-09-05 09:35:00,Wallet,124.96,USD,Shopify Store,Western Europe,CUST-3367,0
d7eadb97,2026-09-05 09:40:00,ACH,121.39,USD,Uber,Eastern Europe,CUST-6671,0
f5c24392,2026-09-05 09:43:00,Card,776.64,EUR,Spotify,North America,CUST-9004,0
152df5d1,2026-09-05 09:45:00,Wallet,576.33,USD,GameStore,Eastern Europe,CUST-3669,0
dcc53803,2026-09-05 09:56:00,Wallet,119.12,EUR,Travel Booking,Northern Europe,CUST-2393,0
90369e88,2026-09-05 10:06:00,Wallet,687.85,EUR,Travel Booking,Eastern Europe,CUST-2085,0
cde5ddb0,2026-09-05 10:07:00,ACH,310.13,USD,Netflix,Western Europe,CUST-7440,0
c546c86f,2026-09-05 10:11:00,Card,43.13,EUR,Local Coffee Shop,Eastern Europe,CUST-2347,0
9214686c,2026-09-05 10:20:00,ACH,30.0,USD,Uber,Western Europe,CUST-3276,0
ea9c8f17,2026-09-05 10:23:00,ACH,579.85,EUR,Travel Booking,Eastern Europe,CUST-2256,0
8a9863cd,2026-09-05 10:25:00,Wallet,227.28,EUR,Pharmacy Plus,Western Europe,CUST-6491,0
141f2dde,2026-09-05 10:30:00,Card,406.23,USD,Grocery Mart,Eastern Europe,CUST-1232,0
ac36dee7,2026-09-05 10:30:00,ACH,375.44,USD,Amazon,North America,CUST-5307,0
62a91f69,2026-09-05 10:34:00,Card,776.1,USD,Netflix,Western Europe,CUST-6968,0
d60d05a7,2026-09-05 10:35:00,Wallet,90.34,EUR,Pharmacy Plus,Eastern Europe,CUST-9196,0
383fb4a5,2026-09-05 10:36:00,Wallet,152.49,USD,Fashion Outlet,Eastern Europe,CUST-9122,0
a28dbb70,2026-09-05 10:37:00,Wallet,513.43,EUR,Spotify,Western Europe,CUST-9646,0
aa72e423,2026-09-05 10:42:00,Wallet,51.61,EUR,Uber,Southern Europe,CUST-4926,0
12f7e4c2,2026-09-05 10:53:00,Wallet,461.14,USD,Pharmacy Plus,North America,CUST-3640,0
02334bff,2026-09-05 10:54:00,Wallet,720.43,USD,GameStore,North America,CUST-5687,0
ce5827a1,2026-09-05 11:03:00,Wallet,309.25,EUR,Grocery Mart,Northern Europe,CUST-7670,0
6b41a1f5,2026-09-05 11:13:00,ACH,47.4,USD,Electronics Hub,Western Europe,CUST-1019,0
2ac8fd7c,2026-09-05 11:25:00,Wallet,252.25,EUR,Electronics Hub,Western Europe,CUST-3730,0
05c818fa,2026-09-05 11:34:00,Wallet,576.49,USD,GameStore,North America,CUST-6924,0
96ca91cd,2026-09-05 11:54:00,Card,721.45,USD,Netflix,Eastern Europe,CUST-5843,0
4c7900d8,2026-09-05 12:00:00,Wallet,352.56,USD,GameStore,Eastern Europe,CUST-2702,0
aa4d2e34,2026-09-05 12:04:00,Card,355.93,USD,Amazon,Eastern Europe,CUST-4312,0
944fe599,2026-09-05 12:07:00,Card,187.06,USD,Electronics Hub,Eastern Europe,CUST-6489,0
44e00b13,2026-09-05 12:33:00,Card,776.74,USD,Spotify,Southern Europe,CUST-9922,0
d25c466b,2026-09-05 12:34:00,ACH,122.56,EUR,Netflix,North America,CUST-4152,0
aa927aa9,2026-09-05 12:37:00,Wallet,379.06,USD,Travel Booking,North America,CUST-7302,0
6d3df65b,2026-09-05 12:38:00,Wallet,221.47,USD,Amazon,Southern Europe,CUST-4692,0
7e828032,2026-09-05 12:41:00,Wallet,750.51,EUR,Amazon,North America,CUST-1133,0
c1554caf,2026-09-05 12:47:00,Wallet,481.85,USD,Electronics Hub,Southern Europe,CUST-2192,0
c3c9f334,2026-09-05 12:49:00,ACH,132.55,USD,Spotify,North America,CUST-7631,0
160c7bf4,2026-09-05 12:52:00,Wallet,736.11,USD,Fashion Outlet,Western Europe,CUST-8138,1
4fea25ff,2026-09-05 12:57:00,Card,294.62,EUR,Uber,Western Europe,CUST-2432,0
63647f09,2026-09-05 12:58:00,Card,41.36,EUR,Pharmacy Plus,Western Europe,CUST-6182,0
b954c6b9,2026-09-05 12:59:00,Wallet,62.17,EUR,Fashion Outlet,Southern Europe,CUST-1786,0
86a1c4fc,2026-09-05 13:04:00,ACH,468.75,USD,Fashion Outlet,North America,CUST-3752,0
22868627,2026-09-05 13:04:00,Wallet,509.24,EUR,Fashion Outlet,Southern Europe,CUST-8455,0
b7b98ab5,2026-09-05 13:04:00,Wallet,39.62,USD,Grocery Mart,Southern Europe,CUST-9265,0
ce700f00,2026-09-05 13:09:00,ACH,724.16,USD,Pharmacy Plus,Western Europe,CUST-3326,0
5868c4f3,2026-09-05 13:11:00,ACH,262.43,USD,Electronics Hub,Western Europe,CUST-3050,0
901f1ada,2026-09-05 13:23:00,Wallet,167.99,USD,Netflix,Eastern Europe,CUST-8359,0
28588c65,2026-09-05 13:28:00,Card,509.36,EUR,Shopify Store,Eastern Europe,CUST-1353,0
28eddbb6,2026-09-05 13:30:00,Wallet,61.29,EUR,Amazon,Northern Europe,CUST-8333,0
6b97ec10,2026-09-05 13:31:00,Wallet,785.86,EUR,Shopify Store,Eastern Europe,CUST-5660,0
efe9258b,2026-09-05 13:34:00,Card,456.23,USD,Shopify Store,Eastern Europe,CUST-9480,0
c7162436,2026-09-05 13:35:00,Wallet,669.96,EUR,Netflix,North America,CUST-4579,0
a9c8853e,2026-09-05 13:40:00,Card,41.99,EUR,Electronics Hub,Northern Europe,CUST-2907,0
86265094,2026-09-05 13:43:00,Wallet,155.53,USD,Pharmacy Plus,Northern Europe,CUST-2925,0
db77205f,2026-09-05 13:44:00,ACH,339.9,USD,Fashion Outlet,North America,CUST-1498,0
dcb9b758,2026-09-05 13:49:00,Card,433.07,EUR,Local Coffee Shop,Western Europe,CUST-1052,0
c3c75833,2026-09-05 13:50:00,Card,652.22,USD,Fashion Outlet,Eastern Europe,CUST-6616,0
ae49a444,2026-09-05 13:53:00,ACH,412.66,EUR,Shopify Store,North America,CUST-7895,0
3eed6f7c,2026-09-05 14:09:00,Card,226.39,USD,Amazon,Eastern Europe,CUST-3977,0
3f6780a8,2026-09-05 14:16:00,ACH,230.94,USD,Netflix,Eastern Europe,CUST-3807,0
ffe93f79,2026-09-05 14:21:00,ACH,169.77,USD,Electronics Hub,Northern Europe,CUST-4488,0
2f3466e8,2026-09-05 14:25:00,Card,554.4,USD,Grocery Mart,Northern Europe,CUST-3006,0
bebea8dd,2026-09-05 14:29:00,Card,136.9,USD,Travel Booking,Western Europe,CUST-6466,0
5aeb0ed3,2026-09-05 14:37:00,Wallet,528.79,EUR,Travel Booking,Southern Europe,CUST-8483,0
de5192a5,2026-09-05 14:40:00,ACH,334.07,EUR,Local Coffee Shop,Southern Europe,CUST-5155,0
321d6da9,2026-09-05 14:44:00,ACH,289.9,EUR,Local Coffee Shop,Eastern Europe,CUST-1405,0
d7db2541,2026-09-05 14:44:00,Wallet,372.85,EUR,Travel Booking,Eastern Europe,CUST-2337,0
f51e4ae2,2026-09-05 14:48:00,ACH,460.83,EUR,Amazon,North America,CUST-6114,0
ff08c69a,2026-09-05 14:50:00,ACH,45.98,USD,GameStore,Western Europe,CUST-8115,0
f5d5edc5,2026-09-05 14:52:00,Wallet,510.63,EUR,Amazon,Southern Europe,CUST-6534,0
8d7416fc,2026-09-05 15:00:00,Card,336.56,USD,Local Coffee Shop,Southern Europe,CUST-2629,0
219b7c93,2026-09-05 15:00:00,Wallet,100.37,USD,Pharmacy Plus,Eastern Europe,CUST-2912,0
2cb0a3a0,2026-09-05 15:06:00,Wallet,295.49,EUR,Spotify,Northern Europe,CUST-8657,0
53b5136d,2026-09-05 15:20:00,ACH,70.39,USD,Electronics Hub,Eastern Europe,CUST-8295,0
48b0d0cb,2026-09-05 15:26:00,ACH,525.74,USD,Spotify,North America,CUST-9997,0
cf473f14,2026-09-05 15:30:00,Wallet,678.4,USD,Netflix,Southern Europe,CUST-4352,0
66e012b9,2026-09-05 15:39:00,Wallet,459.55,USD,Pharmacy Plus,Western Europe,CUST-8618,0
c47a6348,2026-09-05 15:42:00,Wallet,624.49,EUR,Fashion Outlet,Western Europe,CUST-8885,0
118b5328,2026-09-05 15:54:00,Wallet,156.72,EUR,Amazon,North America,CUST-9752,0
b58e19a0,2026-09-05 15:55:00,Card,682.01,EUR,Netflix,Southern Europe,CUST-7893,0
5275e9d4,2026-09-05 16:04:00,ACH,239.91,EUR,Grocery Mart,Southern Europe,CUST-3227,0
afcfe717,2026-09-05 16:18:00,Wallet,487.51,EUR,Grocery Mart,North America,CUST-8360,0
57ee246c,2026-09-05 16:21:00,Wallet,160.67,USD,Spotify,North America,CUST-6802,0
a748f62a,2026-09-05 16:25:00,ACH,620.02,USD,Local Coffee Shop,Eastern Europe,CUST-9858,0
cac6b74d,2026-09-05 16:30:00,Wallet,625.39,EUR,Local Coffee Shop,North America,CUST-1119,0
7aac6010,2026-09-05 16:51:00,ACH,741.41,EUR,Electronics Hub,Northern Europe,CUST-8583,0
b1ba4375,2026-09-05 16:51:00,Wallet,116.63,EUR,Amazon,Northern Europe,CUST-7200,0
81edee63,2026-09-05 17:06:00,Wallet,301.01,USD,Electronics Hub,Northern Europe,CUST-7679,0
6c465ab1,2026-09-05 17:07:00,ACH,53.51,USD,Fashion Outlet,North America,CUST-3806,0
d45b9aa8,2026-09-05 17:09:00,Card,543.54,EUR,Amazon,North America,CUST-8795,0
0afbc30b,2026-09-05 17:22:00,Wallet,473.23,USD,Spotify,Northern Europe,CUST-5606,0
7948f982,2026-09-05 17:26:00,Card,109.2,USD,Pharmacy Plus,North America,CUST-9047,0
3ac4a15a,2026-09-05 17:28:00,Card,2158.01,USD,Spotify,Northern Europe,CUST-1437,1
7e65f3f5,2026-09-05 17:34:00,Card,398.7,EUR,Spotify,Western Europe,CUST-8427,0
1579fc42,2026-09-05 17:37:00,Card,416.79,EUR,Fashion Outlet,Eastern Europe,CUST-7219,0
3a267fcc,2026-09-05 17:40:00,ACH,654.02,EUR,Pharmacy Plus,Southern Europe,CUST-9444,0
e2b126d7,2026-09-05 17:55:00,Wallet,88.67,EUR,Uber,Northern Europe,CUST-2929,0
6995969b,2026-09-05 17:55:00,Wallet,174.27,USD,Amazon,Northern Europe,CUST-4679,0
788630bb,2026-09-05 17:56:00,Wallet,209.55,USD,Grocery Mart,Eastern Europe,CUST-9080,0
3a9f2a69,2026-09-05 17:57:00,Wallet,497.3,EUR,Local Coffee Shop,Eastern Europe,CUST-2059,0
948747c2,2026-09-05 18:00:00,Card,558.25,USD,Travel Booking,Western Europe,CUST-9792,0
bcdc3e91,2026-09-05 18:21:00,Card,721.46,USD,Spotify,Northern Europe,CUST-6977,0
2d19378b,2026-09-05 18:26:00,Wallet,370.23,USD,Electronics Hub,North America,CUST-3548,0
12983015,2026-09-05 18:40:00,ACH,468.56,USD,Spotify,Northern Europe,CUST-5391,0
65fe8f25,2026-09-05 18:45:00,ACH,689.27,USD,Travel Booking,Western Europe,CUST-1456,0
69964d8f,2026-09-05 18:54:00,Card,427.06,EUR,Pharmacy Plus,Northern Europe,CUST-3847,0
e473e650,2026-09-05 18:56:00,Card,271.61,EUR,Electronics Hub,North America,CUST-2744,0
6685835e,2026-09-05 18:57:00,ACH,680.16,EUR,Grocery Mart,Western Europe,CUST-3584,0
3682460c,2026-09-05 19:00:00,Card,78.37,USD,Shopify Store,Southern Europe,CUST-5929,0
095915f0,2026-09-05 19:03:00,ACH,741.92,USD,Uber,Southern Europe,CUST-2598,0
c45824fb,2026-09-05 19:04:00,Card,603.63,USD,Uber,Eastern Europe,CUST-1715,0
4612098d,2026-09-05 19:05:00,Wallet,496.19,USD,Local Coffee Shop,Western Europe,CUST-6209,0
cb28118f,2026-09-05 19:15:00,Wallet,203.1,EUR,Spotify,Eastern Europe,CUST-8356,0
25f2564b,2026-09-05 19:18:00,ACH,165.05,USD,Amazon,Northern Europe,CUST-6395,0
67d83f04,2026-09-05 19:39:00,ACH,339.18,USD,Local Coffee Shop,Northern Europe,CUST-9467,0
834fa47b,2026-09-05 19:54:00,ACH,164.42,EUR,Electronics Hub,North America,CUST-2841,0
8bbb2e83,2026-09-05 19:58:00,Wallet,146.69,EUR,Local Coffee Shop,Eastern Europe,CUST-1234,0
55e0fd2b,2026-09-05 20:00:00,ACH,573.7,EUR,Travel Booking,Southern Europe,CUST-2448,0
ab0af838,2026-09-05 20:04:00,Card,288.33,USD,Travel Booking,Western Europe,CUST-4904,0
b670e932,2026-09-05 20:13:00,Card,773.42,EUR,Travel Booking,North America,CUST-8169,0
71ab9a08,2026-09-05 20:32:00,Card,626.79,EUR,Grocery Mart,North America,CUST-5508,0
7ed68c06,2026-09-05 20:34:00,ACH,121.74,EUR,GameStore,Western Europe,CUST-6674,0
bd7c7a90,2026-09-05 20:38:00,Wallet,348.27,EUR,Travel Booking,Western Europe,CUST-2741,0
4b33ac35,2026-09-05 20:47:00,ACH,480.69,EUR,Uber,Southern Europe,CUST-3798,0
c4318fd2,2026-09-05 20:48:00,Card,273.68,USD,GameStore,Western Europe,CUST-4024,0
24086dd5,2026-09-05 20:52:00,Card,144.26,EUR,Netflix,Northern Europe,CUST-2170,0
294a02a2,2026-09-05 21:06:00,Card,691.74,EUR,Uber,Western Europe,CUST-3827,0
6eafbca6,2026-09-05 21:16:00,ACH,223.23,EUR,GameStore,Northern Europe,CUST-9226,0
45bad08f,2026-09-05 21:27:00,Wallet,767.62,USD,Uber,Eastern Europe,CUST-8170,0
9ff836c3,2026-09-05 21:28:00,Wallet,694.26,USD,Grocery Mart,Eastern Europe,CUST-2141,0
fe8eadab,2026-09-05 21:31:00,ACH,197.96,USD,Uber,Western Europe,CUST-4797,0
224cbd8e,2026-09-05 21:47:00,Card,1808.26,USD,Shopify Store,North America,CUST-6682,1
749d1949,2026-09-05 21:47:00,ACH,64.46,EUR,Pharmacy Plus,Southern Europe,CUST-6996,0
9bfc9a2e,2026-09-05 21:57:00,Wallet,291.94,EUR,Electronics Hub,Southern Europe,CUST-4251,0
3f8d1b93,2026-09-05 22:00:00,Card,276.64,EUR,Shopify Store,North America,CUST-7236,0
1ff179db,2026-09-05 22:01:00,Wallet,347.7,USD,Pharmacy Plus,Northern Europe,CUST-1369,0
fc05d480,2026-09-05 22:02:00,ACH,615.9,USD,GameStore,North America,CUST-3119,0
7f5fa0e7,2026-09-05 22:04:00,Wallet,739.84,EUR,Grocery Mart,Eastern Europe,CUST-9799,0
742be6c4,2026-09-05 22:06:00,Wallet,308.1,EUR,Spotify,Northern Europe,CUST-2383,0
5c84d728,2026-09-05 22:21:00,Card,111.84,EUR,GameStore,Eastern Europe,CUST-1000,0
291f16c1,2026-09-05 22:40:00,ACH,704.25,USD,Pharmacy Plus,Eastern Europe,CUST-1572,0
27811535,2026-09-05 22:44:00,Wallet,702.94,USD,Fashion Outlet,Eastern Europe,CUST-9073,0
1700217b,2026-09-05 22:51:00,ACH,99.0,EUR,Travel Booking,Western Europe,CUST-6814,0
490ad486,2026-09-05 23:01:00,ACH,229.12,EUR,Fashion Outlet,North America,CUST-8313,0
cee2af81,2026-09-05 23:05:00,Card,527.5,USD,Pharmacy Plus,Southern Europe,CUST-2186,0
12079182,2026-09-05 23:10:00,Card,67.74,EUR,Electronics Hub,North America,CUST-5993,0
385b21cd,2026-09-05 23:12:00,ACH,10.81,USD,Pharmacy Plus,Western Europe,CUST-3923,0
7f8c2acb,2026-09-05 23:13:00,ACH,467.2,USD,Amazon,Eastern Europe,CUST-6234,0
d57e4663,2026-09-05 23:14:00,ACH,608.68,USD,Uber,Northern Europe,CUST-7789,0
599523f6,2026-09-05 23:22:00,ACH,256.9,USD,Spotify,Southern Europe,CUST-5272,0
f76f53dd,2026-09-05 23:22:00,Wallet,677.11,EUR,Travel Booking,Northern Europe,CUST-6075,0
59f5e345,2026-09-05 23:31:00,Card,307.1,EUR,Fashion Outlet,Southern Europe,CUST-7066,0
33571e6d,2026-09-05 23:42:00,Card,96.37,EUR,Fashion Outlet,North America,CUST-4304,0
ebdd6c3f,2026-09-05 23:47:00,Card,560.9,EUR,Travel Booking,Northern Europe,CUST-6991,0
8cbc2703,2026-09-05 23:48:00,Card,491.22,USD,Uber,Eastern Europe,CUST-8469,0
61ffd433,2026-09-05 23:50:00,Card,544.81,EUR,Pharmacy Plus,Northern Europe,CUST-9504,0
53027b0e,2026-09-05 23:50:00,Wallet,412.89,EUR,Electronics Hub,Northern Europe,CUST-3148,0
1fe038c1,2026-09-05 23:54:00,Card,125.58,EUR,Spotify,North America,CUST-8873,0
c690a812,2026-09-05 23:56:00,Card,587.84,EUR,Netflix,Southern Europe,CUST-9213,0
0a58a182,2026-09-06 00:00:00,Wallet,697.52,USD,Pharmacy Plus,North America,CUST-2217,0
2f7bd45a,2026-09-06 00:02:00,Card,681.47,EUR,Pharmacy Plus,Eastern Europe,CUST-6196,0
a4b63810,2026-09-06 00:02:00,Wallet,654.63,USD,Amazon,Eastern Europe,CUST-2611,0
10a57613,2026-09-06 00:23:00,ACH,564.66,EUR,Electronics Hub,Southern Europe,CUST-4182,0
bd8da774,2026-09-06 00:33:00,Wallet,220.55,USD,Uber,Eastern Europe,CUST-4463,0
7429fa1e,2026-09-06 00:34:00,Card,401.56,USD,Pharmacy Plus,Southern Europe,CUST-7940,0
31ee8f96,2026-09-06 00:34:00,ACH,104.27,USD,Amazon,Eastern Europe,CUST-1970,0
0dfc76d2,2026-09-06 00:41:00,Wallet,418.31,EUR,GameStore,Eastern Europe,CUST-7274,0
38b434a0,2026-09-06 00:42:00,Card,598.47,USD,GameStore,Eastern Europe,CUST-6410,0
6898faac,2026-09-06 00:51:00,ACH,272.62,USD,Fashion Outlet,Western Europe,CUST-4123,0
cc03b9da,2026-09-06 00:58:00,Card,215.67,USD,Spotify,Western Europe,CUST-7620,0
6c14cfce,2026-09-06 00:58:00,Wallet,539.08,USD,Local Coffee Shop,Southern Europe,CUST-7385,0
64718747,2026-09-06 01:18:00,ACH,78.11,USD,Electronics Hub,Northern Europe,CUST-1909,0
3c80b546,2026-09-06 01:20:00,Card,212.57,USD,Amazon,North America,CUST-9603,0
338dd40d,2026-09-06 01:20:00,Wallet,484.56,USD,Pharmacy Plus,Southern Europe,CUST-1362,0
124804a9,2026-09-06 01:21:00,Card,408.83,USD,Shopify Store,Eastern Europe,CUST-1868,0
64d6a278,2026-09-06 01:24:00,Card,588.93,USD,Spotify,Western Europe,CUST-5408,0
ed41639f,2026-09-06 01:29:00,Wallet,677.19,EUR,GameStore,Eastern Europe,CUST-2664,0
6a30eda6,2026-09-06 01:29:00,ACH,596.34,USD,Electronics Hub,Eastern Europe,CUST-4808,0
9766f937,2026-09-06 01:30:00,Card,81.91,EUR,Uber,North America,CUST-1018,0
a5b733b8,2026-09-06 01:41:00,ACH,373.93,USD,Electronics Hub,Eastern Europe,CUST-6488,0
5dc2f617,2026-09-06 01:47:00,Wallet,347.71,USD,Electronics Hub,Eastern Europe,CUST-6371,0
fbcfe272,2026-09-06 02:03:00,Wallet,757.56,EUR,Travel Booking,Western Europe,CUST-2477,0
57416f87,2026-09-06 02:05:00,ACH,49.74,USD,GameStore,Western Europe,CUST-1260,0
d7b28d8c,2026-09-06 02:07:00,ACH,19.01,EUR,Uber,North America,CUST-7796,0
87fbda4c,2026-09-06 02:11:00,ACH,646.77,USD,Amazon,Western Europe,CUST-3022,0
bb3fd833,2026-09-06 02:19:00,ACH,210.61,USD,Fashion Outlet,Southern Europe,CUST-4568,0
c5e99b30,2026-09-06 02:20:00,ACH,396.62,EUR,Spotify,Northern Europe,CUST-9507,0
460a07a9,2026-09-06 02:23:00,ACH,578.72,EUR,GameStore,Eastern Europe,CUST-2313,0
b54f777a,2026-09-06 02:29:00,Wallet,202.03,USD,Uber,Western Europe,CUST-7911,0
4944caa1,2026-09-06 02:35:00,ACH,18.48,USD,Grocery Mart,Eastern Europe,CUST-2980,0
f4c2dfd1,2026-09-06 02:42:00,ACH,226.97,USD,Uber,Western Europe,CUST-5814,0
4fda9a4c,2026-09-06 02:45:00,Wallet,525.6,USD,Electronics Hub,Northern Europe,CUST-7125,0
8b21a5a7,2026-09-06 02:47:00,ACH,495.48,USD,GameStore,Southern Europe,CUST-9412,0
c56d09b5,2026-09-06 02:53:00,Wallet,722.45,USD,Local Coffee Shop,Northern Europe,CUST-7481,0
acbdc604,2026-09-06 02:54:00,Card,464.65,USD,Shopify Store,Eastern Europe,CUST-2047,0
c19f9c64,2026-09-06 02:54:00,Wallet,112.18,EUR,Netflix,Eastern Europe,CUST-8452,0
ac2139dd,2026-09-06 03:07:00,ACH,444.35,USD,Pharmacy Plus,Western Europe,CUST-8062,0
e98d8c7f,2026-09-06 03:08:00,Wallet,62.07,EUR,Amazon,Southern Europe,CUST-1280,0
6688e12d,2026-09-06 03:20:00,ACH,190.75,USD,Electronics Hub,Southern Europe,CUST-6959,0
4e3179b6,2026-09-06 03:25:00,Wallet,755.34,USD,Shopify Store,Northern Europe,CUST-1286,0
9ad87507,2026-09-06 03:27:00,ACH,617.31,EUR,Electronics Hub,Eastern Europe,CUST-8094,0
d3288d20,2026-09-06 03:27:00,ACH,238.09,EUR,GameStore,Northern Europe,CUST-7319,0
dcd6638c,2026-09-06 03:29:00,Wallet,75.97,EUR,Amazon,North America,CUST-6092,0
abc8b3a6,2026-09-06 03:30:00,ACH,730.0,USD,Uber,Western Europe,CUST-7869,0
bb32829c,2026-09-06 03:32:00,Wallet,171.47,USD,Local Coffee Shop,Western Europe,CUST-8325,0
9b288625,2026-09-06 03:33:00,ACH,33.1,EUR,Pharmacy Plus,Eastern Europe,CUST-1243,0
a4a0a011,2026-09-06 03:34:00,Wallet,380.53,USD,Electronics Hub,Western Europe,CUST-1615,0
7b6ed23a,2026-09-06 03:57:00,Wallet,734.18,USD,Fashion Outlet,Western Europe,CUST-8097,0
c9eec76e,2026-09-06 04:07:00,Wallet,43.24,EUR,GameStore,Eastern Europe,CUST-8587,0
3e863b18,2026-09-06 04:08:00,ACH,347.85,EUR,Electronics Hub,Western Europe,CUST-5162,0
2eca881a,2026-09-06 04:08:00,Card,350.79,EUR,Spotify,Southern Europe,CUST-5104,0
db39ef2e,2026-09-06 04:12:00,Card,319.87,USD,Electronics Hub,North America,CUST-7319,0
85791efb,2026-09-06 04:24:00,Wallet,73.55,EUR,Fashion Outlet,Northern Europe,CUST-1422,0
8baedc75,2026-09-06 04:28:00,ACH,507.95,EUR,Local Coffee Shop,North America,CUST-1690,0
5cc7e5ba,2026-09-06 04:29:00,Card,625.74,USD,GameStore,Southern Europe,CUST-3310,0
f250d2ff,2026-09-06 04:50:00,Wallet,342.67,USD,Grocery Mart,Western Europe,CUST-5026,0
bfae555d,2026-09-06 05:01:00,Card,185.73,EUR,Travel Booking,Western Europe,CUST-1565,0
2cfe1218,2026-09-06 05:06:00,Wallet,385.18,EUR,Electronics Hub,Western Europe,CUST-9043,0
47e17457,2026-09-06 05:13:00,Card,757.35,EUR,Netflix,Northern Europe,CUST-7523,0
cfe33ad5,2026-09-06 05:14:00,Card,317.26,USD,Pharmacy Plus,Western Europe,CUST-8085,0
908df81a,2026-09-06 05:14:00,ACH,333.25,USD,Grocery Mart,Northern Europe,CUST-2303,0
a8ca15ff,2026-09-06 05:15:00,Wallet,694.48,EUR,Uber,Eastern Europe,CUST-5721,0
15f0d5cf,2026-09-06 05:19:00,ACH,522.75,USD,GameStore,North America,CUST-8415,0
882b4f42,2026-09-06 05:19:00,Wallet,773.19,EUR,Shopify Store,Northern Europe,CUST-7671,0
32132bfa,2026-09-06 05:20:00,Wallet,606.34,USD,Netflix,Northern Europe,CUST-9021,0
5d1c82f5,2026-09-06 05:26:00,Card,118.37,EUR,Fashion Outlet,Western Europe,CUST-2286,0
9927e4cf,2026-09-06 05:26:00,Card,406.22,USD,Local Coffee Shop,Eastern Europe,CUST-5908,0
091954aa,2026-09-06 05:29:00,ACH,13.24,USD,Grocery Mart,Eastern Europe,CUST-8563,0
5366be28,2026-09-06 05:30:00,Wallet,368.0,EUR,Uber,Southern Europe,CUST-2497,0
f837442c,2026-09-06 05:33:00,ACH,215.57,USD,Fashion Outlet,Eastern Europe,CUST-5628,0
3f2d6da3,2026-09-06 05:36:00,Wallet,368.67,EUR,Pharmacy Plus,Eastern Europe,CUST-4809,0
1d49629d,2026-09-06 05:49:00,Card,489.29,USD,Local Coffee Shop,North America,CUST-8159,0
ff9243a3,2026-09-06 05:49:00,Card,780.49,EUR,Fashion Outlet,Eastern Europe,CUST-9496,0
735bbc7f,2026-09-06 05:52:00,ACH,191.53,EUR,Electronics Hub,Northern Europe,CUST-4677,0
e7a8de5b,2026-09-06 06:04:00,Card,502.27,USD,Grocery Mart,Southern Europe,CUST-9619,0
d381c850,2026-09-06 06:05:00,Card,784.24,USD,Netflix,Northern Europe,CUST-2980,0
bd6ccaea,2026-09-06 06:23:00,Wallet,148.69,USD,Local Coffee Shop,Western Europe,CUST-4208,0
fa4b9583,2026-09-06 06:24:00,Wallet,574.96,USD,Spotify,Western Europe,CUST-7646,0
581a8d12,2026-09-06 06:25:00,ACH,145.49,EUR,Fashion Outlet,Northern Europe,CUST-5023,0
ef8f3c99,2026-09-06 06:30:00,ACH,526.21,USD,GameStore,Eastern Europe,CUST-5306,0
d03bfee7,2026-09-06 06:31:00,Card,227.87,USD,Pharmacy Plus,Northern Europe,CUST-4230,0
3469de8e,2026-09-06 06:36:00,Wallet,35.29,USD,Grocery Mart,Western Europe,CUST-8013,0
dbdf0317,2026-09-06 06:42:00,Card,511.78,EUR,Travel Booking,Western Europe,CUST-4081,0
93e81f85,2026-09-06 06:45:00,ACH,652.49,USD,Electronics Hub,North America,CUST-3221,0
8cc02df5,2026-09-06 06:47:00,ACH,119.84,EUR,Uber,Western Europe,CUST-9480,0
03961ce4,2026-09-06 06:52:00,Wallet,19.16,EUR,Local Coffee Shop,North America,CUST-4913,0
793b6912,2026-09-06 06:52:00,ACH,478.96,EUR,Amazon,Southern Europe,CUST-1469,0
5f1a4203,2026-09-06 06:55:00,Wallet,331.87,EUR,Shopify Store,Western Europe,CUST-2888,0
006f21a9,2026-09-06 07:02:00,Wallet,718.41,EUR,Netflix,Northern Europe,CUST-7692,0
26e98ed8,2026-09-06 07:06:00,Card,41.66,USD,Netflix,Northern Europe,CUST-7453,0
c6a018ea,2026-09-06 07:13:00,Wallet,327.89,EUR,Fashion Outlet,Western Europe,CUST-6303,0
f89a249d,2026-09-06 07:17:00,Card,596.31,USD,Pharmacy Plus,Western Europe,CUST-2844,0
7e4d9dcc,2026-09-06 07:26:00,ACH,62.81,USD,GameStore,Northern Europe,CUST-7916,0
6c818926,2026-09-06 07:36:00,Wallet,8.71,USD,GameStore,Western Europe,CUST-6590,0
86aaa8d3,2026-09-06 07:36:00,Card,575.35,EUR,Fashion Outlet,Eastern Europe,CUST-2415,0
f616d831,2026-09-06 07:43:00,Wallet,150.36,EUR,GameStore,Western Europe,CUST-3074,0
5924a64a,2026-09-06 08:02:00,Wallet,565.43,USD,Uber,Eastern Europe,CUST-9822,0
36d1374f,2026-09-06 08:05:00,ACH,491.81,USD,GameStore,Eastern Europe,CUST-1200,0
6c67923b,2026-09-06 08:06:00,Wallet,483.28,EUR,Local Coffee Shop,Southern Europe,CUST-6106,0
3179d1a9,2026-09-06 08:15:00,Wallet,676.15,EUR,Travel Booking,North America,CUST-6869,0
68eff933,2026-09-06 08:27:00,Card,354.49,EUR,Electronics Hub,Eastern Europe,CUST-8905,0
889b6b99,2026-09-06 08:35:00,Card,565.73,EUR,Shopify Store,North America,CUST-7412,0
ac4b7e36,2026-09-06 08:37:00,Wallet,238.92,USD,Shopify Store,Southern Europe,CUST-6862,0
163d95ed,2026-09-06 08:38:00,Wallet,710.17,USD,Grocery Mart,Western Europe,CUST-3355,0
35659538,2026-09-06 08:42:00,Wallet,53.51,USD,Travel Booking,Eastern Europe,CUST-9570,0
4a93acb8,2026-09-06 08:50:00,ACH,84.12,USD,Shopify Store,Western Europe,CUST-8183,0
86e5f725,2026-09-06 08:52:00,Wallet,195.59,EUR,Local Coffee Shop,Southern Europe,CUST-9142,0
69f5a349,2026-09-06 09:03:00,ACH,215.02,USD,Netflix,Eastern Europe,CUST-5718,0
a87d200b,2026-09-06 09:03:00,Card,399.12,USD,GameStore,Western Europe,CUST-3044,0
d430d3f9,2026-09-06 09:03:00,Wallet,265.31,USD,GameStore,Eastern Europe,CUST-5333,0
3eba4d58,2026-09-06 09:12:00,ACH,472.2,EUR,Amazon,Eastern Europe,CUST-6637,0
192d3b0d,2026-09-06 09:12:00,Card,778.19,USD,Electronics Hub,Northern Europe,CUST-9725,0
893f81aa,2026-09-06 09:15:00,Wallet,303.17,USD,Uber,Southern Europe,CUST-7004,0
478f31c5,2026-09-06 09:22:00,Card,717.15,USD,Pharmacy Plus,Northern Europe,CUST-1617,0
47371ee1,2026-09-06 09:38:00,Card,80.64,USD,Local Coffee Shop,Western Europe,CUST-9303,0
3ed11e10,2026-09-06 09:39:00,Card,268.67,USD,Amazon,North America,CUST-2816,0
aba4833c,2026-09-06 09:40:00,Card,598.31,EUR,Travel Booking,Southern Europe,CUST-2046,1
ff049e02,2026-09-06 09:41:00,ACH,274.75,USD,Grocery Mart,Southern Europe,CUST-1840,0
4c0d8d97,2026-09-06 09:45:00,ACH,725.32,EUR,Grocery Mart,North America,CUST-4395,0
a76d5d09,2026-09-06 09:56:00,Card,577.77,EUR,Electronics Hub,North America,CUST-1734,0
feb51f3d,2026-09-06 09:59:00,Card,148.46,USD,Grocery Mart,Eastern Europe,CUST-4671,0
4148cfd2,2026-09-06 10:07:00,Card,447.73,USD,Pharmacy Plus,North America,CUST-5605,0
26e2d3d0,2026-09-06 10:15:00,Wallet,525.38,EUR,Shopify Store,North America,CUST-3820,0
1623f81e,2026-09-06 10:20:00,Wallet,589.3,USD,Travel Booking,Eastern Europe,CUST-3248,0
49a6d264,2026-09-06 10:31:00,ACH,177.41,USD,Shopify Store,Southern Europe,CUST-4578,0
9abf8b50,2026-09-06 10:34:00,ACH,344.09,EUR,Electronics Hub,Eastern Europe,CUST-4621,0
8e43f8dd,2026-09-06 10:37:00,ACH,265.61,EUR,Shopify Store,Western Europe,CUST-3073,0
6ceeea89,2026-09-06 10:44:00,Wallet,775.34,EUR,Electronics Hub,North America,CUST-2646,0
9a9a4b6b,2026-09-06 10:45:00,Card,682.14,EUR,Local Coffee Shop,Western Europe,CUST-3090,0
5330cccd,2026-09-06 10:58:00,ACH,208.86,USD,Electronics Hub,Eastern Europe,CUST-5134,0
951b3d67,2026-09-06 11:10:00,Card,708.36,EUR,Travel Booking,Eastern Europe,CUST-1391,0
94ee68da,2026-09-06 11:13:00,Wallet,418.62,EUR,Uber,Western Europe,CUST-7741,0
d233b335,2026-09-06 11:14:00,Card,300.97,USD,Shopify Store,Eastern Europe,CUST-2360,0
4684d555,2026-09-06 11:23:00,Card,686.54,EUR,Local Coffee Shop,Northern Europe,CUST-1667,0
468f65a9,2026-09-06 11:43:00,Card,561.45,EUR,Fashion Outlet,North America,CUST-1757,0
ab568098,2026-09-06 11:55:00,ACH,739.19,EUR,Uber,Eastern Europe,CUST-4111,0
70d13cfe,2026-09-06 11:58:00,ACH,307.86,USD,Amazon,Western Europe,CUST-4454,0
c7a5e101,2026-09-06 11:59:00,Wallet,689.05,EUR,Travel Booking,Western Europe,CUST-5615,0
abd94f07,2026-09-06 12:03:00,Card,127.22,EUR,Travel Booking,Western Europe,CUST-6519,0
6fd49d0d,2026-09-06 12:07:00,Wallet,256.31,EUR,Local Coffee Shop,Southern Europe,CUST-6645,0
65abaeb1,2026-09-06 12:17:00,Card,557.11,USD,Electronics Hub,North America,CUST-1820,0
6fcf886f,2026-09-06 12:18:00,Wallet,313.13,USD,Local Coffee Shop,Western Europe,CUST-9447,0
382915df,2026-09-06 12:27:00,Wallet,312.3,USD,Grocery Mart,Northern Europe,CUST-6179,0
f1f72b91,2026-09-06 12:29:00,ACH,64.01,USD,Local Coffee Shop,Western Europe,CUST-7396,0
90442523,2026-09-06 12:31:00,ACH,777.1,EUR,Netflix,Western Europe,CUST-4331,0
8669f903,2026-09-06 12:36:00,Wallet,363.62,EUR,Local Coffee Shop,North America,CUST-1666,0
a1e4134e,2026-09-06 12:37:00,Card,228.79,EUR,GameStore,North America,CUST-7629,0
c94f7755,2026-09-06 12:38:00,Card,54.05,USD,Spotify,North America,CUST-3136,0
7df621e1,2026-09-06 12:40:00,Wallet,425.67,EUR,Spotify,Northern Europe,CUST-1639,0
c0fb840d,2026-09-06 12:44:00,Card,624.56,EUR,Shopify Store,North America,CUST-9421,0
9634ecc2,2026-09-06 12:52:00,Wallet,501.36,EUR,Pharmacy Plus,Eastern Europe,CUST-2074,0
712e2182,2026-09-06 12:53:00,ACH,535.28,USD,Uber,Southern Europe,CUST-2381,0
96c97d6b,2026-09-06 13:11:00,Wallet,652.13,EUR,Fashion Outlet,Southern Europe,CUST-7833,0
19aa524c,2026-09-06 13:12:00,ACH,732.65,EUR,GameStore,North America,CUST-9566,0
acdb0444,2026-09-06 13:13:00,Wallet,108.31,EUR,GameStore,North America,CUST-3219,0
3ca80156,2026-09-06 13:29:00,Wallet,31.34,EUR,Travel Booking,Southern Europe,CUST-6922,0
c462e732,2026-09-06 13:32:00,ACH,542.99,USD,Grocery Mart,Eastern Europe,CUST-5631,0
b3fc8624,2026-09-06 13:36:00,Wallet,78.15,USD,Shopify Store,Western Europe,CUST-7485,0
4dcbaa71,2026-09-06 14:00:00,ACH,627.09,USD,Amazon,Northern Europe,CUST-8522,0
ee3fe7dd,2026-09-06 14:11:00,Card,647.81,USD,Amazon,Northern Europe,CUST-5635,0
3fa94a64,2026-09-06 14:13:00,ACH,664.9,USD,Travel Booking,Northern Europe,CUST-7531,0
fa46a3a2,2026-09-06 14:16:00,ACH,408.23,USD,Shopify Store,Southern Europe,CUST-3087,0
6a4507e2,2026-09-06 14:25:00,Wallet,504.22,USD,Amazon,North America,CUST-2177,0
87cfd434,2026-09-06 14:27:00,ACH,657.74,EUR,Fashion Outlet,Eastern Europe,CUST-1569,0
940bafd0,2026-09-06 14:34:00,Card,557.48,USD,Fashion Outlet,North America,CUST-7482,0
e0e799f8,2026-09-06 14:36:00,Card,440.82,USD,Local Coffee Shop,Northern Europe,CUST-3012,0
e5422178,2026-09-06 14:36:00,Card,564.53,EUR,Grocery Mart,Eastern Europe,CUST-1567,0
bf8a4c7b,2026-09-06 14:40:00,Wallet,87.88,USD,Grocery Mart,Western Europe,CUST-8168,0
d54e381d,2026-09-06 14:43:00,Card,294.94,EUR,Grocery Mart,Southern Europe,CUST-3450,0
00aabce4,2026-09-06 14:49:00,ACH,37.02,USD,Grocery Mart,Eastern Europe,CUST-9298,0
5f15b288,2026-09-06 14:58:00,Card,356.76,EUR,Electronics Hub,Western Europe,CUST-7185,0
455aff5f,2026-09-06 15:03:00,Wallet,644.33,USD,Netflix,Northern Europe,CUST-9436,0
bc4b43d8,2026-09-06 15:08:00,Card,390.04,EUR,GameStore,Northern Europe,CUST-5349,0
3f556acf,2026-09-06 15:12:00,ACH,419.61,EUR,Fashion Outlet,North America,CUST-6782,0
0dd76ab8,2026-09-06 15:13:00,Wallet,565.99,EUR,Travel Booking,Western Europe,CUST-4628,0
6a30196e,2026-09-06 15:15:00,Card,348.04,USD,Pharmacy Plus,Southern Europe,CUST-6601,0
e901549b,2026-09-06 15:16:00,Wallet,206.83,USD,Local Coffee Shop,Western Europe,CUST-6392,0
9716fc71,2026-09-06 15:19:00,Wallet,136.42,EUR,Local Coffee Shop,Southern Europe,CUST-4249,0
bafc7700,2026-09-06 15:21:00,Card,250.88,USD,Pharmacy Plus,North America,CUST-6053,0
e90c146a,2026-09-06 15:26:00,Wallet,729.25,EUR,Fashion Outlet,North America,CUST-4495,0
e1322e6d,2026-09-06 15:29:00,ACH,724.07,USD,GameStore,Southern Europe,CUST-7080,0
dce8ab5c,2026-09-06 15:31:00,Wallet,589.23,EUR,Local Coffee Shop,Western Europe,CUST-1972,0
4a32b3b7,2026-09-06 15:31:00,Wallet,138.41,USD,Local Coffee Shop,Southern Europe,CUST-1253,0
f3f69ad5,2026-09-06 15:39:00,Wallet,689.97,USD,Shopify Store,Southern Europe,CUST-8140,0
5d5e344a,2026-09-06 15:42:00,Card,36.81,USD,Netflix,North America,CUST-9683,0
289fcf93,2026-09-06 15:43:00,Card,745.44,EUR,Amazon,North America,CUST-9615,0
ce0ca3ed,2026-09-06 15:44:00,Wallet,6.39,USD,Electronics Hub,Northern Europe,CUST-1081,0
f26bca93,2026-09-06 15:57:00,Card,733.64,USD,Travel Booking,North America,CUST-2611,0
8eed7449,2026-09-06 15:57:00,ACH,304.52,USD,Pharmacy Plus,Northern Europe,CUST-5342,0
b450e4f1,2026-09-06 15:57:00,ACH,508.35,USD,GameStore,Northern Europe,CUST-8298,0
0579d8fc,2026-09-06 16:02:00,Wallet,192.26,USD,Amazon,Southern Europe,CUST-3645,0
ca9d72e1,2026-09-06 16:04:00,ACH,134.59,EUR,Shopify Store,Northern Europe,CUST-1340,0
11176283,2026-09-06 16:08:00,ACH,72.92,EUR,Spotify,Western Europe,CUST-9351,0
12ee074c,2026-09-06 16:13:00,ACH,180.58,EUR,Grocery Mart,Eastern Europe,CUST-1593,0
ff2b6dc4,2026-09-06 16:14:00,Wallet,275.43,USD,Fashion Outlet,Eastern Europe,CUST-9386,0
c4a4aae1,2026-09-06 16:20:00,ACH,522.18,USD,Local Coffee Shop,Western Europe,CUST-5683,0
b69d178b,2026-09-06 16:21:00,Card,29.29,USD,GameStore,Northern Europe,CUST-6995,0
c8d1c01c,2026-09-06 16:23:00,Card,9.5,USD,Shopify Store,Eastern Europe,CUST-3258,0
0906d044,2026-09-06 16:39:00,ACH,528.82,EUR,Netflix,North America,CUST-1863,0
a1b0a852,2026-09-06 16:40:00,Wallet,228.22,USD,Electronics Hub,Southern Europe,CUST-3013,0
555e643e,2026-09-06 16:50:00,ACH,69.47,EUR,Shopify Store,Northern Europe,CUST-8558,0
b712ffc1,2026-09-06 16:55:00,ACH,648.37,USD,Grocery Mart,Southern Europe,CUST-2829,0
c6d32c5d,2026-09-06 16:57:00,Wallet,215.23,USD,Local Coffee Shop,Western Europe,CUST-4228,0
ba759088,2026-09-06 17:05:00,Card,627.89,USD,Local Coffee Shop,Eastern Europe,CUST-2316,0
32419909,2026-09-06 17:06:00,Wallet,434.61,EUR,Grocery Mart,Southern Europe,CUST-3187,0
b9293949,2026-09-06 17:13:00,Wallet,378.48,EUR,Netflix,North America,CUST-1116,0
af2ec91b,2026-09-06 17:30:00,Wallet,409.53,USD,Spotify,Western Europe,CUST-4543,0
69364031,2026-09-06 17:45:00,Wallet,391.11,USD,Travel Booking,Southern Europe,CUST-6400,0
5cc4515b,2026-09-06 17:46:00,Wallet,167.02,EUR,Netflix,North America,CUST-4019,0
6b9c61cd,2026-09-06 17:47:00,ACH,473.59,USD,Shopify Store,Southern Europe,CUST-9459,0
03ed3086,2026-09-06 17:48:00,ACH,401.75,EUR,Netflix,North America,CUST-8937,0
f5169a30,2026-09-06 17:49:00,Wallet,51.86,EUR,Netflix,Southern Europe,CUST-5282,0
400e2f00,2026-09-06 17:54:00,ACH,162.98,EUR,Grocery Mart,Southern Europe,CUST-9996,0
fbb2c926,2026-09-06 17:56:00,Wallet,239.32,USD,Uber,North America,CUST-5346,0
3bd899b0,2026-09-06 18:01:00,Card,114.71,USD,Travel Booking,North America,CUST-2822,0
d1f9008c,2026-09-06 18:04:00,Card,702.47,USD,Netflix,Western Europe,CUST-4973,0
b40d2761,2026-09-06 18:04:00,Wallet,162.01,EUR,Electronics Hub,Western Europe,CUST-1609,0
cecffd72,2026-09-06 18:08:00,Wallet,331.02,EUR,Amazon,Northern Europe,CUST-8855,0
2d142ae4,2026-09-06 18:09:00,ACH,551.02,EUR,Amazon,Northern Europe,CUST-8122,0
efe822f2,2026-09-06 18:12:00,ACH,748.78,EUR,Netflix,Northern Europe,CUST-3460,0
0e5088c4,2026-09-06 18:13:00,Card,686.45,USD,Uber,North America,CUST-9149,0
e9dd16c8,2026-09-06 18:14:00,Wallet,764.9,EUR,Fashion Outlet,Eastern Europe,CUST-7315,0
639d506b,2026-09-06 18:30:00,Wallet,633.14,USD,Netflix,North America,CUST-7996,0
f7782659,2026-09-06 18:32:00,ACH,522.69,EUR,Uber,Western Europe,CUST-8674,0
55145378,2026-09-06 18:46:00,Wallet,379.91,USD,Local Coffee Shop,Western Europe,CUST-4470,0
fd1e742a,2026-09-06 18:58:00,Wallet,147.21,EUR,Uber,Northern Europe,CUST-6416,0
38f67f71,2026-09-06 19:01:00,Card,558.04,USD,Netflix,Eastern Europe,CUST-9200,0
bc43cf9a,2026-09-06 19:07:00,ACH,88.64,EUR,Shopify Store,Western Europe,CUST-1870,0
6e6e88b6,2026-09-06 19:18:00,Card,199.75,USD,Amazon,Northern Europe,CUST-6175,0
7c6ea129,2026-09-06 19:20:00,Card,249.46,EUR,Electronics Hub,Northern Europe,CUST-5033,0
95946bae,2026-09-06 19:20:00,Card,658.32,EUR,Local Coffee Shop,Eastern Europe,CUST-8601,0
5b5faf64,2026-09-06 19:30:00,ACH,380.15,EUR,Travel Booking,Eastern Europe,CUST-2686,0
b4e81d8b,2026-09-06 19:35:00,Wallet,398.09,USD,Uber,Western Europe,CUST-1984,0
bc4a2100,2026-09-06 19:42:00,Wallet,116.93,EUR,Travel Booking,Southern Europe,CUST-9593,0
c8948b56,2026-09-06 19:42:00,Wallet,658.65,USD,Local Coffee Shop,Southern Europe,CUST-7709,0
f6441da1,2026-09-06 19:44:00,ACH,437.9,EUR,Local Coffee Shop,Eastern Europe,CUST-9638,0
6bc44bde,2026-09-06 19:48:00,ACH,460.63,USD,Spotify,Northern Europe,CUST-7463,0
f2b0e60a,2026-09-06 19:51:00,ACH,292.14,USD,Fashion Outlet,Western Europe,CUST-1961,0
ef1b6edc,2026-09-06 19:53:00,ACH,589.36,USD,Netflix,North America,CUST-6077,0
48f9306e,2026-09-06 19:55:00,ACH,420.97,EUR,Grocery Mart,North America,CUST-4065,0
651af518,2026-09-06 19:56:00,ACH,44.1,USD,Travel Booking,Northern Europe,CUST-1812,0
007cc472,2026-09-06 20:08:00,Wallet,614.8,EUR,Spotify,Western Europe,CUST-8934,0
7c42afce,2026-09-06 20:13:00,ACH,137.81,USD,Spotify,Eastern Europe,CUST-4823,0
249552bf,2026-09-06 20:38:00,ACH,481.47,USD,Shopify Store,Eastern Europe,CUST-9897,0
65dc13ae,2026-09-06 20:43:00,ACH,127.46,EUR,Grocery Mart,North America,CUST-4729,0
bbc19449,2026-09-06 21:03:00,ACH,29.56,EUR,Local Coffee Shop,Eastern Europe,CUST-6065,0
d2d86eb3,2026-09-06 21:08:00,ACH,243.85,EUR,Electronics Hub,North America,CUST-7365,0
333c735a,2026-09-06 21:11:00,Card,108.47,USD,Pharmacy Plus,North America,CUST-2612,0
ff95d151,2026-09-06 21:11:00,ACH,72.95,USD,Fashion Outlet,Southern Europe,CUST-3486,0
df698a39,2026-09-06 21:18:00,Card,380.82,EUR,GameStore,North America,CUST-1808,0
80dae25e,2026-09-06 21:26:00,Card,609.03,USD,Uber,Eastern Europe,CUST-5061,0
94286f7d,2026-09-06 21:30:00,Card,308.03,USD,Spotify,Northern Europe,CUST-2500,0
30ee55aa,2026-09-06 21:32:00,ACH,407.17,EUR,Spotify,Southern Europe,CUST-7314,0
1cd9c33c,2026-09-06 21:42:00,ACH,321.88,EUR,Local Coffee Shop,Eastern Europe,CUST-3109,0
e02d0f5c,2026-09-06 21:43:00,ACH,620.5,EUR,Netflix,Southern Europe,CUST-3243,0
ce4a5340,2026-09-06 21:49:00,Card,13.42,USD,Netflix,North America,CUST-5380,0
08b1c56f,2026-09-06 21:52:00,Card,421.3,EUR,Fashion Outlet,Southern Europe,CUST-9136,0
3fefe988,2026-09-06 21:53:00,ACH,410.02,EUR,Travel Booking,Southern Europe,CUST-4452,0
092a78cd,2026-09-06 22:05:00,Wallet,151.55,EUR,GameStore,North America,CUST-7181,0
d4f77af1,2026-09-06 22:11:00,ACH,373.11,USD,Pharmacy Plus,Eastern Europe,CUST-1870,0
50c509d6,2026-09-06 22:25:00,ACH,176.27,EUR,Netflix,Eastern Europe,CUST-7581,0
e0ec744a,2026-09-06 22:29:00,ACH,98.54,USD,Local Coffee Shop,Western Europe,CUST-5590,0
6ad8cf9d,2026-09-06 22:34:00,Wallet,187.41,USD,Electronics Hub,Western Europe,CUST-8547,0
0e2b2376,2026-09-06 22:36:00,Wallet,251.23,EUR,Local Coffee Shop,North America,CUST-2230,0
5bc2025d,2026-09-06 22:45:00,Card,588.58,USD,Shopify Store,Northern Europe,CUST-2698,0
bdbee530,2026-09-06 22:53:00,Card,323.38,EUR,Travel Booking,Northern Europe,CUST-9192,0
06007905,2026-09-06 22:56:00,Wallet,638.94,USD,Spotify,Southern Europe,CUST-4728,0
726ff70c,2026-09-06 23:03:00,ACH,474.37,USD,GameStore,North America,CUST-4445,0
05d58675,2026-09-06 23:17:00,Card,469.34,USD,Uber,Western Europe,CUST-9810,0
fc45f12d,2026-09-06 23:23:00,Wallet,739.15,USD,Grocery Mart,Eastern Europe,CUST-8703,0
431a8063,2026-09-06 23:39:00,Wallet,772.43,EUR,GameStore,Southern Europe,CUST-7889,0
55723409,2026-09-06 23:43:00,Card,119.37,EUR,Travel Booking,Northern Europe,CUST-8469,0
18740bd3,2026-09-06 23:50:00,Card,486.95,EUR,Uber,Southern Europe,CUST-1887,0
e8651db6,2026-09-07 00:03:00,Wallet,730.07,USD,Shopify Store,Southern Europe,CUST-4069,0
f0991e89,2026-09-07 00:03:00,Card,40.78,EUR,Travel Booking,Southern Europe,CUST-9558,0
8082d0bc,2026-09-07 00:11:00,Card,394.17,EUR,Travel Booking,Northern Europe,CUST-9381,0
cb9976a2,2026-09-07 00:14:00,Wallet,371.56,USD,Amazon,North America,CUST-3130,0
b19b6579,2026-09-07 00:33:00,ACH,279.11,EUR,Pharmacy Plus,Western Europe,CUST-9259,0
f35ecd1d,2026-09-07 00:34:00,ACH,468.28,EUR,Uber,North America,CUST-5782,0
0cbdc6dd,2026-09-07 00:50:00,Card,232.14,EUR,Local Coffee Shop,Southern Europe,CUST-1074,0
1951efd6,2026-09-07 00:55:00,Card,243.9,USD,Local Coffee Shop,Western Europe,CUST-3878,0
c2457883,2026-09-07 00:59:00,ACH,494.53,EUR,Amazon,Southern Europe,CUST-4256,0
9f540197,2026-09-07 01:17:00,Wallet,164.13,EUR,Uber,Northern Europe,CUST-3182,0
83567591,2026-09-07 01:20:00,ACH,456.74,USD,Netflix,Northern Europe,CUST-4315,0
24424c15,2026-09-07 01:37:00,Wallet,431.55,USD,Amazon,Western Europe,CUST-8634,0
25201e60,2026-09-07 01:39:00,Card,737.12,EUR,Fashion Outlet,Eastern Europe,CUST-3897,0
2dd7a0f6,2026-09-07 01:41:00,Wallet,284.48,EUR,Travel Booking,North America,CUST-5424,0
f339752a,2026-09-07 01:43:00,Wallet,526.34,EUR,Uber,North America,CUST-4787,0
381322ee,2026-09-07 01:47:00,ACH,681.39,USD,Fashion Outlet,North America,CUST-3431,0
a3af7dab,2026-09-07 01:50:00,Wallet,463.6,USD,Electronics Hub,Southern Europe,CUST-5792,0
0997f330,2026-09-07 01:52:00,Card,571.14,EUR,Uber,North America,CUST-6523,0
be34b948,2026-09-07 02:00:00,ACH,649.53,EUR,Uber,Eastern Europe,CUST-2758,0
b8d0e3e4,2026-09-07 02:00:00,ACH,192.93,EUR,GameStore,Western Europe,CUST-9608,0
8437318e,2026-09-07 02:06:00,Wallet,577.38,EUR,Grocery Mart,Eastern Europe,CUST-6248,0
60d709e2,2026-09-07 02:10:00,ACH,85.38,EUR,GameStore,Western Europe,CUST-8724,0
69e34f3e,2026-09-07 02:20:00,ACH,509.24,USD,Shopify Store,Eastern Europe,CUST-7271,0
43b0abb9,2026-09-07 02:21:00,ACH,552.3,USD,Travel Booking,Eastern Europe,CUST-9213,0
cf9b9dc1,2026-09-07 02:22:00,ACH,429.77,USD,Electronics Hub,Eastern Europe,CUST-3626,0
bcb74370,2026-09-07 02:24:00,ACH,599.16,EUR,Grocery Mart,Northern Europe,CUST-2124,0
57c2e304,2026-09-07 02:27:00,Wallet,596.1,EUR,Pharmacy Plus,Western Europe,CUST-9003,0
1f17d85f,2026-09-07 02:28:00,Wallet,236.83,EUR,Pharmacy Plus,Northern Europe,CUST-1448,0
083a491e,2026-09-07 02:54:00,ACH,353.58,EUR,Grocery Mart,Northern Europe,CUST-6133,0
643dcf9d,2026-09-07 02:59:00,Card,755.15,EUR,Travel Booking,Northern Europe,CUST-7090,0
e343fbb5,2026-09-07 03:02:00,Card,520.61,USD,Uber,Southern Europe,CUST-7836,0
01cedeb9,2026-09-07 03:02:00,Card,397.18,EUR,Grocery Mart,North America,CUST-1508,0
a35699ec,2026-09-07 03:09:00,Wallet,108.3,EUR,Pharmacy Plus,Western Europe,CUST-1134,0
12bb8e78,2026-09-07 03:22:00,Wallet,476.15,EUR,Electronics Hub,Western Europe,CUST-1500,0
7d70e8c2,2026-09-07 03:24:00,ACH,289.51,EUR,Amazon,Eastern Europe,CUST-2247,0
669245f2,2026-09-07 03:28:00,ACH,196.95,USD,Shopify Store,Eastern Europe,CUST-6826,0
256e3777,2026-09-07 03:42:00,Wallet,127.79,USD,Electronics Hub,Western Europe,CUST-1675,0
45c7c8fa,2026-09-07 03:50:00,Wallet,272.26,USD,GameStore,Western Europe,CUST-3440,0
bccb8af9,2026-09-07 04:03:00,Wallet,595.91,EUR,GameStore,Eastern Europe,CUST-3131,0
737dd89b,2026-09-07 04:04:00,ACH,512.57,USD,GameStore,Southern Europe,CUST-5280,1
991e7b9f,2026-09-07 04:04:00,Wallet,355.48,USD,Spotify,Northern Europe,CUST-4643,0
1985b0a6,2026-09-07 04:13:00,Card,442.48,EUR,Netflix,Western Europe,CUST-7774,0
18f7040e,2026-09-07 04:13:00,Card,221.69,USD,Shopify Store,Eastern Europe,CUST-5824,0
096fcd1a,2026-09-07 04:22:00,Wallet,568.4,USD,Travel Booking,Eastern Europe,CUST-3461,0
d0243f1c,2026-09-07 04:24:00,Wallet,375.78,EUR,Travel Booking,North America,CUST-4235,0
fe447f6f,2026-09-07 04:27:00,Card,20.04,EUR,Grocery Mart,North America,CUST-9839,0
314765cd,2026-09-07 04:29:00,Wallet,77.57,USD,Fashion Outlet,Western Europe,CUST-3224,0
cd77eda3,2026-09-07 04:44:00,Wallet,59.75,EUR,Spotify,Northern Europe,CUST-8973,0
f594eadd,2026-09-07 04:48:00,Card,346.39,EUR,Amazon,North America,CUST-2712,0
8118c248,2026-09-07 05:01:00,ACH,480.6,USD,Grocery Mart,Eastern Europe,CUST-9206,0
f1fddb30,2026-09-07 05:05:00,Card,127.1,USD,Grocery Mart,Northern Europe,CUST-7526,0
a72256d7,2026-09-07 05:08:00,ACH,348.86,EUR,Spotify,Southern Europe,CUST-1483,0
a9823d60,2026-09-07 05:13:00,ACH,199.17,USD,Spotify,Southern Europe,CUST-3371,0
213a82af,2026-09-07 05:19:00,Wallet,2405.51,EUR,Pharmacy Plus,Western Europe,CUST-1821,1
fd91f59d,2026-09-07 05:34:00,Wallet,721.75,USD,Electronics Hub,Western Europe,CUST-6763,0
66ba4363,2026-09-07 05:38:00,ACH,510.32,USD,Amazon,North America,CUST-4103,0
229fb421,2026-09-07 05:44:00,Wallet,410.13,USD,GameStore,Northern Europe,CUST-6761,0
bef17b32,2026-09-07 05:48:00,Wallet,432.09,USD,Uber,North America,CUST-8638,0
3964605f,2026-09-07 05:58:00,Card,19.17,EUR,Fashion Outlet,Southern Europe,CUST-1531,0
5838200c,2026-09-07 06:01:00,ACH,778.22,EUR,Spotify,North America,CUST-6491,0
c55338e1,2026-09-07 06:04:00,Card,543.7,EUR,Shopify Store,North America,CUST-9313,0
291442e5,2026-09-07 06:08:00,Card,8.59,USD,Pharmacy Plus,Eastern Europe,CUST-9940,0
52be2d72,2026-09-07 06:21:00,Wallet,423.68,USD,Uber,Southern Europe,CUST-3545,0
a6e60aa0,2026-09-07 06:23:00,Wallet,152.71,USD,Grocery Mart,North America,CUST-7385,0
3201c21b,2026-09-07 06:24:00,ACH,542.02,USD,Pharmacy Plus,North America,CUST-1612,0
d43201fa,2026-09-07 06:24:00,Card,539.29,USD,Uber,Eastern Europe,CUST-2522,0
2a27062c,2026-09-07 06:32:00,Wallet,347.04,EUR,Netflix,Eastern Europe,CUST-4005,0
30872228,2026-09-07 06:41:00,Wallet,295.01,EUR,Shopify Store,Southern Europe,CUST-3339,0
8859aadd,2026-09-07 06:43:00,Wallet,667.04,EUR,Local Coffee Shop,Southern Europe,CUST-5109,0
e16e046b,2026-09-07 06:54:00,Card,423.0,EUR,Travel Booking,Western Europe,CUST-2548,0
f38097b6,2026-09-07 06:55:00,Wallet,393.0,EUR,Electronics Hub,Eastern Europe,CUST-4254,0
6975862e,2026-09-07 06:58:00,Card,287.83,USD,Spotify,Southern Europe,CUST-4745,0
24bb930e,2026-09-07 07:02:00,Card,454.52,USD,GameStore,North America,CUST-8856,0
8b65f358,2026-09-07 07:05:00,ACH,664.19,USD,Fashion Outlet,North America,CUST-7397,0
879604e9,2026-09-07 07:05:00,Card,292.54,USD,Electronics Hub,North America,CUST-9034,0
4d191e2a,2026-09-07 07:09:00,Card,758.29,EUR,Electronics Hub,Western Europe,CUST-2643,0
f081ada8,2026-09-07 07:12:00,Wallet,152.37,USD,Electronics Hub,Eastern Europe,CUST-8219,0
cc8d2773,2026-09-07 07:18:00,ACH,777.89,EUR,Uber,Eastern Europe,CUST-9946,0
0469952c,2026-09-07 07:28:00,Card,382.1,EUR,Electronics Hub,Western Europe,CUST-7616,0
15f3e8ca,2026-09-07 07:33:00,Card,228.71,USD,Local Coffee Shop,Eastern Europe,CUST-6583,0
422f0c8a,2026-09-07 07:37:00,Wallet,489.64,USD,Grocery Mart,Southern Europe,CUST-5256,0
d0508012,2026-09-07 07:45:00,Wallet,237.11,USD,Pharmacy Plus,Southern Europe,CUST-6190,0
84167de3,2026-09-07 08:06:00,ACH,409.01,USD,Local Coffee Shop,North America,CUST-2801,0
7e8a96f7,2026-09-07 08:10:00,ACH,347.18,USD,Fashion Outlet,Eastern Europe,CUST-5213,0
40631559,2026-09-07 08:19:00,ACH,350.82,USD,Pharmacy Plus,North America,CUST-7404,0
dccb3aa0,2026-09-07 08:27:00,ACH,656.65,USD,Shopify Store,Northern Europe,CUST-9600,0
cf26a17b,2026-09-07 08:29:00,Wallet,509.39,EUR,Grocery Mart,Southern Europe,CUST-8527,0
639be326,2026-09-07 08:34:00,Wallet,591.12,EUR,Netflix,North America,CUST-2262,0
19bcb932,2026-09-07 08:35:00,Wallet,943.08,USD,Electronics Hub,North America,CUST-1223,1
775c18fc,2026-09-07 08:40:00,Card,731.83,USD,Shopify Store,Western Europe,CUST-3510,0
6d41b464,2026-09-07 08:42:00,Card,402.57,USD,Travel Booking,Southern Europe,CUST-3865,0
dab32baa,2026-09-07 08:42:00,Card,405.04,USD,Travel Booking,Western Europe,CUST-5485,0
0ce7641b,2026-09-07 08:44:00,Wallet,307.15,USD,Uber,Eastern Europe,CUST-9503,0
19982881,2026-09-07 08:45:00,Card,674.58,USD,Travel Booking,Western Europe,CUST-6782,0
5ab511f5,2026-09-07 08:49:00,Wallet,723.27,USD,Netflix,Southern Europe,CUST-5508,0
5dbb0f4c,2026-09-07 08:56:00,ACH,519.22,EUR,Uber,Western Europe,CUST-6721,0
2b84bee5,2026-09-07 08:59:00,Card,547.95,USD,Electronics Hub,Southern Europe,CUST-2922,0
2f377c1b,2026-09-07 09:12:00,Card,132.44,EUR,Netflix,Northern Europe,CUST-7128,0
d34ca030,2026-09-07 09:19:00,Card,742.83,USD,Amazon,Northern Europe,CUST-4765,0
9141ead3,2026-09-07 09:23:00,Card,384.28,EUR,Grocery Mart,North America,CUST-5904,0
fec982c8,2026-09-07 09:25:00,Card,110.15,USD,Uber,North America,CUST-5168,0
515f0497,2026-09-07 09:42:00,Wallet,556.05,USD,Grocery Mart,Northern Europe,CUST-1523,0
c0d7cec4,2026-09-07 09:43:00,Card,497.47,USD,Travel Booking,North America,CUST-3192,0
9a9607ff,2026-09-07 09:50:00,ACH,721.31,EUR,Electronics Hub,Northern Europe,CUST-2503,0
1e306976,2026-09-07 09:54:00,ACH,181.22,USD,Travel Booking,North America,CUST-8085,0
8ea3ec02,2026-09-07 10:04:00,Wallet,42.58,USD,Electronics Hub,Western Europe,CUST-7543,0
9cb5a259,2026-09-07 10:13:00,ACH,96.08,EUR,Netflix,North America,CUST-9042,0
0ad17581,2026-09-07 10:16:00,Wallet,672.08,EUR,Electronics Hub,Southern Europe,CUST-1226,0
b32d2883,2026-09-07 10:18:00,ACH,443.56,USD,Spotify,North America,CUST-5132,0
8d74d59a,2026-09-07 10:32:00,ACH,235.94,USD,Amazon,North America,CUST-1298,0
f0c59d29,2026-09-07 10:34:00,ACH,137.21,EUR,Electronics Hub,Western Europe,CUST-6709,0
dc1a30eb,2026-09-07 10:35:00,Wallet,1372.06,USD,Uber,Northern Europe,CUST-2593,1
dbf1f316,2026-09-07 10:39:00,Wallet,96.4,EUR,Netflix,North America,CUST-4929,0
90a29fa1,2026-09-07 10:39:00,Card,496.42,USD,Shopify Store,Eastern Europe,CUST-3219,0
abb0bc4c,2026-09-07 10:43:00,Card,82.03,USD,Uber,Eastern Europe,CUST-3341,0
24ff6769,2026-09-07 10:55:00,ACH,455.83,EUR,Amazon,Northern Europe,CUST-4836,0
628d5726,2026-09-07 11:01:00,Card,32.09,EUR,Electronics Hub,Eastern Europe,CUST-9213,0
4edac46d,2026-09-07 11:04:00,ACH,271.85,USD,Fashion Outlet,North America,CUST-4353,0
19cd615f,2026-09-07 11:16:00,Wallet,125.8,EUR,Uber,North America,CUST-3720,0
5c8376ca,2026-09-07 11:29:00,Wallet,12.4,EUR,Shopify Store,North America,CUST-7487,0
3f93e66f,2026-09-07 11:29:00,ACH,217.08,EUR,Local Coffee Shop,North America,CUST-6391,0
41c7b837,2026-09-07 11:31:00,Card,455.86,USD,Grocery Mart,Eastern Europe,CUST-1363,0
c27c42a7,2026-09-07 11:32:00,Card,772.63,EUR,Grocery Mart,North America,CUST-7649,0
7c244bfe,2026-09-07 11:37:00,Card,178.61,USD,Spotify,North America,CUST-6594,0
6f798713,2026-09-07 11:38:00,ACH,288.51,USD,Pharmacy Plus,Eastern Europe,CUST-6418,0
5491519b,2026-09-07 11:50:00,Card,407.14,USD,Travel Booking,Eastern Europe,CUST-4618,0
80e0246a,2026-09-07 12:04:00,Card,626.31,USD,Pharmacy Plus,Southern Europe,CUST-2860,0
ce55048d,2026-09-07 12:06:00,Card,321.07,USD,Pharmacy Plus,Northern Europe,CUST-9506,0
54a68af0,2026-09-07 12:15:00,Card,769.83,EUR,Fashion Outlet,Eastern Europe,CUST-6059,0
60f17de0,2026-09-07 12:20:00,Wallet,543.86,EUR,Local Coffee Shop,North America,CUST-6383,0
5f66db17,2026-09-07 12:26:00,ACH,173.32,EUR,Netflix,Southern Europe,CUST-9853,0
b2f6bfb2,2026-09-07 12:26:00,ACH,720.57,USD,Spotify,North America,CUST-8119,0
1497d23b,2026-09-07 12:28:00,Wallet,311.19,USD,Shopify Store,Southern Europe,CUST-9060,0
789c11d6,2026-09-07 12:40:00,Card,685.27,EUR,Local Coffee Shop,Southern Europe,CUST-2563,0
a90956d4,2026-09-07 12:43:00,Card,643.81,EUR,Pharmacy Plus,Western Europe,CUST-3481,0
5c1b7416,2026-09-07 12:44:00,ACH,634.67,USD,Grocery Mart,Eastern Europe,CUST-7092,0
a41da917,2026-09-07 12:45:00,Wallet,504.93,USD,Uber,Eastern Europe,CUST-6862,0
beaad433,2026-09-07 12:50:00,ACH,410.06,USD,Local Coffee Shop,Northern Europe,CUST-4337,0
cb6c4d85,2026-09-07 12:51:00,Card,585.92,USD,Spotify,Eastern Europe,CUST-2944,0
b4d52316,2026-09-07 12:52:00,Wallet,681.12,USD,Fashion Outlet,Northern Europe,CUST-7611,0
6ca0133e,2026-09-07 13:01:00,ACH,310.86,EUR,Local Coffee Shop,Southern Europe,CUST-8899,0
0807c24b,2026-09-07 13:02:00,Wallet,98.1,EUR,Spotify,Southern Europe,CUST-4081,0
c7da85e8,2026-09-07 13:05:00,ACH,260.17,EUR,Grocery Mart,Eastern Europe,CUST-3422,0
c9a7bf5c,2026-09-07 13:12:00,Card,99.8,USD,Amazon,North America,CUST-1499,0
70f94bfe,2026-09-07 13:17:00,ACH,55.66,EUR,Pharmacy Plus,Southern Europe,CUST-2781,0
15b17eff,2026-09-07 13:22:00,ACH,39.38,EUR,Travel Booking,Southern Europe,CUST-7872,0
0f12e4da,2026-09-07 13:22:00,Card,334.21,USD,Uber,Eastern Europe,CUST-2437,0
d71e1342,2026-09-07 13:23:00,Card,737.62,EUR,Travel Booking,Eastern Europe,CUST-1209,0
b6260d8c,2026-09-07 13:29:00,Card,598.28,USD,Pharmacy Plus,Eastern Europe,CUST-6724,0
b817d67b,2026-09-07 13:41:00,Card,394.53,USD,Uber,Southern Europe,CUST-8030,0
daaf726d,2026-09-07 13:44:00,ACH,121.5,USD,Spotify,North America,CUST-2674,0
e939ac06,2026-09-07 13:46:00,Card,151.47,USD,Netflix,Eastern Europe,CUST-6226,0
bad356d8,2026-09-07 13:46:00,ACH,576.91,USD,Uber,Western Europe,CUST-1123,0
74d7aad3,2026-09-07 13:50:00,Wallet,674.25,EUR,Amazon,North America,CUST-2415,0
99ec70e1,2026-09-07 13:51:00,ACH,388.26,EUR,Shopify Store,Eastern Europe,CUST-4427,0
33f1467a,2026-09-07 13:56:00,Card,69.41,EUR,Local Coffee Shop,Eastern Europe,CUST-2678,0
1769c73c,2026-09-07 13:58:00,Card,79.2,EUR,Shopify Store,Southern Europe,CUST-2912,0
bd10e843,2026-09-07 14:03:00,ACH,259.88,EUR,Electronics Hub,North America,CUST-7076,0
3090a245,2026-09-07 14:03:00,Card,448.33,EUR,Amazon,Northern Europe,CUST-6348,0
34c82166,2026-09-07 14:05:00,Wallet,331.85,EUR,Spotify,Eastern Europe,CUST-4204,0
2057e1f4,2026-09-07 14:09:00,Wallet,69.15,EUR,Grocery Mart,North America,CUST-7544,0
8bb5b7d1,2026-09-07 14:15:00,ACH,441.04,USD,Shopify Store,Northern Europe,CUST-7933,0
14c11c38,2026-09-07 14:17:00,ACH,605.12,EUR,Travel Booking,North America,CUST-6003,0
b5cce1e9,2026-09-07 14:19:00,ACH,665.46,USD,Uber,Northern Europe,CUST-1393,0
fb81d958,2026-09-07 14:22:00,ACH,101.7,USD,Grocery Mart,Eastern Europe,CUST-5133,0
8cefaceb,2026-09-07 14:25:00,Wallet,679.26,USD,Grocery Mart,North America,CUST-2507,0
7ca9316b,2026-09-07 14:34:00,Wallet,131.5,USD,Amazon,Southern Europe,CUST-8394,0
ffd15cc0,2026-09-07 14:41:00,Wallet,379.84,EUR,Grocery Mart,North America,CUST-8419,0
fd913dad,2026-09-07 14:45:00,Wallet,532.97,EUR,Electronics Hub,North America,CUST-5553,0
573aca19,2026-09-07 14:50:00,Card,399.12,USD,Travel Booking,North America,CUST-8838,0
ccc29ba6,2026-09-07 14:52:00,ACH,126.67,USD,Electronics Hub,Western Europe,CUST-3186,0
8748af01,2026-09-07 15:00:00,Card,668.74,EUR,Shopify Store,Western Europe,CUST-5414,0
6190245b,2026-09-07 15:07:00,Card,138.51,EUR,Travel Booking,Southern Europe,CUST-1415,0
b624b41a,2026-09-07 15:08:00,Card,124.63,EUR,Travel Booking,Eastern Europe,CUST-5537,0
b2bbe10f,2026-09-07 15:09:00,Wallet,26.93,USD,Amazon,Southern Europe,CUST-6120,0
6755389b,2026-09-07 15:12:00,Card,311.72,EUR,Fashion Outlet,Eastern Europe,CUST-6877,0
2d68cbae,2026-09-07 15:17:00,Card,220.11,USD,Spotify,Eastern Europe,CUST-6161,0
4eb82b8e,2026-09-07 15:25:00,ACH,225.99,EUR,Grocery Mart,Eastern Europe,CUST-9022,0
4310f14f,2026-09-07 15:38:00,Wallet,500.77,USD,Pharmacy Plus,Eastern Europe,CUST-6515,0
d1b47f8e,2026-09-07 15:44:00,Wallet,207.91,EUR,Shopify Store,Southern Europe,CUST-2316,0
ff0a87ff,2026-09-07 16:18:00,Wallet,464.76,EUR,Electronics Hub,Northern Europe,CUST-8925,0
8f26914e,2026-09-07 16:25:00,Wallet,658.25,USD,Netflix,Northern Europe,CUST-4211,0
3383a047,2026-09-07 16:32:00,ACH,723.46,EUR,Shopify Store,Southern Europe,CUST-1014,0
603a93f5,2026-09-07 16:36:00,ACH,341.64,EUR,Grocery Mart,Northern Europe,CUST-5480,0
31882b6d,2026-09-07 16:37:00,Wallet,306.26,USD,Amazon,Western Europe,CUST-7032,0
d1ee3541,2026-09-07 16:39:00,ACH,496.65,USD,Travel Booking,North America,CUST-1409,0
bdbd75de,2026-09-07 16:40:00,Wallet,84.08,EUR,Pharmacy Plus,Eastern Europe,CUST-4837,0
83f8694c,2026-09-07 16:51:00,ACH,792.68,USD,Uber,Western Europe,CUST-1004,0
064130e5,2026-09-07 16:54:00,ACH,687.05,EUR,Electronics Hub,Southern Europe,CUST-1685,0
62d23c50,2026-09-07 17:03:00,Wallet,720.05,USD,Amazon,North America,CUST-2984,0
7f373419,2026-09-07 17:04:00,Wallet,333.39,EUR,GameStore,North America,CUST-1670,0
29c27d61,2026-09-07 17:04:00,Wallet,748.92,USD,GameStore,North America,CUST-3168,0
75d6dd46,2026-09-07 17:06:00,Card,82.98,USD,Netflix,Eastern Europe,CUST-6164,0
59a982ee,2026-09-07 17:08:00,Card,436.79,USD,Spotify,Eastern Europe,CUST-7568,0
c076117a,2026-09-07 17:12:00,Card,363.12,EUR,Shopify Store,Eastern Europe,CUST-2771,0
ed0eb2a3,2026-09-07 17:16:00,ACH,38.44,EUR,Amazon,Western Europe,CUST-2746,0
1ad4d164,2026-09-07 17:17:00,ACH,73.05,USD,Pharmacy Plus,Eastern Europe,CUST-1075,0
f7a48184,2026-09-07 17:23:00,Wallet,716.86,USD,Uber,Southern Europe,CUST-8419,0
dee0d1b7,2026-09-07 17:34:00,Card,451.68,USD,Uber,Southern Europe,CUST-4681,0
145e9768,2026-09-07 17:34:00,Card,477.44,USD,Netflix,Western Europe,CUST-8365,0
e01e2723,2026-09-07 17:37:00,ACH,205.75,EUR,Netflix,Northern Europe,CUST-4300,0
4394099e,2026-09-07 17:38:00,Card,308.42,EUR,Grocery Mart,North America,CUST-2859,0
fe92ff98,2026-09-07 17:48:00,Wallet,625.0,USD,Local Coffee Shop,North America,CUST-3315,0
c65a3972,2026-09-07 18:13:00,Card,135.18,EUR,Local Coffee Shop,North America,CUST-5377,0
1f15fee9,2026-09-07 18:17:00,Wallet,534.17,USD,Shopify Store,Western Europe,CUST-7112,0
8cd4d437,2026-09-07 18:21:00,ACH,22.51,USD,Grocery Mart,Northern Europe,CUST-8459,0
898886ac,2026-09-07 18:28:00,ACH,651.55,EUR,Pharmacy Plus,Western Europe,CUST-9050,0
9c186945,2026-09-07 18:30:00,ACH,83.19,USD,Spotify,Eastern Europe,CUST-5041,0
6b0ee796,2026-09-07 18:35:00,ACH,14.75,EUR,Local Coffee Shop,Western Europe,CUST-8764,0
a9758e0b,2026-09-07 18:36:00,Card,189.57,USD,Travel Booking,Northern Europe,CUST-7255,0
d5230fe6,2026-09-07 18:48:00,Wallet,36.51,EUR,Spotify,Western Europe,CUST-9114,0
21e92fd9,2026-09-07 18:53:00,Card,666.02,USD,Fashion Outlet,Southern Europe,CUST-6926,0
a39c40ac,2026-09-07 19:02:00,Card,333.96,EUR,Local Coffee Shop,Eastern Europe,CUST-6730,0
678209f5,2026-09-07 19:06:00,Wallet,400.67,USD,Fashion Outlet,Western Europe,CUST-8565,0
4df2bdc5,2026-09-07 19:08:00,Wallet,359.41,EUR,Local Coffee Shop,Southern Europe,CUST-7679,0
c47192e5,2026-09-07 19:10:00,ACH,219.72,USD,Grocery Mart,Northern Europe,CUST-1869,0
fd85543d,2026-09-07 19:34:00,ACH,396.89,EUR,Uber,Southern Europe,CUST-1180,1
8d83fbea,2026-09-07 19:40:00,Wallet,410.28,EUR,Spotify,Western Europe,CUST-6449,0
eee7391c,2026-09-07 19:56:00,Card,468.69,EUR,GameStore,Northern Europe,CUST-8483,0
447275fc,2026-09-07 19:58:00,ACH,607.54,USD,Travel Booking,North America,CUST-6519,0
e525c0d6,2026-09-07 20:05:00,Wallet,476.3,USD,Local Coffee Shop,Northern Europe,CUST-3514,0
9a42623b,2026-09-07 20:05:00,Wallet,298.91,EUR,GameStore,Northern Europe,CUST-4489,0
0405dccb,2026-09-07 20:06:00,Wallet,614.33,EUR,Spotify,Eastern Europe,CUST-7464,0
2819c20e,2026-09-07 20:07:00,Card,96.78,USD,GameStore,Eastern Europe,CUST-3056,0
5657ec16,2026-09-07 20:29:00,ACH,407.64,USD,Pharmacy Plus,Southern Europe,CUST-1892,0
0dec07f2,2026-09-07 20:29:00,ACH,439.38,EUR,Pharmacy Plus,Eastern Europe,CUST-7333,0
d8441600,2026-09-07 20:34:00,Wallet,486.18,EUR,Travel Booking,Western Europe,CUST-2430,0
ad34d91c,2026-09-07 20:41:00,Wallet,399.29,EUR,Travel Booking,Southern Europe,CUST-9379,0
eaa18f22,2026-09-07 20:42:00,Card,29.88,EUR,Netflix,Western Europe,CUST-7048,0
c5d28142,2026-09-07 20:50:00,Wallet,310.0,EUR,Electronics Hub,Western Europe,CUST-5414,0
3a0c415e,2026-09-07 20:56:00,Card,409.77,USD,Amazon,North America,CUST-8175,0
3d54cb1a,2026-09-07 20:58:00,Wallet,396.0,USD,Travel Booking,Western Europe,CUST-2591,0
5f1d7d64,2026-09-07 21:01:00,ACH,456.35,EUR,GameStore,Northern Europe,CUST-6252,0
55ab3829,2026-09-07 21:14:00,ACH,212.4,EUR,Shopify Store,Eastern Europe,CUST-8975,0
4dbc4070,2026-09-07 21:14:00,Card,300.31,USD,Local Coffee Shop,Northern Europe,CUST-9912,0
09ff519f,2026-09-07 21:16:00,ACH,285.14,EUR,Fashion Outlet,Northern Europe,CUST-3671,0
b0d7877f,2026-09-07 21:29:00,Card,278.12,USD,Spotify,Eastern Europe,CUST-1236,0
588f3727,2026-09-07 21:49:00,ACH,34.26,USD,Local Coffee Shop,Northern Europe,CUST-7566,0
a7d37f69,2026-09-07 21:49:00,Card,738.34,USD,Local Coffee Shop,Northern Europe,CUST-7814,0
dca557a8,2026-09-07 21:56:00,Card,656.38,USD,Pharmacy Plus,Northern Europe,CUST-4131,0
9f92e71e,2026-09-07 22:01:00,Wallet,280.64,USD,Local Coffee Shop,Southern Europe,CUST-3829,0
d9aaba78,2026-09-07 22:10:00,ACH,253.14,USD,Shopify Store,Northern Europe,CUST-7927,0
3e83582c,2026-09-07 22:17:00,Wallet,682.6,USD,Netflix,Southern Europe,CUST-1248,0
774c7a19,2026-09-07 22:32:00,Wallet,655.62,USD,Netflix,Southern Europe,CUST-6986,0
ff0f6d6a,2026-09-07 22:40:00,Card,310.3,EUR,Local Coffee Shop,Northern Europe,CUST-8676,0
96f4ab50,2026-09-07 22:47:00,Card,674.77,USD,Uber,Western Europe,CUST-5264,0
f2b09b4e,2026-09-07 22:52:00,Wallet,231.09,USD,Spotify,North America,CUST-8832,0
d33301a9,2026-09-07 22:53:00,Wallet,385.09,EUR,Local Coffee Shop,Northern Europe,CUST-9698,0
865eb786,2026-09-07 22:55:00,Card,686.78,USD,Uber,Eastern Europe,CUST-8396,0
f70c9f70,2026-09-07 23:01:00,ACH,315.92,USD,Fashion Outlet,Northern Europe,CUST-8616,0
45c64144,2026-09-07 23:03:00,ACH,420.46,USD,Spotify,Southern Europe,CUST-6661,0
ab6de41d,2026-09-07 23:17:00,ACH,668.15,EUR,Local Coffee Shop,Northern Europe,CUST-3005,0
768f7dce,2026-09-07 23:29:00,Wallet,274.11,USD,Grocery Mart,North America,CUST-5920,0
7e5895f0,2026-09-07 23:32:00,Wallet,526.7,USD,Pharmacy Plus,Northern Europe,CUST-4004,0
4e1018e6,2026-09-07 23:43:00,ACH,544.48,EUR,Shopify Store,North America,CUST-4627,0
45961e02,2026-09-07 23:45:00,Card,218.98,USD,Travel Booking,Western Europe,CUST-4728,0
1f1dd463,2026-09-07 23:51:00,Wallet,202.32,USD,Spotify,Western Europe,CUST-6705,0
05a6ff8c,2026-09-07 23:51:00,Wallet,231.82,EUR,GameStore,Southern Europe,CUST-1641,0
2ea84523,2026-09-08 00:08:00,Wallet,343.62,USD,Spotify,Eastern Europe,CUST-4030,0
56776f4e,2026-09-08 00:10:00,Card,224.48,EUR,Local Coffee Shop,Northern Europe,CUST-2926,0
cfc72509,2026-09-08 00:12:00,ACH,307.8,USD,Electronics Hub,North America,CUST-1147,0
1a5895ac,2026-09-08 00:20:00,ACH,599.91,EUR,Local Coffee Shop,North America,CUST-3043,0
a02cc8cc,2026-09-08 00:27:00,Wallet,370.03,EUR,Amazon,Eastern Europe,CUST-1141,0
16d0cb14,2026-09-08 00:28:00,ACH,516.01,USD,GameStore,Western Europe,CUST-1025,0
44f09e3b,2026-09-08 00:28:00,Wallet,518.83,USD,Electronics Hub,Northern Europe,CUST-1173,0
dc3dec5a,2026-09-08 00:28:00,Wallet,439.54,EUR,Uber,North America,CUST-5936,0
64afae67,2026-09-08 00:32:00,ACH,537.26,USD,Electronics Hub,Southern Europe,CUST-3143,0
ab550f22,2026-09-08 00:39:00,ACH,687.94,USD,Spotify,North America,CUST-5188,0
cf7fae45,2026-09-08 00:42:00,Card,113.07,USD,Netflix,Southern Europe,CUST-3541,0
1000923a,2026-09-08 00:42:00,Card,425.81,EUR,GameStore,Northern Europe,CUST-8528,0
95c635e5,2026-09-08 00:43:00,Wallet,492.26,EUR,Fashion Outlet,Eastern Europe,CUST-2938,0
c7934069,2026-09-08 00:45:00,ACH,543.3,EUR,Shopify Store,Southern Europe,CUST-9731,0
28f03394,2026-09-08 00:50:00,Wallet,426.56,EUR,Pharmacy Plus,Eastern Europe,CUST-9385,0
464b3465,2026-09-08 01:00:00,Card,47.56,EUR,Amazon,Eastern Europe,CUST-1102,0
f513378c,2026-09-08 01:00:00,ACH,191.59,EUR,Electronics Hub,Northern Europe,CUST-9694,0
94891836,2026-09-08 01:02:00,Wallet,738.95,EUR,Electronics Hub,Western Europe,CUST-7779,0
629ecbab,2026-09-08 01:23:00,ACH,30.11,EUR,Uber,Eastern Europe,CUST-1589,0
39faf128,2026-09-08 01:30:00,Wallet,722.39,EUR,Shopify Store,Western Europe,CUST-9462,0
46b56f00,2026-09-08 01:42:00,Card,401.37,EUR,Pharmacy Plus,Southern Europe,CUST-6039,0
b03d977b,2026-09-08 01:47:00,Card,30.59,USD,Fashion Outlet,Northern Europe,CUST-9953,0
d0c25d22,2026-09-08 01:55:00,Wallet,596.53,USD,Electronics Hub,Western Europe,CUST-1038,0
95ed1e5d,2026-09-08 01:59:00,ACH,445.35,USD,Spotify,Southern Europe,CUST-8445,0
50f49366,2026-09-08 02:01:00,Wallet,586.77,USD,Local Coffee Shop,North America,CUST-1565,0
985aafae,2026-09-08 02:02:00,ACH,263.84,USD,GameStore,North America,CUST-4155,0
161f8076,2026-09-08 02:14:00,Wallet,502.06,EUR,Local Coffee Shop,Western Europe,CUST-1642,0
70a0bf97,2026-09-08 02:20:00,Card,160.81,EUR,Fashion Outlet,Western Europe,CUST-1662,0
a954cbb0,2026-09-08 02:33:00,Wallet,411.36,EUR,Electronics Hub,Northern Europe,CUST-5981,0
32041e08,2026-09-08 02:37:00,Wallet,161.78,USD,Local Coffee Shop,Northern Europe,CUST-2872,0
ce4a9195,2026-09-08 02:38:00,Wallet,233.2,EUR,Spotify,Eastern Europe,CUST-3892,0
cb687afb,2026-09-08 02:38:00,Wallet,582.59,USD,Electronics Hub,Western Europe,CUST-2133,0
e7e7314a,2026-09-08 02:55:00,Wallet,616.43,USD,Grocery Mart,Western Europe,CUST-1489,0
ec275b10,2026-09-08 02:57:00,Wallet,747.63,USD,Fashion Outlet,Southern Europe,CUST-8865,0
c5550ff5,2026-09-08 03:00:00,Card,772.94,EUR,GameStore,Northern Europe,CUST-4948,0
ae95d3f0,2026-09-08 03:02:00,ACH,15.84,USD,Spotify,Western Europe,CUST-2863,0
094a3566,2026-09-08 03:05:00,ACH,1607.83,USD,Pharmacy Plus,Eastern Europe,CUST-1468,1
be7eb486,2026-09-08 03:08:00,Wallet,653.68,USD,Uber,Northern Europe,CUST-3806,0
edd53ec0,2026-09-08 03:14:00,Card,445.05,EUR,Shopify Store,Southern Europe,CUST-2921,0
42093b06,2026-09-08 03:17:00,Wallet,318.67,EUR,Electronics Hub,Southern Europe,CUST-9160,0
6b60010a,2026-09-08 03:17:00,Card,591.9,EUR,Amazon,Southern Europe,CUST-1500,0
1e87386b,2026-09-08 03:19:00,Wallet,740.4,USD,Uber,Eastern Europe,CUST-1746,0
ab8734f2,2026-09-08 03:34:00,ACH,717.76,USD,Grocery Mart,North America,CUST-2817,0
c250dbe6,2026-09-08 03:38:00,Card,553.18,USD,Fashion Outlet,North America,CUST-9011,0
c28be6c8,2026-09-08 03:49:00,ACH,770.6,USD,Netflix,Western Europe,CUST-3961,0
2f97389f,2026-09-08 04:16:00,ACH,539.68,USD,Shopify Store,North America,CUST-3666,0
a6cab445,2026-09-08 04:21:00,ACH,121.53,USD,Uber,Western Europe,CUST-8518,0
db72f498,2026-09-08 04:24:00,Wallet,128.79,EUR,Amazon,Southern Europe,CUST-6263,0
0259a92e,2026-09-08 04:35:00,Card,475.93,USD,Shopify Store,Eastern Europe,CUST-1948,0
a3296bea,2026-09-08 04:38:00,Card,2314.45,EUR,Electronics Hub,Northern Europe,CUST-5977,1
b73fcbe7,2026-09-08 04:41:00,ACH,431.6,EUR,Spotify,North America,CUST-9061,0
9c0a084a,2026-09-08 04:44:00,Wallet,17.4,USD,GameStore,Northern Europe,CUST-3900,0
e696b60b,2026-09-08 04:48:00,Wallet,359.08,USD,Electronics Hub,North America,CUST-7689,0
5184702b,2026-09-08 04:49:00,ACH,489.63,USD,Shopify Store,Southern Europe,CUST-8581,0
7d11ecbc,2026-09-08 04:51:00,Wallet,205.13,USD,Travel Booking,Western Europe,CUST-7863,0
7c6edc25,2026-09-08 04:54:00,Card,677.24,EUR,Pharmacy Plus,North America,CUST-7470,0
45a69e24,2026-09-08 04:59:00,ACH,682.84,EUR,Pharmacy Plus,Western Europe,CUST-3112,0
5bb91097,2026-09-08 05:01:00,Card,404.7,EUR,Local Coffee Shop,Eastern Europe,CUST-6863,0
389bed41,2026-09-08 05:26:00,Wallet,270.55,USD,Shopify Store,North America,CUST-8003,0
9f81a372,2026-09-08 05:31:00,Wallet,165.44,EUR,GameStore,North America,CUST-3070,0
0f0160ee,2026-09-08 05:34:00,ACH,249.12,EUR,Pharmacy Plus,Northern Europe,CUST-3113,0
721c4e65,2026-09-08 05:35:00,ACH,179.61,USD,Amazon,Southern Europe,CUST-4725,0
bb2ef183,2026-09-08 05:45:00,ACH,485.26,USD,Uber,Southern Europe,CUST-9704,0
779c3c35,2026-09-08 05:45:00,Wallet,475.41,USD,Travel Booking,Eastern Europe,CUST-1570,0
6027fa3a,2026-09-08 05:50:00,Card,750.25,USD,Spotify,Northern Europe,CUST-2462,0
e5b3ecf9,2026-09-08 06:06:00,Card,756.85,USD,Spotify,Southern Europe,CUST-8902,0
a4a52a3c,2026-09-08 06:10:00,Card,407.37,EUR,Grocery Mart,Eastern Europe,CUST-9044,0
48f6b0f2,2026-09-08 06:13:00,Wallet,787.32,USD,Amazon,North America,CUST-1279,0
9abf216e,2026-09-08 06:15:00,Card,307.49,USD,Pharmacy Plus,North America,CUST-4002,0
e0e0acaf,2026-09-08 06:24:00,Wallet,388.8,USD,Amazon,Southern Europe,CUST-1349,0
c4581ae4,2026-09-08 06:26:00,ACH,620.79,USD,Shopify Store,Southern Europe,CUST-9403,0
6fa2ee39,2026-09-08 06:30:00,Card,317.17,USD,Travel Booking,North America,CUST-6450,0
ac6580c7,2026-09-08 06:34:00,ACH,660.63,USD,Uber,Southern Europe,CUST-1860,0
92c48cee,2026-09-08 06:35:00,ACH,723.85,USD,Fashion Outlet,North America,CUST-8959,0
a4edded0,2026-09-08 06:35:00,ACH,332.87,USD,Grocery Mart,Northern Europe,CUST-7905,0
24b7c0bb,2026-09-08 06:38:00,Card,793.27,EUR,Electronics Hub,Northern Europe,CUST-7435,0
14a1895c,2026-09-08 06:48:00,Card,320.73,USD,Local Coffee Shop,Western Europe,CUST-4419,0
e5647e71,2026-09-08 06:50:00,Card,77.42,EUR,Fashion Outlet,North America,CUST-4941,0
6f6f8f1e,2026-09-08 07:05:00,ACH,270.42,USD,Electronics Hub,Eastern Europe,CUST-3603,0
5d59ea30,2026-09-08 07:11:00,Card,116.33,USD,Shopify Store,Eastern Europe,CUST-2624,0
d32aa26e,2026-09-08 07:23:00,Wallet,390.03,USD,Travel Booking,North America,CUST-4646,0
7150d49d,2026-09-08 07:32:00,Card,655.41,EUR,Fashion Outlet,Western Europe,CUST-8864,0
e44ab050,2026-09-08 07:33:00,Wallet,167.83,USD,Spotify,North America,CUST-1300,0
fcfcb188,2026-09-08 07:33:00,Card,350.13,EUR,Local Coffee Shop,Southern Europe,CUST-3855,0
256aef58,2026-09-08 07:36:00,ACH,200.03,USD,Fashion Outlet,Northern Europe,CUST-2174,0
71eeaf06,2026-09-08 07:50:00,ACH,98.53,USD,GameStore,Northern Europe,CUST-5606,0
bb80133a,2026-09-08 07:53:00,Wallet,225.92,EUR,Local Coffee Shop,North America,CUST-7222,0
c611ad78,2026-09-08 08:03:00,Wallet,403.65,EUR,Netflix,North America,CUST-6874,0
9afa50fb,2026-09-08 08:05:00,ACH,583.36,USD,Shopify Store,Western Europe,CUST-6815,0
06121f1f,2026-09-08 08:06:00,ACH,73.87,EUR,Uber,Southern Europe,CUST-2167,0
8d3a63fa,2026-09-08 08:13:00,ACH,425.31,USD,Shopify Store,Southern Europe,CUST-4190,0
9ae03d41,2026-09-08 08:17:00,Wallet,644.22,EUR,Netflix,Northern Europe,CUST-6923,0
d33766da,2026-09-08 08:19:00,Card,561.32,USD,Travel Booking,Eastern Europe,CUST-5354,0
29c192f2,2026-09-08 08:23:00,ACH,149.5,USD,Grocery Mart,Eastern Europe,CUST-4902,0
e2b40715,2026-09-08 08:32:00,Wallet,374.76,EUR,Netflix,Southern Europe,CUST-2893,0
7ec8a49f,2026-09-08 08:36:00,ACH,186.98,EUR,Pharmacy Plus,Western Europe,CUST-8576,0
79ccbed7,2026-09-08 08:38:00,ACH,753.39,EUR,Amazon,Eastern Europe,CUST-9232,0
31a2f4fa,2026-09-08 08:39:00,Card,337.45,EUR,Shopify Store,Southern Europe,CUST-5821,0
a22fe4ac,2026-09-08 08:42:00,ACH,730.23,USD,Travel Booking,Eastern Europe,CUST-2698,0
0b945387,2026-09-08 08:46:00,Wallet,273.94,EUR,Uber,North America,CUST-1882,0
716b460a,2026-09-08 08:49:00,Card,46.92,EUR,Travel Booking,Western Europe,CUST-5669,0
a56dcad8,2026-09-08 08:51:00,Wallet,162.59,EUR,Grocery Mart,Northern Europe,CUST-6042,0
d6dfade0,2026-09-08 09:16:00,Wallet,354.09,EUR,Electronics Hub,Northern Europe,CUST-1493,0
93581f71,2026-09-08 09:36:00,Wallet,635.58,USD,Spotify,Southern Europe,CUST-9931,1
d0d7f812,2026-09-08 09:37:00,ACH,120.42,USD,Fashion Outlet,North America,CUST-5313,0
d92b7f39,2026-09-08 09:39:00,Card,670.2,EUR,Pharmacy Plus,Eastern Europe,CUST-6903,0
340a4977,2026-09-08 09:44:00,Card,593.25,USD,Netflix,Western Europe,CUST-4834,0
9522c362,2026-09-08 09:47:00,Wallet,349.79,USD,Netflix,Northern Europe,CUST-3048,0
f6b7bcb0,2026-09-08 09:50:00,ACH,535.25,EUR,Pharmacy Plus,Southern Europe,CUST-7716,0
223b9c4d,2026-09-08 10:18:00,Card,993.48,USD,Travel Booking,Western Europe,CUST-8416,1
5569761c,2026-09-08 10:19:00,Card,645.16,EUR,Travel Booking,Northern Europe,CUST-2409,0
c820bca8,2026-09-08 10:34:00,Wallet,42.42,EUR,Electronics Hub,Western Europe,CUST-2884,0
507a662e,2026-09-08 10:37:00,ACH,60.91,USD,Spotify,Southern Europe,CUST-2193,0
c760de63,2026-09-08 10:37:00,ACH,14.72,EUR,Uber,Western Europe,CUST-8407,0
1134c4cf,2026-09-08 10:39:00,Card,210.18,USD,Local Coffee Shop,Northern Europe,CUST-1695,0
e6836ada,2026-09-08 10:41:00,ACH,97.9,EUR,Pharmacy Plus,North America,CUST-3777,0
bc6d150e,2026-09-08 10:42:00,Card,365.82,EUR,Travel Booking,Southern Europe,CUST-3140,0
65395a9c,2026-09-08 10:45:00,Card,706.23,EUR,Netflix,North America,CUST-4065,0
675c0c84,2026-09-08 10:46:00,Card,118.08,USD,Spotify,Southern Europe,CUST-2905,0
0434ebac,2026-09-08 10:54:00,ACH,799.04,USD,Netflix,Eastern Europe,CUST-2095,0
e56c20f5,2026-09-08 10:57:00,Card,691.94,EUR,Fashion Outlet,North America,CUST-6010,0
de9abe03,2026-09-08 11:01:00,ACH,489.59,EUR,Shopify Store,Eastern Europe,CUST-1066,0
7afc7d3b,2026-09-08 11:04:00,Wallet,229.78,EUR,Uber,Southern Europe,CUST-1528,0
30ac2fe1,2026-09-08 11:05:00,Wallet,754.71,EUR,Netflix,North America,CUST-8835,0
300b1dfd,2026-09-08 11:06:00,Wallet,74.91,EUR,Netflix,Northern Europe,CUST-2515,0
61bb96e1,2026-09-08 11:09:00,Wallet,739.44,EUR,Uber,Northern Europe,CUST-8158,0
7af118c5,2026-09-08 11:17:00,ACH,494.94,USD,Pharmacy Plus,Eastern Europe,CUST-4797,0
99e1d4ec,2026-09-08 11:47:00,ACH,143.81,EUR,Shopify Store,Eastern Europe,CUST-9624,0
1c939ff5,2026-09-08 11:54:00,Wallet,418.13,USD,Spotify,Southern Europe,CUST-7064,0
bed90a17,2026-09-08 11:59:00,Wallet,130.53,USD,Spotify,Eastern Europe,CUST-1357,0
744fc23f,2026-09-08 12:03:00,Wallet,658.56,EUR,Travel Booking,Northern Europe,CUST-6004,1
d947f80a,2026-09-08 12:05:00,ACH,586.71,USD,Netflix,Western Europe,CUST-2704,0
bfa97fb8,2026-09-08 12:17:00,Wallet,667.04,EUR,Electronics Hub,North America,CUST-7884,0
244cc1cc,2026-09-08 12:21:00,Wallet,286.98,EUR,Grocery Mart,Western Europe,CUST-8123,0
1245bdab,2026-09-08 12:21:00,Wallet,400.05,USD,Netflix,Western Europe,CUST-8942,0
86f63f34,2026-09-08 12:34:00,Wallet,38.75,EUR,Shopify Store,Northern Europe,CUST-6615,0
3b56fafe,2026-09-08 12:43:00,ACH,693.95,EUR,Shopify Store,Southern Europe,CUST-9664,0
734fdb6a,2026-09-08 12:49:00,ACH,146.05,USD,Uber,Southern Europe,CUST-8729,0
e74c09a0,2026-09-08 13:00:00,ACH,17.43,USD,Amazon,Northern Europe,CUST-6506,0
fa2f119c,2026-09-08 13:10:00,Wallet,457.54,USD,Uber,Eastern Europe,CUST-5396,0
d13eb5cf,2026-09-08 13:14:00,Wallet,104.35,USD,Fashion Outlet,Western Europe,CUST-1264,0
8b611fdb,2026-09-08 13:17:00,Card,326.63,USD,Travel Booking,Eastern Europe,CUST-6971,0
78dc020b,2026-09-08 13:22:00,Card,319.23,EUR,Amazon,North America,CUST-2948,0
8f99bac0,2026-09-08 13:27:00,ACH,118.07,USD,Travel Booking,Western Europe,CUST-4128,0
738f3547,2026-09-08 13:30:00,Wallet,690.25,USD,Travel Booking,Southern Europe,CUST-7422,0
c498d4ab,2026-09-08 13:33:00,Wallet,241.61,USD,Travel Booking,Western Europe,CUST-1285,0
ab3cb865,2026-09-08 13:36:00,Wallet,545.36,EUR,Electronics Hub,North America,CUST-6159,0
bddfc6ef,2026-09-08 13:37:00,Wallet,292.06,EUR,GameStore,Northern Europe,CUST-7072,0
8806b88e,2026-09-08 13:38:00,ACH,432.94,EUR,Spotify,Western Europe,CUST-1154,0
fa218bda,2026-09-08 13:39:00,Wallet,427.17,USD,GameStore,Northern Europe,CUST-7342,0
e8e7dda6,2026-09-08 13:39:00,ACH,429.84,EUR,Shopify Store,Eastern Europe,CUST-6685,0
bd80a675,2026-09-08 13:40:00,Card,205.62,EUR,Electronics Hub,North America,CUST-4751,0
0bba08d7,2026-09-08 13:46:00,Card,430.5,USD,Pharmacy Plus,North America,CUST-3230,0
4539b511,2026-09-08 13:47:00,ACH,377.11,EUR,Uber,Northern Europe,CUST-5624,0
230c43d5,2026-09-08 13:47:00,Wallet,406.35,USD,Shopify Store,Northern Europe,CUST-6005,0
e85823ca,2026-09-08 13:50:00,Wallet,383.17,USD,Travel Booking,Western Europe,CUST-9904,0
48b6a454,2026-09-08 13:56:00,Card,633.1,EUR,Local Coffee Shop,Northern Europe,CUST-4073,0
a61c3f2f,2026-09-08 13:56:00,Wallet,114.53,EUR,Pharmacy Plus,Northern Europe,CUST-9730,0
2e1d3dba,2026-09-08 13:57:00,Card,740.23,USD,Shopify Store,Western Europe,CUST-4361,0
d5c36013,2026-09-08 14:06:00,Wallet,64.24,USD,Netflix,Northern Europe,CUST-3411,0
71c07987,2026-09-08 14:15:00,ACH,669.84,USD,Grocery Mart,Eastern Europe,CUST-2658,0
a5ac7a61,2026-09-08 14:16:00,Card,730.77,EUR,Travel Booking,Western Europe,CUST-7999,0
65cb2007,2026-09-08 14:16:00,ACH,462.75,USD,GameStore,Western Europe,CUST-9165,0
15fe8c31,2026-09-08 14:18:00,Card,561.53,EUR,Electronics Hub,Western Europe,CUST-6581,0
de16fbe0,2026-09-08 14:20:00,Card,398.33,EUR,Spotify,Western Europe,CUST-5918,0
2394f1d0,2026-09-08 14:28:00,Card,183.23,USD,Fashion Outlet,Northern Europe,CUST-1802,0
7581c1f6,2026-09-08 14:29:00,Card,403.33,USD,Travel Booking,Northern Europe,CUST-8750,0
dff9849e,2026-09-08 14:32:00,Card,304.92,USD,Fashion Outlet,North America,CUST-8939,0
7937de4f,2026-09-08 14:35:00,Wallet,608.29,USD,Pharmacy Plus,Eastern Europe,CUST-9189,0
f0db9999,2026-09-08 14:47:00,Card,773.18,EUR,Shopify Store,Western Europe,CUST-9492,0
e4552979,2026-09-08 14:50:00,ACH,668.31,USD,Travel Booking,Eastern Europe,CUST-8184,0
0a14bc7d,2026-09-08 14:54:00,Wallet,694.49,USD,Electronics Hub,Western Europe,CUST-8725,0
e7ff7d31,2026-09-08 14:55:00,Wallet,131.43,USD,Shopify Store,Southern Europe,CUST-9340,0
77ec32e4,2026-09-08 14:59:00,Card,415.91,USD,Travel Booking,North America,CUST-6837,0
df2e969b,2026-09-08 15:01:00,Wallet,224.05,USD,Electronics Hub,Northern Europe,CUST-7441,0
a4fbb0a7,2026-09-08 15:12:00,ACH,186.23,USD,Electronics Hub,Northern Europe,CUST-6392,0
3ca80d4b,2026-09-08 15:12:00,ACH,555.47,EUR,GameStore,North America,CUST-8186,0
3ccad108,2026-09-08 15:17:00,Card,71.11,EUR,Shopify Store,Eastern Europe,CUST-4492,0
29bafb65,2026-09-08 15:20:00,ACH,614.95,USD,GameStore,Southern Europe,CUST-8833,0
cec09b20,2026-09-08 15:22:00,ACH,301.78,EUR,Spotify,North America,CUST-2782,0
06321502,2026-09-08 15:24:00,Wallet,583.95,USD,Grocery Mart,Northern Europe,CUST-1926,0
d335eedc,2026-09-08 15:30:00,ACH,551.41,USD,Electronics Hub,Southern Europe,CUST-8352,0
bb8c01da,2026-09-08 15:37:00,ACH,729.23,EUR,Pharmacy Plus,Eastern Europe,CUST-6923,0
1ef651d5,2026-09-08 15:38:00,ACH,749.71,USD,GameStore,North America,CUST-5588,0
ec759fe2,2026-09-08 15:47:00,Wallet,165.58,EUR,Shopify Store,Northern Europe,CUST-8292,0
8ed8ec2e,2026-09-08 15:59:00,Wallet,332.35,EUR,Spotify,Western Europe,CUST-7162,0
1e19fad2,2026-09-08 16:09:00,ACH,449.94,USD,Pharmacy Plus,Eastern Europe,CUST-3222,0
98253099,2026-09-08 16:27:00,Card,644.42,EUR,Amazon,Western Europe,CUST-8186,0
ef7d8585,2026-09-08 16:29:00,ACH,574.76,EUR,Uber,Eastern Europe,CUST-3758,0
b803db36,2026-09-08 16:38:00,Card,142.49,EUR,Travel Booking,Western Europe,CUST-7822,0
f18ce4a4,2026-09-08 16:38:00,ACH,551.35,EUR,Grocery Mart,Eastern Europe,CUST-7812,0
e330cb74,2026-09-08 16:40:00,Wallet,520.76,USD,Travel Booking,Southern Europe,CUST-8389,0
46b710a5,2026-09-08 16:57:00,Card,499.02,EUR,Netflix,Western Europe,CUST-5595,0
3ca36082,2026-09-08 17:02:00,ACH,474.47,USD,Netflix,Southern Europe,CUST-6838,0
0b1d2b0e,2026-09-08 17:08:00,Card,747.51,USD,Amazon,Eastern Europe,CUST-4042,0
ccf68f56,2026-09-08 17:09:00,Wallet,733.63,USD,Local Coffee Shop,Eastern Europe,CUST-1063,0
3b1b5fbc,2026-09-08 17:16:00,Wallet,239.95,EUR,Electronics Hub,Northern Europe,CUST-2955,0
148dd89c,2026-09-08 17:18:00,Card,792.57,USD,Pharmacy Plus,Western Europe,CUST-3017,0
26f6ad9c,2026-09-08 17:33:00,Card,674.94,USD,Shopify Store,North America,CUST-4911,0
bd5cf149,2026-09-08 17:35:00,Wallet,572.24,USD,Pharmacy Plus,Southern Europe,CUST-7215,0
537c4857,2026-09-08 17:35:00,Wallet,218.63,EUR,Amazon,Eastern Europe,CUST-9655,0
772d10b4,2026-09-08 17:38:00,Wallet,96.99,EUR,GameStore,Western Europe,CUST-5077,0
8357a676,2026-09-08 17:43:00,Wallet,591.79,USD,Pharmacy Plus,Western Europe,CUST-1922,0
40fe85d7,2026-09-08 17:45:00,Wallet,55.53,EUR,Travel Booking,Western Europe,CUST-2899,0
fac94874,2026-09-08 17:51:00,Wallet,234.62,USD,Shopify Store,North America,CUST-9016,0
60dbd0d7,2026-09-08 17:54:00,ACH,701.78,USD,Grocery Mart,Northern Europe,CUST-9805,0
de4aa4e3,2026-09-08 17:56:00,ACH,383.21,USD,Grocery Mart,North America,CUST-4265,0
a598dd68,2026-09-08 17:56:00,Card,797.12,USD,Fashion Outlet,Northern Europe,CUST-2710,0
795771ea,2026-09-08 17:59:00,ACH,336.13,EUR,Amazon,North America,CUST-2518,0
fdba95e9,2026-09-08 18:08:00,ACH,414.73,EUR,Uber,Northern Europe,CUST-2879,0
ae69ef2e,2026-09-08 18:14:00,ACH,164.69,USD,Electronics Hub,Eastern Europe,CUST-6434,0
76d91763,2026-09-08 18:15:00,Wallet,84.69,EUR,Travel Booking,Eastern Europe,CUST-4940,0
50101664,2026-09-08 18:25:00,ACH,56.15,EUR,Uber,Northern Europe,CUST-6590,0
99ac9000,2026-09-08 18:30:00,Card,109.76,USD,Uber,Western Europe,CUST-6863,0
89d83860,2026-09-08 18:36:00,Wallet,77.67,EUR,Amazon,Northern Europe,CUST-7098,0
1281ab1f,2026-09-08 18:53:00,ACH,592.08,EUR,Travel Booking,Western Europe,CUST-8810,0
2a03fc54,2026-09-08 18:54:00,Card,684.42,USD,Netflix,Northern Europe,CUST-6550,0
877e0bb3,2026-09-08 18:56:00,Card,406.01,EUR,Grocery Mart,Southern Europe,CUST-9926,0
6866bffb,2026-09-08 18:57:00,ACH,731.85,USD,Local Coffee Shop,Eastern Europe,CUST-4498,0
76ff58ba,2026-09-08 19:04:00,Card,792.94,USD,Uber,Southern Europe,CUST-3836,0
625d1ab3,2026-09-08 19:06:00,Wallet,10.73,USD,GameStore,Western Europe,CUST-8577,0
8954567e,2026-09-08 19:10:00,ACH,408.15,EUR,Fashion Outlet,Southern Europe,CUST-1475,0
cac6de9d,2026-09-08 19:28:00,Wallet,677.18,USD,Uber,Eastern Europe,CUST-8361,0
52840568,2026-09-08 19:28:00,ACH,267.46,USD,GameStore,Southern Europe,CUST-1872,0
fa38c0a6,2026-09-08 19:32:00,Wallet,734.35,USD,Netflix,North America,CUST-6624,0
b34759f5,2026-09-08 19:38:00,Card,2117.12,EUR,Electronics Hub,Southern Europe,CUST-2199,1
c9d4aefc,2026-09-08 19:41:00,Wallet,326.33,USD,Amazon,Southern Europe,CUST-5674,0
dbd17875,2026-09-08 19:41:00,Card,221.26,EUR,Uber,Western Europe,CUST-2960,0
ed447944,2026-09-08 19:46:00,Wallet,73.47,EUR,Local Coffee Shop,North America,CUST-8609,0
0f69a4a0,2026-09-08 19:48:00,ACH,492.82,USD,GameStore,Northern Europe,CUST-3232,0
21fd0a28,2026-09-08 19:55:00,ACH,211.99,USD,Uber,Eastern Europe,CUST-9418,0
fee347d1,2026-09-08 19:57:00,Card,426.85,EUR,Shopify Store,Western Europe,CUST-8694,0
1f853d95,2026-09-08 20:33:00,ACH,19.94,USD,GameStore,North America,CUST-7293,0
8eddd52a,2026-09-08 20:35:00,Wallet,390.01,EUR,Grocery Mart,Western Europe,CUST-2449,0
b9f6d004,2026-09-08 20:38:00,ACH,248.6,EUR,Grocery Mart,Western Europe,CUST-4932,0
d37bdd4f,2026-09-08 20:51:00,Card,232.67,EUR,Uber,North America,CUST-4852,0
bcfaae91,2026-09-08 20:53:00,ACH,622.42,EUR,Local Coffee Shop,Northern Europe,CUST-5954,0
d5e61e5b,2026-09-08 21:02:00,ACH,127.03,EUR,Local Coffee Shop,Southern Europe,CUST-2234,0
a8be17d9,2026-09-08 21:29:00,Card,735.22,USD,Fashion Outlet,Western Europe,CUST-1995,0
b3cf25f1,2026-09-08 21:30:00,Card,185.29,EUR,Fashion Outlet,Southern Europe,CUST-5397,0
403df292,2026-09-08 21:32:00,Card,468.19,EUR,GameStore,North America,CUST-3057,0
35ac70c7,2026-09-08 21:34:00,Card,625.42,USD,GameStore,Southern Europe,CUST-2135,0
4f1ce0ab,2026-09-08 21:35:00,ACH,174.68,USD,Spotify,Western Europe,CUST-3648,0
e420a3f5,2026-09-08 21:42:00,Wallet,397.22,USD,Amazon,North America,CUST-1175,0
0d216b08,2026-09-08 21:55:00,ACH,395.66,USD,Shopify Store,Southern Europe,CUST-6538,0
eecc1b63,2026-09-08 21:55:00,Wallet,60.82,EUR,Netflix,Eastern Europe,CUST-6027,0
c42f0176,2026-09-08 22:03:00,ACH,786.19,USD,Local Coffee Shop,North America,CUST-3974,0
3be56454,2026-09-08 22:11:00,ACH,793.6,USD,Uber,Northern Europe,CUST-4282,0
2f1360f8,2026-09-08 22:13:00,Wallet,747.1,EUR,Travel Booking,Northern Europe,CUST-4336,0
34d7308c,2026-09-08 22:14:00,ACH,431.29,EUR,Travel Booking,Eastern Europe,CUST-3269,0
132ca88f,2026-09-08 22:18:00,Card,736.17,USD,Netflix,Western Europe,CUST-6246,0
0125db17,2026-09-08 22:20:00,Card,37.26,EUR,Electronics Hub,Western Europe,CUST-3183,0
8db708e7,2026-09-08 22:25:00,Wallet,581.81,USD,Uber,Western Europe,CUST-8377,0
c77d21d3,2026-09-08 22:27:00,Wallet,609.33,EUR,Shopify Store,Western Europe,CUST-9466,0
03669e1d,2026-09-08 22:27:00,ACH,641.76,EUR,Electronics Hub,Eastern Europe,CUST-7041,0
323a47d8,2026-09-08 22:30:00,ACH,9.95,USD,GameStore,Southern Europe,CUST-4295,0
5ed91822,2026-09-08 22:34:00,ACH,579.07,USD,Uber,North America,CUST-9771,0
2ba3a30d,2026-09-08 22:38:00,ACH,771.16,USD,Travel Booking,Northern Europe,CUST-2197,0
18b2b181,2026-09-08 22:51:00,ACH,101.48,USD,Uber,Northern Europe,CUST-8794,0
e2ad8839,2026-09-08 22:55:00,Card,269.32,USD,Amazon,Eastern Europe,CUST-4613,0
b65e96e0,2026-09-08 22:58:00,ACH,628.31,EUR,Netflix,Southern Europe,CUST-1904,0
0f40565d,2026-09-08 23:16:00,Card,139.62,USD,Spotify,Western Europe,CUST-2763,0
fef55fff,2026-09-08 23:22:00,ACH,700.82,USD,Travel Booking,North America,CUST-7841,0
fac083c1,2026-09-08 23:32:00,ACH,207.19,USD,Fashion Outlet,Southern Europe,CUST-5894,0
912b6c64,2026-09-08 23:33:00,Wallet,769.47,USD,Local Coffee Shop,Eastern Europe,CUST-6543,0
990d3ec4,2026-09-08 23:37:00,Card,524.51,USD,Electronics Hub,Eastern Europe,CUST-1105,0
e40278a8,2026-09-08 23:47:00,Card,119.85,EUR,GameStore,North America,CUST-9818,0
a5f9725f,2026-09-08 23:50:00,Card,670.11,USD,Fashion Outlet,Northern Europe,CUST-4623,0
dc2ad1d8,2026-09-08 23:59:00,ACH,245.26,EUR,Amazon,North America,CUST-9375,0
833692d5,2026-09-09 00:32:00,ACH,533.09,EUR,Spotify,Western Europe,CUST-3753,0
2b37c7f9,2026-09-09 00:32:00,Card,297.29,USD,Fashion Outlet,Northern Europe,CUST-9686,0
6b14742f,2026-09-09 00:34:00,Wallet,54.66,EUR,Travel Booking,Southern Europe,CUST-4896,0
484e60d5,2026-09-09 00:39:00,Wallet,748.11,EUR,Spotify,Southern Europe,CUST-4500,0
df08cb1c,2026-09-09 00:47:00,ACH,227.54,USD,Shopify Store,Eastern Europe,CUST-4056,0
5b37102c,2026-09-09 00:47:00,Card,110.92,EUR,Electronics Hub,Southern Europe,CUST-6315,0
637a9a9b,2026-09-09 00:52:00,Card,624.6,EUR,Netflix,Southern Europe,CUST-8379,0
41cac8b8,2026-09-09 01:00:00,Card,502.4,USD,Amazon,Northern Europe,CUST-4914,0
732399f3,2026-09-09 01:15:00,Card,742.2,EUR,Pharmacy Plus,North America,CUST-2797,0
c95291d4,2026-09-09 01:38:00,Wallet,397.33,EUR,Local Coffee Shop,Northern Europe,CUST-7535,0
6d32a830,2026-09-09 01:49:00,Wallet,358.89,EUR,Pharmacy Plus,Northern Europe,CUST-7034,0
75648c20,2026-09-09 02:00:00,ACH,99.69,USD,Amazon,North America,CUST-7660,0
2a6c3c18,2026-09-09 02:04:00,Wallet,397.37,USD,Electronics Hub,Western Europe,CUST-2616,0
778dce53,2026-09-09 02:04:00,Wallet,543.59,USD,Electronics Hub,Western Europe,CUST-6150,0
e72377b9,2026-09-09 02:06:00,ACH,236.83,EUR,Fashion Outlet,Eastern Europe,CUST-5999,0
4c967ed9,2026-09-09 02:07:00,Card,131.53,USD,Shopify Store,Western Europe,CUST-4179,0
d88cf5a4,2026-09-09 02:22:00,Card,414.48,EUR,Travel Booking,Western Europe,CUST-4456,0
5bd8356a,2026-09-09 02:26:00,Card,686.44,EUR,GameStore,Western Europe,CUST-4747,0
a6e1df30,2026-09-09 02:31:00,ACH,183.54,USD,Local Coffee Shop,Southern Europe,CUST-6363,0
a23ff583,2026-09-09 02:34:00,Card,603.14,USD,Travel Booking,North America,CUST-6215,0
11947880,2026-09-09 02:40:00,ACH,286.99,EUR,Pharmacy Plus,North America,CUST-1651,0
7501d1c9,2026-09-09 02:53:00,ACH,67.88,USD,GameStore,Western Europe,CUST-1503,0
e242a0ef,2026-09-09 02:56:00,ACH,729.64,EUR,Local Coffee Shop,Eastern Europe,CUST-4166,0
095aefff,2026-09-09 03:01:00,Wallet,326.44,USD,Travel Booking,Northern Europe,CUST-1040,0
42474a99,2026-09-09 03:21:00,Card,644.82,EUR,Local Coffee Shop,Western Europe,CUST-2905,0
904f849b,2026-09-09 03:28:00,ACH,753.83,USD,Netflix,Southern Europe,CUST-6052,0
7bb63832,2026-09-09 03:31:00,Card,1851.44,EUR,Netflix,Southern Europe,CUST-8456,1
5ed40559,2026-09-09 03:31:00,Wallet,157.23,USD,Shopify Store,Southern Europe,CUST-1770,0
f38ba57e,2026-09-09 03:32:00,Wallet,776.74,EUR,Local Coffee Shop,North America,CUST-4297,0
2f798955,2026-09-09 03:38:00,Wallet,757.79,USD,GameStore,Southern Europe,CUST-8898,0
2e29b5eb,2026-09-09 03:45:00,Wallet,84.75,EUR,Uber,Southern Europe,CUST-5380,0
c2b81bce,2026-09-09 03:45:00,ACH,471.83,USD,Shopify Store,Western Europe,CUST-8296,0
51a2c73d,2026-09-09 04:22:00,ACH,369.63,EUR,Amazon,Southern Europe,CUST-6454,0
a27bca9b,2026-09-09 04:25:00,Wallet,631.45,USD,Shopify Store,Western Europe,CUST-8347,0
4beac733,2026-09-09 04:40:00,Card,236.86,USD,Netflix,Southern Europe,CUST-9521,0
c5aff0f7,2026-09-09 04:44:00,Card,370.96,EUR,Uber,Northern Europe,CUST-5920,0
aa0933f7,2026-09-09 04:49:00,Card,435.18,USD,Uber,Northern Europe,CUST-4528,0
a1a02644,2026-09-09 05:03:00,Wallet,630.68,USD,Netflix,Western Europe,CUST-1446,0
72ce343d,2026-09-09 05:07:00,Wallet,585.03,EUR,Electronics Hub,Northern Europe,CUST-9489,0
be2cca9e,2026-09-09 05:09:00,Card,482.98,EUR,GameStore,Western Europe,CUST-8236,0
44bb2431,2026-09-09 05:12:00,ACH,594.34,EUR,Netflix,Eastern Europe,CUST-2213,0
01e1a092,2026-09-09 05:16:00,Card,44.41,EUR,Travel Booking,Western Europe,CUST-7705,0
e488a6ff,2026-09-09 05:28:00,ACH,588.39,USD,Fashion Outlet,North America,CUST-3226,0
76d664d0,2026-09-09 05:29:00,ACH,63.9,USD,Shopify Store,Northern Europe,CUST-5247,0
4ef35487,2026-09-09 05:33:00,ACH,340.05,EUR,GameStore,Western Europe,CUST-9689,0
d891c585,2026-09-09 05:33:00,ACH,442.34,USD,Electronics Hub,North America,CUST-1129,0
3a0c5ca3,2026-09-09 05:34:00,ACH,760.29,EUR,Amazon,North America,CUST-3763,0
b8553eb7,2026-09-09 05:39:00,Card,482.38,USD,Travel Booking,Western Europe,CUST-4211,0
de6f2567,2026-09-09 05:39:00,ACH,380.9,USD,Spotify,Northern Europe,CUST-2763,0
0d13c8d2,2026-09-09 05:40:00,Wallet,607.36,EUR,Pharmacy Plus,North America,CUST-6266,0
2999e736,2026-09-09 05:48:00,Card,462.64,EUR,GameStore,Eastern Europe,CUST-3198,0
dbcc671b,2026-09-09 05:48:00,Card,406.93,EUR,Shopify Store,Southern Europe,CUST-9968,0
86830ea0,2026-09-09 06:01:00,Wallet,244.56,USD,GameStore,Southern Europe,CUST-7840,0
8b0c4698,2026-09-09 06:02:00,Wallet,331.98,EUR,Netflix,Eastern Europe,CUST-5905,0
28f70b36,2026-09-09 06:18:00,ACH,558.5,EUR,GameStore,North America,CUST-9769,1
cb6ebcc1,2026-09-09 06:27:00,Wallet,664.7,EUR,Grocery Mart,Northern Europe,CUST-9904,0
040158e1,2026-09-09 06:28:00,Wallet,435.42,USD,Spotify,Western Europe,CUST-7481,0
c3df0a8b,2026-09-09 06:28:00,Wallet,602.6,USD,Netflix,Western Europe,CUST-7224,0
30c14332,2026-09-09 06:31:00,Wallet,124.46,EUR,Fashion Outlet,Eastern Europe,CUST-9330,0
8445ea5e,2026-09-09 06:32:00,Card,127.76,EUR,Fashion Outlet,Eastern Europe,CUST-7950,0
4f9e28c6,2026-09-09 06:47:00,Wallet,30.23,USD,GameStore,Northern Europe,CUST-6724,0
39ea3fcf,2026-09-09 06:47:00,Card,516.1,EUR,Amazon,Southern Europe,CUST-2200,0
0007e046,2026-09-09 06:48:00,ACH,209.79,EUR,Uber,Southern Europe,CUST-6057,0
020844c4,2026-09-09 06:51:00,Wallet,360.88,USD,Grocery Mart,Northern Europe,CUST-9788,0
a1c96eb8,2026-09-09 07:05:00,ACH,527.36,USD,Spotify,Northern Europe,CUST-6539,0
e9f46ab2,2026-09-09 07:05:00,Card,24.82,USD,Grocery Mart,Western Europe,CUST-9139,0
18242931,2026-09-09 07:06:00,ACH,602.34,EUR,Uber,Western Europe,CUST-3231,0
dfab224c,2026-09-09 07:07:00,ACH,452.79,EUR,Shopify Store,Western Europe,CUST-8756,0
a2cc411f,2026-09-09 07:09:00,Card,387.91,EUR,Local Coffee Shop,Southern Europe,CUST-1208,0
4c10efab,2026-09-09 07:28:00,Wallet,238.34,EUR,GameStore,Eastern Europe,CUST-3922,0
e077feae,2026-09-09 07:42:00,Card,298.06,USD,Fashion Outlet,Western Europe,CUST-8888,0
0dbf4c0f,2026-09-09 07:45:00,ACH,231.77,USD,Grocery Mart,Western Europe,CUST-8201,0
86f6b9c4,2026-09-09 07:50:00,ACH,253.84,EUR,Local Coffee Shop,Western Europe,CUST-8832,0
329e90bb,2026-09-09 07:58:00,Card,480.28,USD,Electronics Hub,Northern Europe,CUST-4260,0
f2ce7d1f,2026-09-09 08:01:00,Wallet,657.4,USD,Pharmacy Plus,Eastern Europe,CUST-4838,0
8d738de5,2026-09-09 08:02:00,Wallet,107.06,USD,Local Coffee Shop,Eastern Europe,CUST-7565,0
940dd861,2026-09-09 08:03:00,ACH,732.58,USD,Spotify,Western Europe,CUST-8018,0
f27284db,2026-09-09 08:06:00,ACH,567.16,USD,Electronics Hub,Eastern Europe,CUST-3380,0
e3e23849,2026-09-09 08:08:00,Card,353.03,EUR,Local Coffee Shop,Northern Europe,CUST-9909,0
e1804d7e,2026-09-09 08:12:00,Wallet,706.75,EUR,Travel Booking,Western Europe,CUST-1194,0
d1fdc15f,2026-09-09 08:15:00,ACH,708.67,EUR,Travel Booking,North America,CUST-4448,0
3764754b,2026-09-09 08:23:00,Wallet,602.55,USD,Travel Booking,North America,CUST-1153,0
75a765bf,2026-09-09 08:27:00,ACH,412.39,EUR,Travel Booking,North America,CUST-5169,0
3e84fd19,2026-09-09 08:29:00,Card,732.38,EUR,Grocery Mart,Southern Europe,CUST-4175,0
b1e4eb81,2026-09-09 08:37:00,Card,345.61,EUR,Local Coffee Shop,Western Europe,CUST-7230,0
98c60b94,2026-09-09 08:53:00,Wallet,781.54,EUR,Travel Booking,Southern Europe,CUST-9686,0
96e28392,2026-09-09 08:54:00,ACH,435.5,USD,Netflix,North America,CUST-2623,0
04fd8d46,2026-09-09 08:56:00,Card,239.35,USD,Travel Booking,Northern Europe,CUST-4717,0
14307cc5,2026-09-09 09:09:00,ACH,647.33,EUR,Uber,Northern Europe,CUST-3972,0
8fb30adc,2026-09-09 09:22:00,Card,706.39,USD,Grocery Mart,Western Europe,CUST-4908,0
d5224926,2026-09-09 09:23:00,Wallet,693.66,EUR,Fashion Outlet,Western Europe,CUST-8085,0
5a77cd5d,2026-09-09 09:25:00,ACH,36.64,USD,Shopify Store,North America,CUST-1983,0
e1953fff,2026-09-09 09:28:00,Wallet,755.12,EUR,Travel Booking,Southern Europe,CUST-1568,0
4176c267,2026-09-09 09:28:00,ACH,712.92,USD,Local Coffee Shop,Southern Europe,CUST-8902,0
a1dc6d49,2026-09-09 09:31:00,ACH,746.1,USD,Travel Booking,Southern Europe,CUST-1902,0
02ee6eb2,2026-09-09 09:44:00,Wallet,516.4,USD,GameStore,Southern Europe,CUST-1525,0
3172f987,2026-09-09 09:48:00,Wallet,454.89,USD,Travel Booking,Southern Europe,CUST-9633,0
b8116aec,2026-09-09 09:49:00,ACH,491.18,EUR,Uber,Southern Europe,CUST-6366,0
4a5be502,2026-09-09 09:52:00,Wallet,314.4,USD,Amazon,Northern Europe,CUST-4692,0
3a093dc1,2026-09-09 09:57:00,Wallet,651.39,EUR,Pharmacy Plus,North America,CUST-4013,0
3d991f88,2026-09-09 09:57:00,Wallet,564.03,USD,GameStore,Eastern Europe,CUST-9222,0
c2791b41,2026-09-09 10:02:00,ACH,191.41,EUR,Electronics Hub,Western Europe,CUST-6174,0
7eff6a5e,2026-09-09 10:04:00,ACH,116.04,USD,GameStore,Eastern Europe,CUST-5884,0
957f3215,2026-09-09 10:08:00,Wallet,90.69,USD,Electronics Hub,Eastern Europe,CUST-6931,0
5eb628f1,2026-09-09 10:23:00,Card,31.35,USD,Amazon,Northern Europe,CUST-6519,0
c388afd9,2026-09-09 10:24:00,Wallet,126.15,EUR,Pharmacy Plus,North America,CUST-5603,0
2272bc98,2026-09-09 10:30:00,ACH,658.42,EUR,Uber,Southern Europe,CUST-7766,0
53ef85fe,2026-09-09 10:43:00,ACH,385.75,EUR,Local Coffee Shop,Western Europe,CUST-9587,0
a952a247,2026-09-09 10:46:00,Card,27.97,USD,Fashion Outlet,North America,CUST-5707,0
1946e536,2026-09-09 10:59:00,Wallet,200.69,USD,Shopify Store,Eastern Europe,CUST-6815,0
962365a1,2026-09-09 10:59:00,Wallet,29.73,USD,Spotify,Eastern Europe,CUST-5577,0
ef06e0f8,2026-09-09 11:14:00,ACH,618.43,EUR,Pharmacy Plus,Eastern Europe,CUST-1889,0
699619ef,2026-09-09 11:18:00,Wallet,203.68,EUR,Shopify Store,Southern Europe,CUST-9101,0
5a03693f,2026-09-09 11:23:00,Wallet,556.24,EUR,Shopify Store,Southern Europe,CUST-9673,0
8fccbce4,2026-09-09 11:24:00,ACH,507.35,USD,Spotify,Eastern Europe,CUST-1928,0
6a3b6c9b,2026-09-09 11:27:00,Card,319.63,USD,Shopify Store,Western Europe,CUST-4740,0
f520c1d8,2026-09-09 11:28:00,ACH,73.57,USD,Fashion Outlet,Northern Europe,CUST-3965,0
b8f8c973,2026-09-09 11:28:00,ACH,245.6,EUR,Electronics Hub,Southern Europe,CUST-8920,0
6e729d07,2026-09-09 11:30:00,ACH,766.67,USD,Grocery Mart,Eastern Europe,CUST-5362,0
fa87612d,2026-09-09 11:32:00,Wallet,580.26,USD,Uber,Eastern Europe,CUST-1327,0
1a71f591,2026-09-09 11:34:00,ACH,537.24,EUR,Amazon,Southern Europe,CUST-1234,0
d6550ee6,2026-09-09 11:37:00,Card,445.25,USD,Amazon,Western Europe,CUST-7716,0
cb67de0f,2026-09-09 11:38:00,ACH,182.31,USD,Fashion Outlet,Northern Europe,CUST-1792,0
fac2e9a0,2026-09-09 11:41:00,Wallet,232.51,USD,Netflix,Eastern Europe,CUST-4056,0
827c65b6,2026-09-09 11:42:00,ACH,261.28,EUR,Fashion Outlet,Northern Europe,CUST-7868,0
6a2ec1a9,2026-09-09 11:44:00,ACH,28.61,USD,Grocery Mart,Southern Europe,CUST-9161,0
51a271aa,2026-09-09 11:47:00,Card,112.36,EUR,GameStore,Northern Europe,CUST-8403,0
f509cc4f,2026-09-09 11:56:00,ACH,571.4,EUR,Fashion Outlet,Western Europe,CUST-7913,0
04a2cd8e,2026-09-09 12:16:00,Card,435.12,USD,Local Coffee Shop,Eastern Europe,CUST-3918,0
33216619,2026-09-09 12:41:00,Card,719.68,USD,Uber,Northern Europe,CUST-8521,0
1444bf14,2026-09-09 12:43:00,Wallet,155.07,EUR,Netflix,Southern Europe,CUST-8934,0
ed1c8cd9,2026-09-09 12:47:00,Wallet,515.7,EUR,Shopify Store,Western Europe,CUST-6377,0
0d4b8613,2026-09-09 13:04:00,ACH,357.43,EUR,Pharmacy Plus,Eastern Europe,CUST-3254,0
fe1ae263,2026-09-09 13:05:00,Wallet,34.81,USD,Electronics Hub,Northern Europe,CUST-5647,0
76e88017,2026-09-09 13:12:00,Card,723.87,EUR,Shopify Store,Southern Europe,CUST-1185,0
7a821fdc,2026-09-09 13:19:00,Card,104.7,EUR,Grocery Mart,North America,CUST-1224,0
8280309e,2026-09-09 13:20:00,ACH,203.14,USD,Shopify Store,Western Europe,CUST-9461,0
8cc93644,2026-09-09 13:39:00,ACH,567.73,EUR,Grocery Mart,Eastern Europe,CUST-2034,0
cf910eeb,2026-09-09 13:44:00,ACH,45.15,USD,GameStore,Western Europe,CUST-6598,0
4781ea08,2026-09-09 14:03:00,ACH,136.63,EUR,Pharmacy Plus,Southern Europe,CUST-1202,0
e396416e,2026-09-09 14:07:00,Wallet,251.34,EUR,Shopify Store,Western Europe,CUST-8366,0
f6645ffc,2026-09-09 14:14:00,ACH,364.66,EUR,Netflix,North America,CUST-6056,0
768ed778,2026-09-09 14:15:00,Card,9.71,USD,Local Coffee Shop,North America,CUST-8171,0
c0e39325,2026-09-09 14:16:00,Wallet,577.98,USD,Spotify,Eastern Europe,CUST-5368,0
3befa80b,2026-09-09 14:17:00,Card,427.69,EUR,Local Coffee Shop,North America,CUST-8288,0
80b48b71,2026-09-09 14:23:00,Card,8.97,EUR,Pharmacy Plus,Northern Europe,CUST-8518,0
fda082f4,2026-09-09 14:41:00,ACH,165.03,USD,Shopify Store,Western Europe,CUST-8412,0
c6ccef35,2026-09-09 14:42:00,Wallet,665.73,USD,Fashion Outlet,North America,CUST-6691,0
bf82372d,2026-09-09 14:44:00,Card,772.24,EUR,Spotify,North America,CUST-5412,0
6f77100a,2026-09-09 14:56:00,Card,11.65,EUR,Pharmacy Plus,Southern Europe,CUST-7351,0
2c77da56,2026-09-09 15:10:00,Wallet,795.07,EUR,Electronics Hub,North America,CUST-6893,0
26c701ed,2026-09-09 15:44:00,Card,201.69,EUR,Electronics Hub,Western Europe,CUST-4252,0
485f730c,2026-09-09 15:48:00,ACH,284.46,EUR,Fashion Outlet,Western Europe,CUST-1898,0
94089e3a,2026-09-09 15:52:00,Card,725.42,USD,Grocery Mart,Southern Europe,CUST-1855,0
cdac1bb0,2026-09-09 15:53:00,ACH,2077.07,EUR,Shopify Store,Eastern Europe,CUST-8564,1
280405f7,2026-09-09 15:56:00,Card,714.62,USD,Spotify,Southern Europe,CUST-1853,0
c64b3a26,2026-09-09 15:58:00,Wallet,626.51,USD,Electronics Hub,Eastern Europe,CUST-3780,0
3c0dd58a,2026-09-09 16:04:00,Card,685.92,EUR,Grocery Mart,Western Europe,CUST-4824,0
fbe902a8,2026-09-09 16:11:00,Wallet,298.39,EUR,Travel Booking,Western Europe,CUST-3253,0
2a982b1a,2026-09-09 16:13:00,Wallet,232.72,EUR,Fashion Outlet,North America,CUST-9576,0
58b3dc00,2026-09-09 16:19:00,Wallet,692.47,EUR,Amazon,Western Europe,CUST-2216,0
ad02ac82,2026-09-09 16:27:00,Wallet,411.99,EUR,GameStore,Western Europe,CUST-6677,0
dd87e877,2026-09-09 16:45:00,Card,520.82,EUR,Shopify Store,Western Europe,CUST-6099,0
f1090426,2026-09-09 16:51:00,Wallet,677.62,EUR,Grocery Mart,Northern Europe,CUST-1053,0
6d5472c9,2026-09-09 16:52:00,Card,621.69,EUR,Local Coffee Shop,Western Europe,CUST-3339,0
bab78c04,2026-09-09 17:03:00,ACH,645.82,EUR,Fashion Outlet,Northern Europe,CUST-4217,0
d437dd51,2026-09-09 17:06:00,Wallet,748.6,USD,Uber,North America,CUST-7437,0
1e705910,2026-09-09 17:15:00,ACH,49.98,EUR,Netflix,Western Europe,CUST-9362,0
6ff47ee0,2026-09-09 17:23:00,Card,212.13,EUR,Electronics Hub,Northern Europe,CUST-3438,0
4f723583,2026-09-09 17:24:00,Wallet,214.72,EUR,Local Coffee Shop,Northern Europe,CUST-2014,0
d078f74c,2026-09-09 17:26:00,Wallet,479.78,EUR,Travel Booking,Western Europe,CUST-9898,0
572c3837,2026-09-09 17:37:00,Wallet,525.7,USD,Local Coffee Shop,Southern Europe,CUST-4445,0
4dc5e8c6,2026-09-09 17:49:00,ACH,379.79,USD,Shopify Store,North America,CUST-8515,0
a9d63d6b,2026-09-09 17:51:00,Wallet,600.63,EUR,Amazon,Northern Europe,CUST-1439,0
3414296d,2026-09-09 17:51:00,ACH,682.32,USD,Electronics Hub,Western Europe,CUST-4977,0
0c6b3afe,2026-09-09 17:53:00,ACH,760.86,USD,Pharmacy Plus,North America,CUST-9565,0
d046697d,2026-09-09 17:53:00,Wallet,671.9,USD,Uber,North America,CUST-8923,0
294df353,2026-09-09 17:53:00,Card,175.6,USD,Pharmacy Plus,North America,CUST-6551,0
a797ccc4,2026-09-09 17:55:00,ACH,580.13,USD,Grocery Mart,Western Europe,CUST-8777,0
d6c19639,2026-09-09 18:06:00,Wallet,303.71,EUR,Electronics Hub,North America,CUST-4053,0
684d24fd,2026-09-09 18:21:00,Card,244.7,USD,Travel Booking,Northern Europe,CUST-4802,0
c8ff468f,2026-09-09 18:21:00,Card,573.65,EUR,GameStore,Eastern Europe,CUST-1423,0
0bf54483,2026-09-09 18:31:00,ACH,127.45,USD,Shopify Store,Southern Europe,CUST-6656,0
f18a998a,2026-09-09 18:38:00,ACH,761.75,EUR,GameStore,Western Europe,CUST-5536,0
a5e75580,2026-09-09 18:39:00,ACH,107.02,USD,Shopify Store,Eastern Europe,CUST-9537,0
a0a9c0fa,2026-09-09 18:43:00,ACH,78.98,USD,GameStore,Western Europe,CUST-5070,0
ec836bad,2026-09-09 18:49:00,Wallet,526.7,USD,Spotify,Southern Europe,CUST-8029,0
a9d6d0e8,2026-09-09 19:13:00,Wallet,782.91,EUR,Pharmacy Plus,Eastern Europe,CUST-6219,0
a0c7034f,2026-09-09 19:14:00,ACH,327.41,USD,GameStore,North America,CUST-5564,0
e0140300,2026-09-09 19:18:00,ACH,449.64,USD,Pharmacy Plus,Eastern Europe,CUST-7674,0
18a50ccc,2026-09-09 19:27:00,ACH,799.7,EUR,Amazon,Western Europe,CUST-8361,0
fbdfba56,2026-09-09 19:32:00,ACH,495.24,USD,Local Coffee Shop,Southern Europe,CUST-8680,0
824e49bd,2026-09-09 19:35:00,ACH,540.31,EUR,Shopify Store,Southern Europe,CUST-3345,0
33fd1d0f,2026-09-09 19:35:00,Card,200.43,USD,Pharmacy Plus,Eastern Europe,CUST-5392,0
35b376fe,2026-09-09 19:41:00,Card,174.67,USD,Spotify,Southern Europe,CUST-8003,0
de679e70,2026-09-09 19:45:00,ACH,224.07,USD,Shopify Store,Northern Europe,CUST-1173,0
1fe581c6,2026-09-09 19:46:00,Wallet,728.48,USD,Spotify,Western Europe,CUST-3822,0
ec8b1928,2026-09-09 19:47:00,ACH,479.41,EUR,Uber,Eastern Europe,CUST-3740,0
519dd4d3,2026-09-09 19:51:00,Wallet,621.29,EUR,Grocery Mart,Western Europe,CUST-4099,0
7486474c,2026-09-09 19:52:00,Card,289.13,EUR,GameStore,Eastern Europe,CUST-6421,0
d377808c,2026-09-09 19:56:00,ACH,597.32,USD,Travel Booking,Northern Europe,CUST-6546,0
05e986da,2026-09-09 19:57:00,Card,786.53,USD,Grocery Mart,Western Europe,CUST-1355,0
60a6ff09,2026-09-09 19:59:00,ACH,799.79,USD,Uber,Western Europe,CUST-2661,0
b5bc7a97,2026-09-09 20:01:00,ACH,677.41,USD,Local Coffee Shop,Western Europe,CUST-7586,0
a9eeda42,2026-09-09 20:14:00,Wallet,118.98,EUR,Travel Booking,Southern Europe,CUST-8982,0
3cfefbb4,2026-09-09 20:25:00,Wallet,615.94,USD,Shopify Store,North America,CUST-3446,0
29ac487b,2026-09-09 20:35:00,ACH,694.36,EUR,Local Coffee Shop,Eastern Europe,CUST-5078,0
fcad99fb,2026-09-09 20:39:00,Card,33.39,USD,Pharmacy Plus,Southern Europe,CUST-5666,0
01cf4dfe,2026-09-09 20:52:00,Card,350.13,EUR,Uber,North America,CUST-4681,0
0da1696e,2026-09-09 20:53:00,ACH,606.11,EUR,Electronics Hub,Eastern Europe,CUST-4218,0
a67b822e,2026-09-09 20:58:00,ACH,161.47,USD,Uber,North America,CUST-1296,0
403457f0,2026-09-09 20:58:00,ACH,631.54,EUR,Travel Booking,North America,CUST-6597,0
2e571e5f,2026-09-09 21:08:00,ACH,20.12,EUR,Netflix,Western Europe,CUST-7219,0
52c61abe,2026-09-09 21:09:00,ACH,442.76,USD,Grocery Mart,Southern Europe,CUST-9618,0
31ef4a90,2026-09-09 21:16:00,Card,587.08,EUR,Spotify,Northern Europe,CUST-8005,0
f512df98,2026-09-09 21:31:00,Wallet,732.79,USD,Netflix,North America,CUST-5385,0
929217ec,2026-09-09 21:36:00,Card,168.53,USD,Travel Booking,Northern Europe,CUST-1501,0
458f5fda,2026-09-09 21:42:00,ACH,451.67,USD,Travel Booking,Northern Europe,CUST-3451,0
99ca6e13,2026-09-09 21:43:00,ACH,716.96,USD,Amazon,North America,CUST-3435,0
c5c8c1dd,2026-09-09 21:43:00,ACH,175.97,USD,Electronics Hub,Northern Europe,CUST-8898,0
3dbe82ab,2026-09-09 21:45:00,Card,52.4,EUR,Travel Booking,North America,CUST-2882,0
a3af665b,2026-09-09 21:46:00,ACH,757.93,EUR,Travel Booking,Northern Europe,CUST-9737,0
952fc86a,2026-09-09 21:50:00,Wallet,142.12,EUR,Pharmacy Plus,Eastern Europe,CUST-2130,0
e7ad8817,2026-09-09 21:55:00,ACH,1732.63,EUR,Pharmacy Plus,Northern Europe,CUST-4029,1
2cf78771,2026-09-09 22:06:00,Wallet,671.6,EUR,Shopify Store,Eastern Europe,CUST-7962,0
fa40987c,2026-09-09 22:08:00,ACH,589.93,EUR,Electronics Hub,Southern Europe,CUST-5928,0
dcfe223c,2026-09-09 22:14:00,ACH,674.77,USD,Netflix,Northern Europe,CUST-8083,0
64a6e96f,2026-09-09 22:23:00,Card,638.03,USD,Grocery Mart,Western Europe,CUST-1586,0
f03ea056,2026-09-09 22:41:00,Card,533.02,USD,Fashion Outlet,Southern Europe,CUST-2444,0
462cde09,2026-09-09 22:50:00,Card,224.68,USD,Spotify,Western Europe,CUST-1551,0
91acc4bc,2026-09-09 22:58:00,ACH,538.25,USD,Spotify,Eastern Europe,CUST-3109,0
5be78a9c,2026-09-09 23:03:00,Card,548.57,EUR,Electronics Hub,Eastern Europe,CUST-2351,0
81862615,2026-09-09 23:32:00,Wallet,411.38,USD,Grocery Mart,Western Europe,CUST-4139,0
6224e808,2026-09-09 23:39:00,Wallet,623.6,USD,Pharmacy Plus,Eastern Europe,CUST-9527,0
e73bcecf,2026-09-09 23:45:00,Wallet,671.89,USD,Shopify Store,North America,CUST-4040,0
42d46047,2026-09-09 23:45:00,ACH,703.46,EUR,Shopify Store,Western Europe,CUST-7526,0
def42a08,2026-09-09 23:45:00,ACH,684.89,EUR,GameStore,Eastern Europe,CUST-7459,0
b7f3e1b4,2026-09-09 23:58:00,ACH,182.42,USD,Travel Booking,North America,CUST-9413,0
f8d3eab3,2026-09-09 23:58:00,Card,210.64,USD,GameStore,Southern Europe,CUST-2034,0
406598de,2026-09-10 00:11:00,Card,92.83,USD,Local Coffee Shop,Eastern Europe,CUST-9278,0
2fd8f390,2026-09-10 00:12:00,Wallet,761.85,USD,Netflix,North America,CUST-1189,0
f29bc4c9,2026-09-10 00:20:00,Wallet,237.37,EUR,Pharmacy Plus,Southern Europe,CUST-3789,0
b71a8f8b,2026-09-10 00:20:00,ACH,497.09,USD,Electronics Hub,North America,CUST-4548,0
9bd59ddf,2026-09-10 00:27:00,Card,543.67,USD,Grocery Mart,Western Europe,CUST-2446,0
89a5ceb8,2026-09-10 00:32:00,ACH,671.01,USD,Pharmacy Plus,Southern Europe,CUST-1605,0
15e9d41b,2026-09-10 00:49:00,Wallet,798.29,EUR,Spotify,Eastern Europe,CUST-2556,0
2d121843,2026-09-10 00:50:00,Card,207.74,EUR,Grocery Mart,Northern Europe,CUST-1339,0
c1258ab2,2026-09-10 00:50:00,ACH,426.72,USD,Fashion Outlet,Northern Europe,CUST-6624,0
c952cbc0,2026-09-10 00:52:00,Card,25.55,USD,Uber,Northern Europe,CUST-5703,0
4438b316,2026-09-10 00:55:00,Card,476.12,USD,Amazon,Northern Europe,CUST-2392,0
2ae3a3dc,2026-09-10 01:08:00,Card,288.54,EUR,Grocery Mart,Eastern Europe,CUST-7793,0
b54ad926,2026-09-10 01:17:00,ACH,608.74,EUR,Electronics Hub,Western Europe,CUST-1811,0
3f6a64a6,2026-09-10 01:19:00,ACH,495.82,EUR,Amazon,Northern Europe,CUST-8203,0
178ef622,2026-09-10 01:20:00,ACH,469.47,USD,Shopify Store,Eastern Europe,CUST-1754,0
f5e7579d,2026-09-10 01:26:00,ACH,524.92,USD,Travel Booking,Northern Europe,CUST-1763,0
75463afc,2026-09-10 01:43:00,Wallet,699.74,USD,Shopify Store,Eastern Europe,CUST-8147,0
44450661,2026-09-10 01:46:00,Card,738.42,USD,Local Coffee Shop,Southern Europe,CUST-5742,0
9b50f487,2026-09-10 01:47:00,Wallet,463.49,USD,Electronics Hub,Northern Europe,CUST-1125,0
d1115976,2026-09-10 01:56:00,Wallet,268.23,USD,Travel Booking,Northern Europe,CUST-5197,0
46282b8d,2026-09-10 02:02:00,Wallet,395.09,EUR,Shopify Store,North America,CUST-4697,0
9ceae78f,2026-09-10 02:05:00,Card,202.49,EUR,GameStore,Western Europe,CUST-2018,0
27945744,2026-09-10 02:05:00,ACH,28.98,USD,Amazon,Northern Europe,CUST-6206,0
5bb91659,2026-09-10 02:16:00,ACH,728.33,USD,Uber,Eastern Europe,CUST-2468,0
6dd92641,2026-09-10 02:22:00,Wallet,150.92,USD,Spotify,Eastern Europe,CUST-3758,0
fd8bfb0f,2026-09-10 02:30:00,Wallet,464.41,EUR,Amazon,North America,CUST-2812,0
f4709660,2026-09-10 02:46:00,ACH,31.98,USD,Grocery Mart,Northern Europe,CUST-3869,0
0ab3e003,2026-09-10 02:47:00,ACH,202.58,EUR,Amazon,Southern Europe,CUST-1586,0
e7a4298f,2026-09-10 02:53:00,Card,490.94,EUR,Electronics Hub,Eastern Europe,CUST-6223,0
783d0028,2026-09-10 03:00:00,Wallet,157.54,EUR,Amazon,Northern Europe,CUST-5493,0
ca2f6f9f,2026-09-10 03:00:00,Wallet,494.38,USD,Uber,Eastern Europe,CUST-5187,0
739d2983,2026-09-10 03:10:00,Wallet,475.53,USD,Travel Booking,Northern Europe,CUST-7858,0
a7f030f9,2026-09-10 03:17:00,Wallet,432.45,EUR,Local Coffee Shop,Western Europe,CUST-7006,0
84c65b21,2026-09-10 03:22:00,Card,220.86,EUR,Grocery Mart,Northern Europe,CUST-2127,0
821a6d88,2026-09-10 03:30:00,ACH,76.54,USD,Shopify Store,Western Europe,CUST-4365,0
9bbe6e9a,2026-09-10 03:56:00,ACH,554.0,EUR,Grocery Mart,Southern Europe,CUST-6231,0
ad56741b,2026-09-10 03:57:00,ACH,764.93,EUR,Netflix,North America,CUST-9077,0
7fa8aee1,2026-09-10 04:08:00,Card,249.01,EUR,Pharmacy Plus,Western Europe,CUST-2638,0
6cc73d0a,2026-09-10 04:25:00,Card,221.35,EUR,Grocery Mart,Eastern Europe,CUST-2339,0
6ea022be,2026-09-10 04:26:00,Wallet,536.55,EUR,Travel Booking,Southern Europe,CUST-1510,0
7515b741,2026-09-10 04:26:00,Card,321.83,EUR,Local Coffee Shop,Eastern Europe,CUST-9698,0
acfe22d9,2026-09-10 04:27:00,ACH,463.65,EUR,Electronics Hub,Eastern Europe,CUST-5968,0
45f301c2,2026-09-10 04:30:00,ACH,305.98,USD,Local Coffee Shop,North America,CUST-8144,0
e96d1039,2026-09-10 04:31:00,ACH,72.37,USD,GameStore,North America,CUST-7646,0
0d27d373,2026-09-10 04:36:00,Wallet,696.85,USD,Pharmacy Plus,Western Europe,CUST-6007,0
79f7f0bb,2026-09-10 04:38:00,ACH,740.35,EUR,Electronics Hub,Western Europe,CUST-1117,0
f65caa78,2026-09-10 04:41:00,Wallet,67.51,USD,Electronics Hub,Western Europe,CUST-8450,0
d978aa16,2026-09-10 04:44:00,Wallet,436.49,USD,Pharmacy Plus,Northern Europe,CUST-9935,0
a6e80268,2026-09-10 04:46:00,Wallet,320.84,USD,Electronics Hub,Northern Europe,CUST-8191,0
f660a4c0,2026-09-10 05:03:00,Card,376.69,USD,Grocery Mart,Southern Europe,CUST-7868,0
98c2e4e8,2026-09-10 05:05:00,Card,52.23,USD,Travel Booking,Southern Europe,CUST-9795,0
342974b3,2026-09-10 05:11:00,ACH,59.59,USD,Electronics Hub,North America,CUST-6726,0
b9a12220,2026-09-10 05:15:00,Wallet,789.09,USD,Local Coffee Shop,Northern Europe,CUST-6300,0
38001a62,2026-09-10 05:38:00,ACH,310.6,USD,Amazon,Northern Europe,CUST-1184,0
8efc1a63,2026-09-10 05:39:00,Wallet,354.24,USD,Electronics Hub,Southern Europe,CUST-2085,0
4dcffb31,2026-09-10 05:42:00,Wallet,221.15,USD,Travel Booking,Eastern Europe,CUST-1270,0
bf459c60,2026-09-10 05:45:00,Card,304.76,EUR,Travel Booking,Southern Europe,CUST-1816,0
d531d6f6,2026-09-10 05:53:00,Card,158.18,USD,Travel Booking,North America,CUST-3871,0
ed2c8370,2026-09-10 06:05:00,Wallet,414.15,USD,Travel Booking,Southern Europe,CUST-2642,0
10a8cb15,2026-09-10 06:13:00,ACH,66.31,EUR,Fashion Outlet,North America,CUST-1272,0
5fb022ad,2026-09-10 06:17:00,ACH,193.27,USD,Uber,Southern Europe,CUST-6403,0
c2618de9,2026-09-10 06:35:00,ACH,644.99,USD,Netflix,North America,CUST-1453,0
14ef4646,2026-09-10 06:38:00,Wallet,718.25,EUR,Pharmacy Plus,Northern Europe,CUST-2315,0
18527a88,2026-09-10 06:45:00,Card,98.6,USD,GameStore,Eastern Europe,CUST-8772,0
78dbfed0,2026-09-10 06:50:00,Card,515.08,EUR,Uber,Western Europe,CUST-7751,0
83954ae8,2026-09-10 06:50:00,Wallet,542.77,EUR,Local Coffee Shop,North America,CUST-6275,0
34526fbd,2026-09-10 07:14:00,ACH,538.61,EUR,Local Coffee Shop,Eastern Europe,CUST-8741,0
89e00b93,2026-09-10 07:21:00,Wallet,10.75,EUR,Fashion Outlet,Western Europe,CUST-3117,0
bf50da52,2026-09-10 07:23:00,Card,9.46,EUR,Local Coffee Shop,Eastern Europe,CUST-5892,0
52489bf8,2026-09-10 07:28:00,ACH,515.37,USD,GameStore,Northern Europe,CUST-1989,0
7da3a2e2,2026-09-10 07:31:00,Card,82.0,USD,Amazon,Southern Europe,CUST-6334,0
d47fc5f7,2026-09-10 07:32:00,ACH,233.28,EUR,Shopify Store,Western Europe,CUST-3250,0
b4fa9e85,2026-09-10 07:34:00,ACH,586.27,USD,Netflix,Northern Europe,CUST-4543,0
7d457e23,2026-09-10 08:12:00,ACH,312.03,EUR,Netflix,Southern Europe,CUST-1082,0
b9f381fb,2026-09-10 08:13:00,ACH,579.81,EUR,Local Coffee Shop,Eastern Europe,CUST-4204,0
4bdd80fd,2026-09-10 08:30:00,Card,351.47,USD,Pharmacy Plus,North America,CUST-4049,0
d5f8a92d,2026-09-10 08:31:00,Card,160.4,USD,Fashion Outlet,Northern Europe,CUST-3378,0
d3da4cb9,2026-09-10 08:40:00,Wallet,725.94,EUR,Uber,Eastern Europe,CUST-4526,0
82ade27a,2026-09-10 08:43:00,ACH,403.52,EUR,Spotify,Western Europe,CUST-8632,0
eb5c1c58,2026-09-10 08:57:00,Wallet,414.89,EUR,Uber,North America,CUST-4728,0
72d68b75,2026-09-10 08:59:00,Card,105.5,EUR,Pharmacy Plus,North America,CUST-3421,0
47d487e1,2026-09-10 09:05:00,ACH,276.15,USD,GameStore,Northern Europe,CUST-3494,0
565101ee,2026-09-10 09:05:00,Card,48.26,USD,Amazon,Northern Europe,CUST-2089,0
d1d1b68d,2026-09-10 09:16:00,ACH,385.44,EUR,Travel Booking,Southern Europe,CUST-8747,0
aaa29a32,2026-09-10 09:27:00,Card,318.03,USD,Pharmacy Plus,Western Europe,CUST-9309,0
88b3f8c0,2026-09-10 09:33:00,Card,513.14,EUR,Netflix,North America,CUST-1551,0
4308b305,2026-09-10 09:35:00,Wallet,468.7,EUR,GameStore,Northern Europe,CUST-1754,0
979ee59c,2026-09-10 09:47:00,Wallet,286.86,USD,Electronics Hub,North America,CUST-5398,0
0e074e1a,2026-09-10 09:54:00,ACH,469.4,USD,Uber,Eastern Europe,CUST-8750,0
150a79b7,2026-09-10 09:57:00,Wallet,310.63,USD,Local Coffee Shop,Southern Europe,CUST-2581,0
0fe390a2,2026-09-10 10:00:00,Card,727.3,EUR,Spotify,Eastern Europe,CUST-1319,0
dcb8f682,2026-09-10 10:08:00,Card,160.62,USD,GameStore,Northern Europe,CUST-8446,0
1fba8c05,2026-09-10 10:20:00,ACH,757.37,USD,Shopify Store,Northern Europe,CUST-5432,0
399e5b83,2026-09-10 10:32:00,Wallet,730.59,EUR,Pharmacy Plus,Eastern Europe,CUST-5313,0
804fe52e,2026-09-10 10:48:00,ACH,374.62,USD,Local Coffee Shop,Western Europe,CUST-6149,0
5735ab9d,2026-09-10 10:59:00,Wallet,630.87,EUR,Travel Booking,Western Europe,CUST-3868,0
61b73221,2026-09-10 11:01:00,Card,40.1,EUR,Shopify Store,Eastern Europe,CUST-4332,0
474f8d48,2026-09-10 11:02:00,Card,730.8,USD,Electronics Hub,Western Europe,CUST-6174,0
36c30d0b,2026-09-10 11:03:00,Wallet,206.34,EUR,Pharmacy Plus,North America,CUST-4967,0
abfcead9,2026-09-10 11:08:00,Card,727.71,EUR,Travel Booking,Western Europe,CUST-3526,0
eba006d5,2026-09-10 11:16:00,ACH,110.71,USD,Shopify Store,Western Europe,CUST-7831,0
d857f7cd,2026-09-10 11:21:00,Card,330.55,USD,Fashion Outlet,Northern Europe,CUST-9208,0
ab689409,2026-09-10 11:22:00,Wallet,389.16,USD,Local Coffee Shop,North America,CUST-3825,0
c3a8f5d6,2026-09-10 11:30:00,Card,201.17,EUR,Local Coffee Shop,Eastern Europe,CUST-2031,0
d697de96,2026-09-10 11:34:00,Card,107.33,EUR,Grocery Mart,Northern Europe,CUST-6096,0
2b2e8efb,2026-09-10 11:42:00,ACH,325.19,EUR,Amazon,Eastern Europe,CUST-7230,0
220cfc84,2026-09-10 11:55:00,Wallet,493.07,EUR,Local Coffee Shop,North America,CUST-1999,0
263792b6,2026-09-10 11:57:00,Wallet,373.17,USD,Netflix,North America,CUST-7066,0
38fcc69a,2026-09-10 11:59:00,Card,36.82,USD,Amazon,Northern Europe,CUST-9584,0
eab249f6,2026-09-10 12:06:00,ACH,507.49,EUR,Travel Booking,Western Europe,CUST-6862,0
92f7229a,2026-09-10 12:07:00,Wallet,570.62,EUR,Netflix,Eastern Europe,CUST-3369,0
a2a58a89,2026-09-10 12:07:00,Wallet,665.23,EUR,GameStore,Eastern Europe,CUST-4925,0
fddc881a,2026-09-10 12:10:00,Card,710.18,USD,Grocery Mart,Eastern Europe,CUST-1810,0
3a47431e,2026-09-10 12:24:00,Card,380.95,EUR,Travel Booking,North America,CUST-9187,0
a384786a,2026-09-10 12:27:00,Card,508.2,USD,Spotify,Southern Europe,CUST-1699,0
04a7859a,2026-09-10 12:29:00,ACH,789.38,USD,Amazon,Western Europe,CUST-7437,0
ae36a3c2,2026-09-10 12:33:00,Wallet,632.74,EUR,Local Coffee Shop,Northern Europe,CUST-2629,0
91f71fef,2026-09-10 12:34:00,Wallet,417.96,EUR,Grocery Mart,Eastern Europe,CUST-3506,0
3a9c1a60,2026-09-10 12:36:00,ACH,1805.43,EUR,Uber,Western Europe,CUST-1011,1
9637741f,2026-09-10 12:40:00,Wallet,422.33,EUR,Fashion Outlet,Southern Europe,CUST-9136,0
68172ef8,2026-09-10 12:49:00,Wallet,290.15,USD,Grocery Mart,Eastern Europe,CUST-7426,0
f6b87666,2026-09-10 12:55:00,Card,458.85,EUR,Grocery Mart,Southern Europe,CUST-1121,0
6824b301,2026-09-10 12:56:00,Card,142.79,EUR,Shopify Store,Southern Europe,CUST-5372,0
c8bb897a,2026-09-10 12:59:00,Wallet,13.68,EUR,GameStore,Northern Europe,CUST-3016,0
bcf35725,2026-09-10 13:13:00,ACH,55.98,USD,Shopify Store,Eastern Europe,CUST-8774,0
d29819cb,2026-09-10 13:19:00,ACH,26.61,USD,Shopify Store,Eastern Europe,CUST-8410,0
54ea3848,2026-09-10 13:26:00,Wallet,290.44,EUR,Shopify Store,Southern Europe,CUST-3304,0
47044a0c,2026-09-10 13:48:00,Wallet,743.28,EUR,Local Coffee Shop,Northern Europe,CUST-1830,0
60d4c9fe,2026-09-10 13:53:00,ACH,607.54,EUR,GameStore,Western Europe,CUST-4000,0
42ac0471,2026-09-10 14:06:00,ACH,505.26,USD,Spotify,Southern Europe,CUST-1793,0
58ac3d19,2026-09-10 14:06:00,Wallet,473.06,EUR,Shopify Store,Eastern Europe,CUST-6470,0
ec8e6c7f,2026-09-10 14:18:00,ACH,192.32,EUR,Grocery Mart,Western Europe,CUST-8328,0
b0434fe7,2026-09-10 14:25:00,Wallet,154.92,EUR,Shopify Store,North America,CUST-1629,0
19e61eaf,2026-09-10 14:27:00,Wallet,351.36,USD,GameStore,Northern Europe,CUST-7426,0
75162abb,2026-09-10 14:29:00,ACH,612.2,USD,Shopify Store,North America,CUST-4149,0
820006b1,2026-09-10 14:29:00,Wallet,566.34,EUR,Netflix,Northern Europe,CUST-9756,0
7ca6271d,2026-09-10 14:39:00,Card,210.04,USD,Fashion Outlet,Eastern Europe,CUST-6869,0
7141acaa,2026-09-10 14:48:00,Wallet,749.26,EUR,Shopify Store,Northern Europe,CUST-6488,0
32a24d28,2026-09-10 15:04:00,ACH,260.42,USD,Local Coffee Shop,Southern Europe,CUST-9248,0
da6fabd0,2026-09-10 15:05:00,Card,203.07,EUR,Fashion Outlet,Northern Europe,CUST-1467,0
5c5bf9fa,2026-09-10 15:24:00,Card,280.16,EUR,Shopify Store,Western Europe,CUST-9993,0
691b3da9,2026-09-10 15:40:00,ACH,697.76,EUR,Electronics Hub,North America,CUST-6301,0
df26018f,2026-09-10 15:42:00,ACH,39.12,EUR,Grocery Mart,Western Europe,CUST-3197,0
720bac67,2026-09-10 15:51:00,Card,349.97,USD,Uber,North America,CUST-3536,0
4b2b4c70,2026-09-10 16:01:00,Card,346.67,USD,Travel Booking,Northern Europe,CUST-8268,0
25714af4,2026-09-10 16:10:00,Wallet,135.41,EUR,Local Coffee Shop,Eastern Europe,CUST-7472,0
c6f4f766,2026-09-10 16:12:00,Wallet,45.24,EUR,Spotify,Western Europe,CUST-9431,0
f7018451,2026-09-10 16:13:00,ACH,435.47,EUR,Local Coffee Shop,Western Europe,CUST-9096,0
e6264a4d,2026-09-10 16:16:00,Card,111.74,EUR,Shopify Store,Western Europe,CUST-1946,0
7ca33456,2026-09-10 16:28:00,ACH,623.76,USD,Uber,Western Europe,CUST-6010,0
809585af,2026-09-10 16:28:00,Wallet,93.94,EUR,Grocery Mart,North America,CUST-5097,0
022cbedf,2026-09-10 16:29:00,Wallet,274.35,USD,Travel Booking,Western Europe,CUST-5656,0
3a55700a,2026-09-10 16:30:00,Card,158.28,USD,Shopify Store,Northern Europe,CUST-7658,0
1045628b,2026-09-10 16:31:00,ACH,14.21,USD,Amazon,North America,CUST-1651,0
aacc368d,2026-09-10 16:37:00,Card,446.47,EUR,GameStore,Southern Europe,CUST-2046,0
90c77a85,2026-09-10 16:40:00,Card,380.42,EUR,Netflix,Eastern Europe,CUST-6492,0
8ddeed21,2026-09-10 16:53:00,ACH,371.08,USD,Shopify Store,Western Europe,CUST-8223,0
9685987d,2026-09-10 16:54:00,ACH,266.78,USD,Netflix,Northern Europe,CUST-6672,0
06c9973a,2026-09-10 16:55:00,Card,614.85,USD,Travel Booking,Eastern Europe,CUST-1123,0
4a93034e,2026-09-10 17:00:00,Wallet,788.59,EUR,Travel Booking,Eastern Europe,CUST-5825,0
dd322155,2026-09-10 17:17:00,ACH,221.48,EUR,Spotify,Southern Europe,CUST-8279,0
1767447d,2026-09-10 17:19:00,Wallet,115.3,EUR,Fashion Outlet,Eastern Europe,CUST-4270,0
5f24acc5,2026-09-10 17:26:00,Card,556.49,USD,Local Coffee Shop,Northern Europe,CUST-9937,0
69ee0fa9,2026-09-10 17:28:00,Wallet,23.77,USD,GameStore,Southern Europe,CUST-2889,0
b3f3e5e8,2026-09-10 17:44:00,ACH,337.81,EUR,Uber,Southern Europe,CUST-8159,0
2f02c9a5,2026-09-10 17:53:00,ACH,302.26,USD,Electronics Hub,Western Europe,CUST-6939,0
ee98cee7,2026-09-10 17:58:00,ACH,124.8,USD,Uber,Northern Europe,CUST-6868,0
764c5773,2026-09-10 18:01:00,Card,684.0,EUR,Fashion Outlet,Northern Europe,CUST-1044,0
02ccca7f,2026-09-10 18:06:00,Card,2106.85,EUR,Amazon,Southern Europe,CUST-5801,1
2cd4edcd,2026-09-10 18:11:00,ACH,211.82,USD,Local Coffee Shop,Northern Europe,CUST-2907,0
e02d8d72,2026-09-10 18:24:00,Card,509.7,EUR,GameStore,Western Europe,CUST-4863,0
81fa8ebd,2026-09-10 18:27:00,ACH,1163.33,USD,Grocery Mart,Western Europe,CUST-5585,1
787f4b35,2026-09-10 18:27:00,Card,19.85,EUR,Uber,Eastern Europe,CUST-7807,0
e35076a9,2026-09-10 18:31:00,Card,446.0,USD,Fashion Outlet,Northern Europe,CUST-5405,0
6f697c31,2026-09-10 18:32:00,Card,712.96,USD,Spotify,Northern Europe,CUST-2100,0
e4f11593,2026-09-10 18:33:00,Wallet,213.51,USD,Electronics Hub,Eastern Europe,CUST-2647,0
6ff22eb8,2026-09-10 18:40:00,ACH,655.33,EUR,Local Coffee Shop,Northern Europe,CUST-6396,0
a05b5a9e,2026-09-10 18:42:00,ACH,505.22,USD,Pharmacy Plus,Southern Europe,CUST-2625,0
512e00e5,2026-09-10 18:57:00,Card,684.48,EUR,Pharmacy Plus,Northern Europe,CUST-9151,0
d0e04826,2026-09-10 19:01:00,Wallet,678.3,USD,Uber,Western Europe,CUST-8006,0
5600e387,2026-09-10 19:01:00,ACH,758.18,USD,Electronics Hub,Western Europe,CUST-6432,0
619a806b,2026-09-10 19:08:00,Card,358.73,EUR,Netflix,Western Europe,CUST-6029,0
1de53b1c,2026-09-10 19:14:00,ACH,731.83,EUR,Amazon,North America,CUST-1692,0
ea8bfe98,2026-09-10 19:14:00,ACH,363.78,EUR,Grocery Mart,Eastern Europe,CUST-9256,0
09617e1d,2026-09-10 19:17:00,Card,762.0,EUR,Travel Booking,Eastern Europe,CUST-3990,0
d32773fc,2026-09-10 19:23:00,Card,614.36,EUR,Shopify Store,Northern Europe,CUST-1202,0
bf54dd8f,2026-09-10 19:25:00,ACH,702.7,EUR,Fashion Outlet,Eastern Europe,CUST-5270,0
81a53cb7,2026-09-10 19:41:00,ACH,306.81,USD,Netflix,Eastern Europe,CUST-9301,0
1353e88a,2026-09-10 19:42:00,ACH,311.37,USD,Grocery Mart,Northern Europe,CUST-7793,0
ed25ea20,2026-09-10 19:43:00,ACH,197.92,USD,Spotify,North America,CUST-4751,0
75939e56,2026-09-10 20:23:00,ACH,28.77,EUR,Amazon,North America,CUST-2219,0
42bd6665,2026-09-10 20:29:00,ACH,215.05,EUR,Fashion Outlet,Eastern Europe,CUST-1246,0
03012407,2026-09-10 20:32:00,Card,435.51,EUR,Fashion Outlet,Southern Europe,CUST-1439,0
a077b985,2026-09-10 20:48:00,Card,322.93,USD,Local Coffee Shop,Eastern Europe,CUST-6177,0
7f956cdb,2026-09-10 20:57:00,Wallet,176.93,EUR,Local Coffee Shop,Southern Europe,CUST-1376,0
a792080b,2026-09-10 21:00:00,Wallet,305.33,EUR,Pharmacy Plus,North America,CUST-2077,0
73b9a6ed,2026-09-10 21:03:00,ACH,742.68,EUR,GameStore,Southern Europe,CUST-9255,0
4a424001,2026-09-10 21:14:00,Wallet,63.63,EUR,Pharmacy Plus,Eastern Europe,CUST-3869,0
135c962b,2026-09-10 21:15:00,ACH,747.66,USD,Pharmacy Plus,Southern Europe,CUST-6171,0
ce2df1d6,2026-09-10 21:19:00,ACH,261.77,EUR,Uber,Western Europe,CUST-3075,0
557bbdcc,2026-09-10 21:31:00,Wallet,13.48,USD,Shopify Store,Eastern Europe,CUST-9377,0
1ba507f1,2026-09-10 21:38:00,Card,150.24,USD,Travel Booking,North America,CUST-1424,0
432c811d,2026-09-10 21:38:00,Wallet,433.51,EUR,Shopify Store,Southern Europe,CUST-1004,0
f147dfe5,2026-09-10 21:41:00,Wallet,102.69,USD,Uber,Northern Europe,CUST-1526,0
38d92524,2026-09-10 21:44:00,Card,398.63,USD,Netflix,Northern Europe,CUST-6577,0
04680c8b,2026-09-10 21:44:00,ACH,164.54,USD,Amazon,North America,CUST-6130,0
a474d9b1,2026-09-10 21:47:00,Card,73.41,USD,Uber,North America,CUST-8790,0
ae8682da,2026-09-10 22:03:00,Card,119.12,EUR,Netflix,North America,CUST-2478,0
bedd55de,2026-09-10 22:12:00,Card,590.48,USD,Uber,Northern Europe,CUST-1288,0
ef5e7af5,2026-09-10 22:25:00,ACH,380.96,USD,GameStore,Southern Europe,CUST-5848,0
1e1bb3c2,2026-09-10 22:32:00,ACH,69.82,EUR,Travel Booking,Eastern Europe,CUST-4693,0
4827259c,2026-09-10 22:37:00,ACH,143.68,USD,GameStore,Western Europe,CUST-6535,0
564ac320,2026-09-10 22:44:00,Wallet,623.93,EUR,Electronics Hub,Eastern Europe,CUST-5080,0
15162622,2026-09-10 22:48:00,Wallet,587.11,EUR,Netflix,Southern Europe,CUST-3233,0
5a30658e,2026-09-10 22:50:00,ACH,221.07,EUR,Spotify,Southern Europe,CUST-3793,0
d3e95309,2026-09-10 22:55:00,Card,420.24,EUR,GameStore,North America,CUST-2683,0
ee700ff5,2026-09-10 22:55:00,Card,41.19,EUR,Uber,Southern Europe,CUST-5753,0
a8782520,2026-09-10 23:06:00,Card,658.35,EUR,Electronics Hub,North America,CUST-2287,0
87e277f1,2026-09-10 23:20:00,Wallet,218.28,EUR,Amazon,Eastern Europe,CUST-3770,0
58fda56a,2026-09-10 23:24:00,Card,617.75,EUR,Netflix,North America,CUST-9102,0
5b2971f4,2026-09-10 23:28:00,Card,654.36,EUR,Pharmacy Plus,Western Europe,CUST-3493,0
1fe428bd,2026-09-10 23:35:00,ACH,370.7,EUR,Travel Booking,Western Europe,CUST-3039,0
b7972638,2026-09-10 23:41:00,Card,650.03,EUR,Shopify Store,Southern Europe,CUST-9675,0
5fb71add,2026-09-10 23:41:00,Card,426.57,EUR,Amazon,Eastern Europe,CUST-6769,0
75c974f4,2026-09-10 23:48:00,Card,274.6,USD,Fashion Outlet,Western Europe,CUST-6790,0
5afe2f61,2026-09-10 23:59:00,ACH,91.32,EUR,Amazon,North America,CUST-1628,0
85a32960,2026-09-11 00:16:00,ACH,744.71,USD,Local Coffee Shop,Southern Europe,CUST-1875,0
0c10d6a3,2026-09-11 00:20:00,Wallet,493.84,EUR,Electronics Hub,North America,CUST-9168,0
1305b357,2026-09-11 00:32:00,ACH,414.72,EUR,Shopify Store,Northern Europe,CUST-7514,0
b94f7d94,2026-09-11 00:49:00,Card,380.5,USD,Amazon,Northern Europe,CUST-5616,0
d131a943,2026-09-11 00:59:00,Wallet,584.13,USD,Spotify,Northern Europe,CUST-1958,0
aedcae1f,2026-09-11 01:04:00,ACH,418.74,USD,Travel Booking,North America,CUST-4290,0
9421a586,2026-09-11 01:08:00,ACH,8.14,EUR,Grocery Mart,Eastern Europe,CUST-7572,0
efebc6d2,2026-09-11 01:10:00,Wallet,790.3,USD,Uber,Western Europe,CUST-5532,0
f041119f,2026-09-11 01:12:00,ACH,346.89,EUR,Netflix,Eastern Europe,CUST-1524,0
979c9715,2026-09-11 01:18:00,ACH,76.08,EUR,Local Coffee Shop,Western Europe,CUST-8102,0
3b84c2bb,2026-09-11 01:21:00,Wallet,157.13,USD,Shopify Store,Eastern Europe,CUST-5614,0
4b8a38eb,2026-09-11 01:21:00,Wallet,200.24,USD,Spotify,Western Europe,CUST-9300,0
ca8f7a1d,2026-09-11 01:22:00,Wallet,783.44,EUR,Travel Booking,North America,CUST-3015,0
0ea96723,2026-09-11 01:28:00,Wallet,269.01,USD,Electronics Hub,Western Europe,CUST-8096,0
7daf1d52,2026-09-11 01:42:00,ACH,517.53,USD,Grocery Mart,Western Europe,CUST-7704,0
5022c913,2026-09-11 01:54:00,ACH,368.43,USD,Netflix,North America,CUST-4620,0
540c1a3a,2026-09-11 01:55:00,Wallet,764.43,USD,Local Coffee Shop,Southern Europe,CUST-9649,0
3b8250f5,2026-09-11 02:02:00,Card,372.6,EUR,Netflix,Eastern Europe,CUST-7224,0
12c139cf,2026-09-11 02:12:00,Card,659.32,EUR,Shopify Store,Southern Europe,CUST-3529,0
df369f8d,2026-09-11 02:21:00,Wallet,693.45,EUR,Grocery Mart,Northern Europe,CUST-2152,0
ab1a2ec0,2026-09-11 02:22:00,Card,583.59,USD,Pharmacy Plus,Western Europe,CUST-7952,0
bd741184,2026-09-11 02:34:00,Card,109.04,USD,Shopify Store,Southern Europe,CUST-6725,0
4ea58827,2026-09-11 02:35:00,Card,282.46,EUR,Shopify Store,Southern Europe,CUST-4206,0
969a0cb6,2026-09-11 02:39:00,ACH,436.14,EUR,Amazon,North America,CUST-4486,0
9c6489c0,2026-09-11 02:44:00,Wallet,508.9,EUR,Uber,Eastern Europe,CUST-5843,0
5e683fba,2026-09-11 02:48:00,ACH,213.2,EUR,Pharmacy Plus,Eastern Europe,CUST-6077,0
f7e53b65,2026-09-11 02:53:00,Card,485.99,EUR,Travel Booking,North America,CUST-2542,0
a9c953c3,2026-09-11 02:58:00,Wallet,666.34,EUR,Amazon,Southern Europe,CUST-7346,0
dff84ae8,2026-09-11 02:58:00,Card,120.56,USD,Amazon,Western Europe,CUST-5461,0
15084d33,2026-09-11 03:01:00,Wallet,119.18,USD,Spotify,Eastern Europe,CUST-5859,0
d37a6f8b,2026-09-11 03:01:00,Wallet,162.29,EUR,Netflix,North America,CUST-8771,0
3b2426ba,2026-09-11 03:06:00,ACH,190.34,EUR,Spotify,Eastern Europe,CUST-2353,0
1c1c99db,2026-09-11 03:20:00,ACH,427.61,EUR,Netflix,Northern Europe,CUST-6606,0
c65df132,2026-09-11 03:23:00,ACH,260.12,USD,GameStore,Southern Europe,CUST-3839,0
0c80303f,2026-09-11 03:39:00,Wallet,605.52,USD,Spotify,Northern Europe,CUST-4593,0
828a978e,2026-09-11 03:40:00,Wallet,668.05,EUR,Amazon,Southern Europe,CUST-5670,0
89ea2a90,2026-09-11 03:50:00,Card,130.52,EUR,Shopify Store,Southern Europe,CUST-9800,0
6083a9d7,2026-09-11 03:55:00,Card,334.08,USD,Uber,Eastern Europe,CUST-8523,0
1f697383,2026-09-11 03:57:00,Card,721.56,EUR,Netflix,Eastern Europe,CUST-6140,0
3cfc0a92,2026-09-11 04:00:00,ACH,592.32,USD,Fashion Outlet,Southern Europe,CUST-2663,0
97c351c9,2026-09-11 04:06:00,ACH,155.66,USD,Spotify,Western Europe,CUST-2312,0
239d29ad,2026-09-11 04:11:00,Card,436.65,EUR,Pharmacy Plus,Northern Europe,CUST-9628,0
6bb8e77f,2026-09-11 04:12:00,Card,19.97,USD,Fashion Outlet,Northern Europe,CUST-1372,0
921f8ac2,2026-09-11 04:17:00,Card,350.96,USD,Uber,Northern Europe,CUST-8978,0
477b074d,2026-09-11 04:25:00,ACH,456.74,EUR,Pharmacy Plus,North America,CUST-5921,0
10a709b2,2026-09-11 04:35:00,ACH,99.18,USD,Netflix,Eastern Europe,CUST-8369,0
6d58af40,2026-09-11 04:40:00,Card,332.49,EUR,Shopify Store,Southern Europe,CUST-2083,0
01a67280,2026-09-11 05:04:00,ACH,659.53,EUR,Travel Booking,Southern Europe,CUST-6407,0
36833ec1,2026-09-11 05:10:00,ACH,434.39,EUR,Netflix,Western Europe,CUST-2839,0
a91cac0b,2026-09-11 05:12:00,ACH,166.57,USD,Local Coffee Shop,Western Europe,CUST-2425,0
66ac6749,2026-09-11 05:13:00,ACH,383.05,EUR,Amazon,Western Europe,CUST-7871,0
bb9ad040,2026-09-11 05:17:00,Card,561.94,USD,Spotify,North America,CUST-8907,0
dec37612,2026-09-11 05:18:00,ACH,697.84,EUR,Fashion Outlet,Western Europe,CUST-4960,0
66e4353a,2026-09-11 05:22:00,Wallet,1264.16,EUR,Fashion Outlet,Eastern Europe,CUST-9891,1
8d602677,2026-09-11 05:36:00,Card,747.74,USD,Amazon,Southern Europe,CUST-2903,0
2b2e7800,2026-09-11 05:59:00,Wallet,122.82,EUR,Fashion Outlet,Eastern Europe,CUST-3528,0
8871b678,2026-09-11 06:02:00,Wallet,285.37,EUR,Shopify Store,North America,CUST-8572,0
a1718413,2026-09-11 06:05:00,ACH,484.42,USD,Shopify Store,Southern Europe,CUST-2374,0
934a55c2,2026-09-11 06:18:00,Wallet,181.25,USD,Uber,Southern Europe,CUST-2679,0
1f17db68,2026-09-11 06:22:00,ACH,477.59,USD,Electronics Hub,Southern Europe,CUST-7307,0
fe1eb008,2026-09-11 06:23:00,Wallet,367.01,USD,Pharmacy Plus,Southern Europe,CUST-7895,0
d7dbc7be,2026-09-11 06:25:00,Card,551.9,EUR,Electronics Hub,North America,CUST-2397,0
cdcaa608,2026-09-11 06:29:00,Wallet,375.47,USD,Travel Booking,Southern Europe,CUST-1088,0
1bb3fd12,2026-09-11 06:36:00,Card,425.82,USD,Spotify,Southern Europe,CUST-4654,0
14df79a1,2026-09-11 06:39:00,Wallet,436.74,EUR,Netflix,North America,CUST-6510,0
8ad17e72,2026-09-11 06:57:00,ACH,347.32,USD,Local Coffee Shop,Southern Europe,CUST-1464,0
9bf0e9b5,2026-09-11 07:09:00,ACH,295.07,EUR,Amazon,North America,CUST-8365,0
11d9a142,2026-09-11 07:09:00,Wallet,335.12,EUR,Electronics Hub,Eastern Europe,CUST-1083,0
a84ae9d5,2026-09-11 07:15:00,ACH,300.84,EUR,GameStore,Eastern Europe,CUST-5373,0
7ab03913,2026-09-11 07:35:00,Card,166.66,USD,Travel Booking,North America,CUST-5011,0
7054d782,2026-09-11 07:48:00,Card,440.75,EUR,GameStore,North America,CUST-6153,0
3c1b9f66,2026-09-11 07:48:00,ACH,504.56,EUR,Netflix,North America,CUST-3716,0
a4faef29,2026-09-11 07:50:00,Wallet,207.73,USD,Netflix,Northern Europe,CUST-6345,0
402233b7,2026-09-11 07:56:00,Card,310.54,EUR,Netflix,Northern Europe,CUST-7012,0
c6126f71,2026-09-11 07:56:00,Card,230.06,USD,Amazon,Northern Europe,CUST-8184,0
9f244e2b,2026-09-11 08:01:00,Card,94.01,USD,Amazon,Northern Europe,CUST-7097,0
0380f91c,2026-09-11 08:01:00,Card,732.03,USD,Shopify Store,Northern Europe,CUST-4445,0
c557491c,2026-09-11 08:16:00,ACH,621.77,EUR,Local Coffee Shop,Northern Europe,CUST-1023,0
49892ae6,2026-09-11 08:19:00,Wallet,8.86,USD,Spotify,Northern Europe,CUST-2461,0
ad15305b,2026-09-11 08:25:00,Card,362.06,EUR,Spotify,Northern Europe,CUST-8785,0
8097c64c,2026-09-11 08:25:00,ACH,441.61,USD,Pharmacy Plus,Southern Europe,CUST-6336,0
c3614bea,2026-09-11 08:27:00,ACH,752.7,USD,Uber,Southern Europe,CUST-6180,0
0f4064c6,2026-09-11 08:35:00,Wallet,171.81,EUR,GameStore,Northern Europe,CUST-7556,0
0a42e4f2,2026-09-11 08:38:00,Card,198.16,USD,Local Coffee Shop,Southern Europe,CUST-6540,0
d9a9968b,2026-09-11 08:52:00,ACH,377.0,USD,Local Coffee Shop,North America,CUST-9700,0
3f775486,2026-09-11 09:00:00,ACH,533.28,USD,Uber,Western Europe,CUST-9690,0
84bc98a4,2026-09-11 09:03:00,ACH,115.2,EUR,Pharmacy Plus,Southern Europe,CUST-6655,0
c5226cdd,2026-09-11 09:04:00,Wallet,143.29,EUR,Local Coffee Shop,Northern Europe,CUST-1927,0
cd6e9144,2026-09-11 09:11:00,Card,492.88,EUR,Amazon,Southern Europe,CUST-8830,0
2aa81f52,2026-09-11 09:22:00,Wallet,152.41,USD,Fashion Outlet,Southern Europe,CUST-4822,0
5e984e58,2026-09-11 09:23:00,Wallet,631.75,USD,Spotify,Northern Europe,CUST-4551,0
7367710e,2026-09-11 09:34:00,Wallet,458.29,USD,Electronics Hub,Western Europe,CUST-6611,0
3892c8ef,2026-09-11 09:41:00,ACH,667.81,EUR,Fashion Outlet,Southern Europe,CUST-9587,0
c8fb9dad,2026-09-11 09:46:00,ACH,404.58,USD,Shopify Store,Northern Europe,CUST-1562,0
4976a62b,2026-09-11 09:48:00,Wallet,224.21,USD,Fashion Outlet,Northern Europe,CUST-6188,0
0101b1d1,2026-09-11 09:51:00,Wallet,706.89,EUR,Grocery Mart,Northern Europe,CUST-1361,0
dcf55c38,2026-09-11 09:57:00,ACH,102.24,EUR,Local Coffee Shop,North America,CUST-4677,0
3fd41b00,2026-09-11 09:58:00,ACH,598.58,USD,Pharmacy Plus,Southern Europe,CUST-8506,0
0c2a1ca4,2026-09-11 10:21:00,Wallet,316.64,USD,Local Coffee Shop,Northern Europe,CUST-7532,0
8d6eeaaa,2026-09-11 10:25:00,Wallet,764.8,EUR,Netflix,Southern Europe,CUST-8670,0
1e2ba260,2026-09-11 10:37:00,Wallet,394.92,USD,Grocery Mart,Eastern Europe,CUST-7471,0
fb063c59,2026-09-11 10:38:00,Card,36.63,USD,Grocery Mart,Western Europe,CUST-6698,0
abb5cbdc,2026-09-11 10:40:00,Card,340.51,EUR,Electronics Hub,North America,CUST-9615,0
f9ba10ca,2026-09-11 10:45:00,Card,161.71,USD,Electronics Hub,Northern Europe,CUST-9292,0
0bd20c1b,2026-09-11 10:45:00,Card,248.67,EUR,Fashion Outlet,Western Europe,CUST-4864,0
ae6cba0b,2026-09-11 10:55:00,Wallet,428.57,EUR,Pharmacy Plus,Northern Europe,CUST-9025,0
7a4d7b36,2026-09-11 10:57:00,ACH,567.55,USD,Grocery Mart,Western Europe,CUST-5166,0
b5e6ebf8,2026-09-11 10:58:00,Card,253.4,USD,Local Coffee Shop,North America,CUST-1158,0
179c2946,2026-09-11 11:00:00,Wallet,90.91,EUR,Pharmacy Plus,Eastern Europe,CUST-3236,0
79d07132,2026-09-11 11:02:00,Wallet,92.09,EUR,Electronics Hub,Northern Europe,CUST-8547,0
81b8d8ce,2026-09-11 11:15:00,ACH,511.49,USD,GameStore,North America,CUST-2175,0
b23fc94b,2026-09-11 11:16:00,Wallet,639.67,EUR,Electronics Hub,Southern Europe,CUST-7820,0
d47766a8,2026-09-11 11:36:00,Card,112.99,EUR,Amazon,Western Europe,CUST-1249,0
968b42fe,2026-09-11 11:39:00,Card,327.34,EUR,Netflix,Southern Europe,CUST-9378,1
7071584d,2026-09-11 11:42:00,Card,429.53,EUR,Fashion Outlet,Northern Europe,CUST-5102,0
a23fb83d,2026-09-11 11:44:00,Wallet,564.86,EUR,Shopify Store,Western Europe,CUST-5348,0
e4357139,2026-09-11 11:47:00,Wallet,437.42,EUR,Shopify Store,Northern Europe,CUST-7901,0
45922714,2026-09-11 11:58:00,Wallet,39.79,USD,Fashion Outlet,North America,CUST-2178,0
1fffe14d,2026-09-11 12:02:00,ACH,647.9,USD,Shopify Store,Northern Europe,CUST-5166,0
92225d26,2026-09-11 12:03:00,Card,585.66,EUR,Netflix,Northern Europe,CUST-9357,0
71f41c5b,2026-09-11 12:15:00,ACH,83.86,EUR,Netflix,Western Europe,CUST-9030,0
cedde9eb,2026-09-11 12:21:00,ACH,552.05,USD,Uber,Western Europe,CUST-4813,0
456ac576,2026-09-11 12:27:00,ACH,201.78,USD,Spotify,Northern Europe,CUST-4236,0
a09a2be2,2026-09-11 12:29:00,Wallet,359.73,USD,Amazon,Northern Europe,CUST-3427,0
32e320a3,2026-09-11 12:36:00,Wallet,172.7,EUR,Pharmacy Plus,Eastern Europe,CUST-3355,0
d4bc128f,2026-09-11 12:37:00,Wallet,106.72,EUR,Local Coffee Shop,Northern Europe,CUST-6107,0
9db3ba11,2026-09-11 12:39:00,ACH,604.73,USD,Electronics Hub,North America,CUST-5584,0
16b76fbc,2026-09-11 12:41:00,Wallet,276.24,EUR,Uber,Western Europe,CUST-4722,0
d030657e,2026-09-11 12:59:00,Wallet,1605.03,USD,Grocery Mart,Southern Europe,CUST-1514,1
ddc593a0,2026-09-11 13:01:00,ACH,344.21,EUR,Pharmacy Plus,Southern Europe,CUST-9965,0
e813ebf9,2026-09-11 13:15:00,Wallet,612.52,EUR,Grocery Mart,Eastern Europe,CUST-1698,0
0bcc4308,2026-09-11 13:16:00,Card,9.99,EUR,Pharmacy Plus,Southern Europe,CUST-8104,0
5556ba99,2026-09-11 13:21:00,Card,662.25,USD,Local Coffee Shop,North America,CUST-4621,0
693a5fb5,2026-09-11 13:34:00,Wallet,390.51,EUR,Electronics Hub,Eastern Europe,CUST-3041,0
32d2ef5d,2026-09-11 13:43:00,Card,285.03,EUR,GameStore,North America,CUST-1220,0
80f6f7fb,2026-09-11 13:50:00,Card,152.16,EUR,Grocery Mart,Western Europe,CUST-9056,0
c54c3ac4,2026-09-11 14:02:00,ACH,509.49,EUR,Fashion Outlet,Southern Europe,CUST-4424,0
60732bd2,2026-09-11 14:30:00,Card,234.14,EUR,GameStore,Southern Europe,CUST-6535,0
a0f17a05,2026-09-11 14:30:00,ACH,769.54,USD,Local Coffee Shop,Western Europe,CUST-5814,0
c0d8e98b,2026-09-11 14:31:00,Wallet,163.02,EUR,Local Coffee Shop,Southern Europe,CUST-5722,0
b5ca1720,2026-09-11 14:47:00,Card,375.12,EUR,Travel Booking,North America,CUST-4458,0
b415cfda,2026-09-11 14:57:00,Wallet,404.2,USD,Pharmacy Plus,Northern Europe,CUST-8723,0
5e8582c2,2026-09-11 15:03:00,ACH,189.2,USD,Fashion Outlet,Northern Europe,CUST-5685,0
519475a8,2026-09-11 15:06:00,Card,115.39,USD,Netflix,Eastern Europe,CUST-8804,0
0b457e56,2026-09-11 15:10:00,ACH,138.43,EUR,GameStore,Southern Europe,CUST-9007,0
c234a7a0,2026-09-11 15:13:00,Wallet,5.8,USD,Netflix,Eastern Europe,CUST-3067,0
6772a4ef,2026-09-11 15:31:00,Card,30.39,USD,Pharmacy Plus,North America,CUST-5383,0
370a2535,2026-09-11 15:38:00,ACH,79.26,USD,Electronics Hub,Eastern Europe,CUST-8429,0
cfea2ce9,2026-09-11 16:09:00,Card,17.23,USD,Uber,Eastern Europe,CUST-1090,0
890d70bf,2026-09-11 16:30:00,Card,9.09,EUR,Shopify Store,Eastern Europe,CUST-3848,0
70ce1e41,2026-09-11 16:45:00,ACH,724.05,EUR,Electronics Hub,Northern Europe,CUST-2553,0
2ba058af,2026-09-11 16:51:00,ACH,271.86,USD,Pharmacy Plus,North America,CUST-4439,0
5fa02860,2026-09-11 16:56:00,Card,382.11,USD,Uber,Northern Europe,CUST-6834,0
8fb47b9c,2026-09-11 17:03:00,ACH,604.51,USD,Spotify,Eastern Europe,CUST-8537,0
a2ddc885,2026-09-11 17:10:00,Card,735.17,EUR,Spotify,North America,CUST-9322,0
576c00b1,2026-09-11 17:23:00,Card,246.81,EUR,Grocery Mart,Western Europe,CUST-2497,0
49427db1,2026-09-11 17:24:00,ACH,148.66,EUR,Netflix,Eastern Europe,CUST-8233,0
ff694f85,2026-09-11 17:24:00,Card,460.2,USD,Amazon,Southern Europe,CUST-4043,0
0105d616,2026-09-11 17:28:00,Card,408.65,USD,Fashion Outlet,Eastern Europe,CUST-1561,0
dbb39baf,2026-09-11 17:33:00,Wallet,314.97,USD,Grocery Mart,Western Europe,CUST-9792,0
d1df447f,2026-09-11 17:49:00,ACH,238.76,USD,Fashion Outlet,Southern Europe,CUST-3229,0
86b03103,2026-09-11 17:54:00,Wallet,660.11,EUR,Uber,Southern Europe,CUST-2840,0
bf4c70c4,2026-09-11 17:57:00,ACH,620.39,EUR,Travel Booking,Southern Europe,CUST-2434,0
2e6d2c45,2026-09-11 18:22:00,Wallet,417.97,USD,Grocery Mart,Western Europe,CUST-4529,0
d24b2ef2,2026-09-11 18:34:00,Wallet,749.36,EUR,Electronics Hub,Eastern Europe,CUST-6808,0
bdaf996b,2026-09-11 18:49:00,ACH,675.98,EUR,Spotify,Eastern Europe,CUST-2429,0
d120657e,2026-09-11 18:50:00,Wallet,148.61,USD,Local Coffee Shop,Southern Europe,CUST-3845,0
b30a4b07,2026-09-11 18:58:00,ACH,573.8,USD,GameStore,Eastern Europe,CUST-1026,0
af7152ac,2026-09-11 19:00:00,Wallet,585.1,EUR,Pharmacy Plus,Western Europe,CUST-2127,0
2780bf9e,2026-09-11 19:01:00,Card,540.22,EUR,Uber,Eastern Europe,CUST-1464,0
667c877b,2026-09-11 19:03:00,Wallet,370.3,USD,Pharmacy Plus,Southern Europe,CUST-1518,0
3056920f,2026-09-11 19:07:00,ACH,132.75,USD,Electronics Hub,Western Europe,CUST-2908,0
06350e29,2026-09-11 19:09:00,ACH,765.78,USD,Shopify Store,North America,CUST-1727,0
5a632ccb,2026-09-11 19:11:00,ACH,48.48,USD,Local Coffee Shop,Northern Europe,CUST-6489,0
cfcfe2ed,2026-09-11 19:18:00,ACH,571.85,EUR,Netflix,Western Europe,CUST-4778,0
0bd0f906,2026-09-11 19:26:00,Card,620.47,EUR,Electronics Hub,North America,CUST-3843,0
ba88eda3,2026-09-11 19:37:00,ACH,452.67,USD,Shopify Store,Northern Europe,CUST-1028,0
728e8d3c,2026-09-11 19:43:00,ACH,759.88,USD,Grocery Mart,Western Europe,CUST-6074,0
b310af3b,2026-09-11 20:02:00,ACH,892.48,EUR,Amazon,Western Europe,CUST-7685,1
137e87d8,2026-09-11 20:03:00,Wallet,517.99,EUR,GameStore,Western Europe,CUST-2021,0
241bd8bf,2026-09-11 20:09:00,Wallet,127.85,USD,GameStore,Northern Europe,CUST-2228,0
f9c52b76,2026-09-11 20:11:00,ACH,57.57,EUR,Spotify,Northern Europe,CUST-4627,0
2517cad8,2026-09-11 20:15:00,Card,92.92,USD,Spotify,Eastern Europe,CUST-5892,0
8a3d2362,2026-09-11 20:25:00,ACH,213.6,EUR,Uber,Northern Europe,CUST-2068,0
d92ee93b,2026-09-11 20:25:00,Wallet,440.47,USD,Netflix,Southern Europe,CUST-1334,1
005dfdf2,2026-09-11 20:28:00,Card,306.12,EUR,Electronics Hub,North America,CUST-6005,0
e4507fc2,2026-09-11 20:39:00,ACH,37.97,EUR,Uber,Southern Europe,CUST-3644,0
7cf2c76b,2026-09-11 20:46:00,Card,27.36,EUR,Pharmacy Plus,Northern Europe,CUST-2957,0
61516359,2026-09-11 21:07:00,ACH,563.83,USD,Amazon,Western Europe,CUST-3898,0
e42664b2,2026-09-11 21:07:00,ACH,285.5,USD,Uber,Eastern Europe,CUST-7279,0
ded8122d,2026-09-11 21:10:00,Wallet,579.29,USD,Uber,Northern Europe,CUST-7604,0
86a12967,2026-09-11 21:13:00,ACH,384.18,EUR,Amazon,Northern Europe,CUST-5645,0
12fb079f,2026-09-11 21:23:00,Wallet,172.62,EUR,Amazon,Southern Europe,CUST-8815,0
d688aa46,2026-09-11 21:36:00,ACH,368.09,USD,GameStore,North America,CUST-3844,0
737877ee,2026-09-11 21:41:00,Card,413.38,USD,Travel Booking,North America,CUST-1866,0
53e5ccd2,2026-09-11 21:47:00,Card,204.37,USD,Fashion Outlet,Southern Europe,CUST-5616,0
779eda33,2026-09-11 21:47:00,Wallet,426.26,USD,Amazon,Eastern Europe,CUST-6813,0
4a40f676,2026-09-11 21:52:00,ACH,713.4,EUR,Electronics Hub,Northern Europe,CUST-3412,0
84e63c27,2026-09-11 21:52:00,Card,465.94,EUR,Electronics Hub,Eastern Europe,CUST-5847,0
c02e7940,2026-09-11 21:53:00,Card,318.42,EUR,Travel Booking,Southern Europe,CUST-4542,0
c6e96721,2026-09-11 21:57:00,Wallet,305.02,EUR,Grocery Mart,Northern Europe,CUST-5032,0
7954a83a,2026-09-11 21:57:00,Card,210.85,USD,Electronics Hub,Western Europe,CUST-6491,0
5036bbdb,2026-09-11 22:08:00,ACH,637.52,USD,Amazon,Eastern Europe,CUST-2746,0
18041e62,2026-09-11 22:10:00,Wallet,264.18,USD,Netflix,Western Europe,CUST-4536,0
d5c3cbf7,2026-09-11 22:13:00,ACH,15.96,USD,Grocery Mart,Western Europe,CUST-3322,0
d9afd098,2026-09-11 22:14:00,Wallet,337.36,EUR,Travel Booking,Northern Europe,CUST-6531,0
02b6ae34,2026-09-11 22:19:00,ACH,407.54,USD,Shopify Store,Eastern Europe,CUST-4942,0
a575a539,2026-09-11 22:23:00,ACH,614.18,USD,GameStore,Western Europe,CUST-8023,0
54bf27bf,2026-09-11 22:25:00,Card,380.47,USD,Netflix,Eastern Europe,CUST-7161,0
2c1ce65e,2026-09-11 22:25:00,Card,670.11,USD,Local Coffee Shop,North America,CUST-6164,0
0abcc9d2,2026-09-11 22:34:00,Wallet,697.21,USD,Uber,North America,CUST-2813,0
eb78c466,2026-09-11 22:34:00,ACH,419.89,EUR,Shopify Store,Western Europe,CUST-3454,0
fd36d2c9,2026-09-11 22:35:00,Card,312.18,USD,Netflix,North America,CUST-9336,0
3dbd2336,2026-09-11 22:38:00,ACH,459.46,EUR,Shopify Store,Southern Europe,CUST-7057,0
76b7c8f0,2026-09-11 22:39:00,ACH,147.17,EUR,Netflix,Eastern Europe,CUST-9654,0
d94bea75,2026-09-11 22:49:00,ACH,442.92,USD,Grocery Mart,Eastern Europe,CUST-2694,0
54b73f3f,2026-09-11 22:49:00,Wallet,95.75,EUR,Netflix,North America,CUST-4882,0
2dba36e1,2026-09-11 22:54:00,Wallet,369.62,EUR,Local Coffee Shop,North America,CUST-6563,0
2d7d0398,2026-09-11 22:56:00,Card,697.6,USD,Grocery Mart,Western Europe,CUST-6759,0
32b8a846,2026-09-11 22:59:00,Wallet,648.94,USD,Local Coffee Shop,Southern Europe,CUST-6892,0
f10ea655,2026-09-11 23:06:00,Card,18.34,USD,GameStore,Eastern Europe,CUST-3814,0
9cf8a421,2026-09-11 23:13:00,Card,371.27,EUR,Fashion Outlet,Eastern Europe,CUST-7670,0
533b4ce0,2026-09-11 23:13:00,ACH,266.92,EUR,Local Coffee Shop,Western Europe,CUST-8858,0
fc008bae,2026-09-11 23:16:00,Wallet,621.56,USD,Pharmacy Plus,Eastern Europe,CUST-6330,0
8718e008,2026-09-11 23:17:00,Card,100.77,USD,Shopify Store,Northern Europe,CUST-9985,0
00cd8b82,2026-09-11 23:37:00,ACH,225.53,USD,Amazon,Southern Europe,CUST-1305,0
7532cb17,2026-09-11 23:45:00,Wallet,389.32,USD,Uber,North America,CUST-9153,0
0ba71e77,2026-09-11 23:46:00,Card,297.65,EUR,Fashion Outlet,North America,CUST-4433,0
9a18eb78,2026-09-11 23:56:00,ACH,628.63,USD,GameStore,North America,CUST-5128,0
9bb41e9c,2026-09-12 00:07:00,Card,241.41,USD,GameStore,Western Europe,CUST-6465,0
4c23e9b1,2026-09-12 00:14:00,Wallet,722.23,USD,Uber,North America,CUST-5488,0
17afad1f,2026-09-12 00:24:00,Wallet,572.72,USD,Uber,Eastern Europe,CUST-6267,0
257fd44b,2026-09-12 00:34:00,Wallet,207.95,EUR,Shopify Store,North America,CUST-9629,0
ab988b6c,2026-09-12 00:34:00,Card,462.06,EUR,Fashion Outlet,North America,CUST-4969,0
40cb2397,2026-09-12 00:37:00,ACH,269.63,EUR,Travel Booking,Southern Europe,CUST-3763,0
94c4e53b,2026-09-12 00:47:00,Wallet,64.53,EUR,Local Coffee Shop,Southern Europe,CUST-6645,0
436f8f9e,2026-09-12 01:06:00,Card,750.03,EUR,GameStore,Southern Europe,CUST-9672,0
62a86e80,2026-09-12 01:20:00,Wallet,570.84,EUR,Shopify Store,Southern Europe,CUST-6439,0
8de802a3,2026-09-12 01:38:00,Wallet,188.46,EUR,Spotify,Eastern Europe,CUST-9562,0
d4b9c03d,2026-09-12 01:42:00,Card,783.9,USD,Shopify Store,Eastern Europe,CUST-4577,0
5155ff68,2026-09-12 01:46:00,ACH,131.93,EUR,Netflix,Western Europe,CUST-4644,0
76b9aaf7,2026-09-12 01:50:00,ACH,771.47,EUR,Pharmacy Plus,Southern Europe,CUST-5376,0
b746aa8e,2026-09-12 01:52:00,ACH,591.25,EUR,Spotify,Northern Europe,CUST-6198,0
17330534,2026-09-12 01:53:00,Wallet,539.76,USD,Shopify Store,North America,CUST-9438,0
c03c459a,2026-09-12 01:53:00,Wallet,48.82,USD,Local Coffee Shop,Northern Europe,CUST-5573,0
661168ab,2026-09-12 01:54:00,Wallet,54.3,EUR,Pharmacy Plus,Southern Europe,CUST-6026,0
94edc36c,2026-09-12 02:01:00,ACH,491.75,USD,Travel Booking,Eastern Europe,CUST-1866,0
1395b2ea,2026-09-12 02:02:00,Card,620.57,EUR,Shopify Store,Eastern Europe,CUST-7650,0
9007f8b0,2026-09-12 02:04:00,ACH,628.1,EUR,Uber,Southern Europe,CUST-4301,0
ae95a564,2026-09-12 02:09:00,Card,383.76,USD,GameStore,Southern Europe,CUST-8428,0
be073458,2026-09-12 02:12:00,ACH,246.57,USD,Electronics Hub,Northern Europe,CUST-6459,0
25253c3e,2026-09-12 02:14:00,Card,550.32,EUR,Electronics Hub,Western Europe,CUST-4476,0
a7057d19,2026-09-12 02:16:00,Card,218.12,USD,Spotify,Northern Europe,CUST-2992,0
557e3040,2026-09-12 02:22:00,Card,568.85,EUR,GameStore,Western Europe,CUST-3225,0
8f56a996,2026-09-12 02:23:00,Wallet,105.09,EUR,Fashion Outlet,North America,CUST-2962,0
8dddcaa3,2026-09-12 02:27:00,ACH,405.43,EUR,Travel Booking,Southern Europe,CUST-4972,0
ae892dff,2026-09-12 02:27:00,ACH,207.91,USD,Netflix,Southern Europe,CUST-6296,0
240fc5d1,2026-09-12 02:35:00,ACH,264.43,USD,Netflix,Southern Europe,CUST-6786,0
0bc8d4dd,2026-09-12 02:36:00,Wallet,632.13,EUR,Electronics Hub,Eastern Europe,CUST-7930,0
28e1f2a2,2026-09-12 02:43:00,ACH,303.05,EUR,Fashion Outlet,Southern Europe,CUST-3857,0
01c07837,2026-09-12 02:46:00,Wallet,463.38,EUR,Electronics Hub,Eastern Europe,CUST-5536,0
53be816e,2026-09-12 02:55:00,Card,711.41,EUR,Travel Booking,Southern Europe,CUST-2114,0
e64ac8c2,2026-09-12 02:56:00,ACH,766.86,USD,Uber,Northern Europe,CUST-9458,0
7d425339,2026-09-12 03:02:00,Card,621.7,USD,Spotify,Northern Europe,CUST-1803,0
7ab195ad,2026-09-12 03:11:00,ACH,133.36,USD,Local Coffee Shop,Western Europe,CUST-6428,0
493bed7e,2026-09-12 03:14:00,Wallet,173.06,USD,Local Coffee Shop,Southern Europe,CUST-6947,0
0453bda6,2026-09-12 03:33:00,ACH,343.76,USD,Shopify Store,Eastern Europe,CUST-8730,0
d52f9462,2026-09-12 03:38:00,Wallet,299.96,USD,Amazon,Eastern Europe,CUST-6965,0
0fafb8b7,2026-09-12 03:40:00,Wallet,122.78,USD,Electronics Hub,North America,CUST-8280,0
1cc44807,2026-09-12 03:42:00,ACH,728.21,USD,Amazon,Western Europe,CUST-3907,0
06a70a5b,2026-09-12 03:52:00,Wallet,292.2,USD,Pharmacy Plus,North America,CUST-6677,0
e17f8c29,2026-09-12 03:53:00,ACH,578.05,EUR,Electronics Hub,Eastern Europe,CUST-2999,0
beae7d33,2026-09-12 04:01:00,Wallet,395.89,USD,Travel Booking,Eastern Europe,CUST-8704,0
88af40dd,2026-09-12 04:01:00,ACH,780.47,USD,Local Coffee Shop,North America,CUST-5977,0
21512c33,2026-09-12 04:07:00,Wallet,239.37,USD,GameStore,Western Europe,CUST-3580,0
720a5f4c,2026-09-12 04:09:00,Wallet,247.78,USD,Local Coffee Shop,Northern Europe,CUST-9886,0
c1fbe0c5,2026-09-12 04:11:00,Wallet,250.13,USD,Fashion Outlet,Western Europe,CUST-9888,0
bd218a96,2026-09-12 04:19:00,Wallet,54.9,EUR,Shopify Store,North America,CUST-8730,0
604a3e79,2026-09-12 04:20:00,Card,656.71,EUR,Local Coffee Shop,Eastern Europe,CUST-8663,0
63824756,2026-09-12 04:22:00,Wallet,633.11,EUR,Shopify Store,Southern Europe,CUST-5617,0
5aae6339,2026-09-12 04:26:00,Card,737.78,EUR,Grocery Mart,Southern Europe,CUST-8054,0
990031cb,2026-09-12 04:32:00,ACH,637.43,USD,Amazon,Eastern Europe,CUST-9300,0
3313ad99,2026-09-12 04:54:00,ACH,638.83,USD,GameStore,Northern Europe,CUST-9943,0
ab01e00e,2026-09-12 04:55:00,Card,668.51,EUR,Amazon,Southern Europe,CUST-3048,0
a9edc274,2026-09-12 04:56:00,Card,199.44,USD,Netflix,North America,CUST-1903,0
dc769985,2026-09-12 05:07:00,Card,593.34,EUR,Netflix,Eastern Europe,CUST-4093,0
713833ce,2026-09-12 05:16:00,Wallet,327.11,EUR,Local Coffee Shop,Eastern Europe,CUST-9661,0
0b65569a,2026-09-12 05:21:00,Wallet,584.68,EUR,Travel Booking,Western Europe,CUST-6373,0
c02f04f6,2026-09-12 05:23:00,Card,29.05,EUR,Netflix,Western Europe,CUST-9211,0
6e4edecf,2026-09-12 05:31:00,Wallet,628.97,USD,Electronics Hub,North America,CUST-7027,0
8a8de1ba,2026-09-12 05:33:00,Wallet,500.73,EUR,Grocery Mart,North America,CUST-1583,0
53244d08,2026-09-12 05:35:00,Wallet,721.85,USD,Uber,Northern Europe,CUST-8300,0
8bb2a0ee,2026-09-12 05:36:00,Wallet,709.08,USD,Grocery Mart,Northern Europe,CUST-7493,0
967fdae2,2026-09-12 05:39:00,Wallet,412.96,USD,Uber,Western Europe,CUST-1980,0
53158e8b,2026-09-12 05:51:00,Wallet,689.24,EUR,Pharmacy Plus,Western Europe,CUST-7937,0
871c6c1a,2026-09-12 05:53:00,ACH,789.18,EUR,Electronics Hub,Northern Europe,CUST-2841,0
03a63ae3,2026-09-12 05:53:00,Card,670.03,USD,Fashion Outlet,Western Europe,CUST-6594,0
d4dca83a,2026-09-12 05:57:00,ACH,791.8,USD,Shopify Store,Northern Europe,CUST-4659,0
d1377bc0,2026-09-12 05:57:00,ACH,534.53,USD,Netflix,Northern Europe,CUST-1394,0
67c2750b,2026-09-12 05:59:00,ACH,42.77,USD,Electronics Hub,Western Europe,CUST-1889,0
66b3f147,2026-09-12 06:00:00,Wallet,313.38,USD,Amazon,Eastern Europe,CUST-4351,0
cf508bcd,2026-09-12 06:02:00,Wallet,107.03,EUR,Amazon,Eastern Europe,CUST-5292,0
8f965409,2026-09-12 06:13:00,Wallet,545.89,USD,Amazon,North America,CUST-2477,0
3a0f41bd,2026-09-12 06:22:00,Card,211.81,USD,Netflix,Northern Europe,CUST-4354,0
13d93eaf,2026-09-12 06:34:00,Wallet,345.46,EUR,Travel Booking,Southern Europe,CUST-8465,0
89239471,2026-09-12 06:37:00,Card,681.39,EUR,Netflix,Eastern Europe,CUST-5596,0
beb32859,2026-09-12 06:41:00,Wallet,288.57,USD,Uber,North America,CUST-6176,0
d30c736b,2026-09-12 06:41:00,Card,137.22,USD,Fashion Outlet,Northern Europe,CUST-8105,0
1c509d80,2026-09-12 06:52:00,Wallet,52.83,EUR,Travel Booking,Western Europe,CUST-5097,0
b74f9bd3,2026-09-12 06:53:00,Card,230.41,EUR,Fashion Outlet,Southern Europe,CUST-5743,0
4b05a1af,2026-09-12 06:54:00,Wallet,132.23,EUR,Local Coffee Shop,Western Europe,CUST-8899,0
f52a9486,2026-09-12 06:58:00,Wallet,59.42,EUR,Pharmacy Plus,Eastern Europe,CUST-4258,0
b5a88e84,2026-09-12 07:09:00,ACH,216.36,EUR,Fashion Outlet,North America,CUST-3968,0
6cbc6ab9,2026-09-12 07:12:00,ACH,118.59,EUR,Fashion Outlet,Southern Europe,CUST-1507,0
7ee11f8a,2026-09-12 07:16:00,Card,106.8,USD,Uber,Western Europe,CUST-4826,0
2162a72e,2026-09-12 07:26:00,ACH,290.63,EUR,Fashion Outlet,North America,CUST-4797,0
fa81f921,2026-09-12 07:32:00,Wallet,132.62,EUR,Amazon,Western Europe,CUST-2806,0
9579443c,2026-09-12 07:37:00,Wallet,636.2,USD,Grocery Mart,North America,CUST-5428,0
7d17b586,2026-09-12 07:38:00,Wallet,309.89,EUR,Netflix,Southern Europe,CUST-2582,0
106d43a6,2026-09-12 07:40:00,Card,5.61,USD,Pharmacy Plus,North America,CUST-1206,0
4085b1fe,2026-09-12 07:49:00,ACH,71.68,EUR,Spotify,Western Europe,CUST-5918,0
c56ea885,2026-09-12 07:52:00,Wallet,694.08,USD,GameStore,Eastern Europe,CUST-7437,0
d77c2f26,2026-09-12 07:54:00,ACH,157.36,USD,Spotify,Western Europe,CUST-2926,0
bfa55dd9,2026-09-12 07:55:00,ACH,454.44,USD,Grocery Mart,Eastern Europe,CUST-8782,0
af27a500,2026-09-12 08:04:00,Card,564.65,EUR,Uber,Northern Europe,CUST-7233,0
7d71d556,2026-09-12 08:09:00,Card,230.96,USD,Electronics Hub,North America,CUST-7826,0
9fd890c2,2026-09-12 08:15:00,ACH,768.74,EUR,GameStore,Western Europe,CUST-2689,0
47a2035d,2026-09-12 08:20:00,Wallet,406.76,USD,Local Coffee Shop,Southern Europe,CUST-6052,0
595e0b20,2026-09-12 08:26:00,ACH,1217.54,USD,Grocery Mart,North America,CUST-7258,1
825a11e4,2026-09-12 08:29:00,Wallet,151.14,USD,Shopify Store,Northern Europe,CUST-3403,0
9c6a98fc,2026-09-12 08:31:00,Card,511.11,EUR,Fashion Outlet,Western Europe,CUST-2751,0
ddf35437,2026-09-12 08:33:00,ACH,431.77,USD,Travel Booking,Eastern Europe,CUST-8855,0
4deb60d9,2026-09-12 08:39:00,ACH,547.27,EUR,GameStore,Southern Europe,CUST-7902,0
60ad623b,2026-09-12 09:02:00,ACH,274.67,EUR,Pharmacy Plus,Western Europe,CUST-4300,0
feff2e5d,2026-09-12 09:02:00,Card,261.3,EUR,GameStore,Western Europe,CUST-2183,0
ee7ab58a,2026-09-12 09:10:00,Wallet,586.51,EUR,Shopify Store,Southern Europe,CUST-8377,0
6d9d3374,2026-09-12 09:12:00,ACH,195.13,USD,Spotify,Southern Europe,CUST-9947,0
eda40a2b,2026-09-12 09:13:00,ACH,665.33,EUR,Amazon,Eastern Europe,CUST-6606,0
1b37b8bb,2026-09-12 09:26:00,ACH,58.75,USD,GameStore,North America,CUST-2585,0
61456d35,2026-09-12 09:29:00,Wallet,507.58,EUR,Spotify,Southern Europe,CUST-1515,0
c57b5a3c,2026-09-12 09:38:00,ACH,282.87,EUR,Electronics Hub,North America,CUST-5381,0
67578879,2026-09-12 09:44:00,Card,120.06,EUR,Travel Booking,North America,CUST-8285,0
bbcf514e,2026-09-12 09:47:00,Card,579.74,USD,Local Coffee Shop,Western Europe,CUST-7543,0
0ebe3693,2026-09-12 09:49:00,Wallet,611.89,EUR,Electronics Hub,Eastern Europe,CUST-8099,0
61463c79,2026-09-12 10:07:00,Card,452.0,USD,Amazon,Western Europe,CUST-8349,0
2fa9997c,2026-09-12 10:15:00,Card,493.44,USD,GameStore,North America,CUST-7730,0
7dfb8e75,2026-09-12 10:31:00,ACH,419.15,EUR,Pharmacy Plus,Western Europe,CUST-9180,0
8ea7519d,2026-09-12 10:38:00,Card,72.96,EUR,Netflix,Southern Europe,CUST-2866,0
29a690a8,2026-09-12 10:42:00,ACH,99.69,USD,Electronics Hub,North America,CUST-3333,0
0e6f321d,2026-09-12 11:06:00,Card,126.67,USD,GameStore,Southern Europe,CUST-7746,0
ad29da35,2026-09-12 11:07:00,ACH,92.7,EUR,Fashion Outlet,Northern Europe,CUST-3855,0
74140766,2026-09-12 11:17:00,ACH,66.43,USD,Uber,Northern Europe,CUST-9706,0
6374ab52,2026-09-12 11:21:00,Wallet,296.12,USD,GameStore,Southern Europe,CUST-4793,0
b4859bae,2026-09-12 11:27:00,Wallet,503.77,USD,Fashion Outlet,Northern Europe,CUST-5688,0
5333765d,2026-09-12 11:31:00,Card,363.7,USD,Shopify Store,Northern Europe,CUST-1207,0
27c49b5f,2026-09-12 11:37:00,Wallet,758.76,EUR,Pharmacy Plus,Eastern Europe,CUST-5034,0
d0063633,2026-09-12 11:59:00,ACH,613.95,EUR,Local Coffee Shop,North America,CUST-2459,0
1dddc6e8,2026-09-12 12:18:00,Wallet,98.26,EUR,Shopify Store,Southern Europe,CUST-7971,0
a707a30f,2026-09-12 12:31:00,ACH,156.15,USD,Pharmacy Plus,Southern Europe,CUST-1452,0
7da9eae8,2026-09-12 12:34:00,Wallet,243.9,EUR,Pharmacy Plus,Southern Europe,CUST-5703,0
ebb45894,2026-09-12 12:36:00,Card,252.53,USD,Spotify,Eastern Europe,CUST-4019,0
1ee94bdf,2026-09-12 12:36:00,Wallet,283.98,EUR,Shopify Store,Southern Europe,CUST-2297,0
887c0a6b,2026-09-12 12:39:00,Card,539.64,EUR,Grocery Mart,Southern Europe,CUST-1035,0
d8752cfb,2026-09-12 12:48:00,Wallet,397.12,USD,Shopify Store,Eastern Europe,CUST-4438,0
c12176f2,2026-09-12 12:50:00,Wallet,295.22,USD,Fashion Outlet,Western Europe,CUST-5236,0
d23e480c,2026-09-12 12:52:00,Card,503.75,USD,Fashion Outlet,Southern Europe,CUST-4852,0
a983c38a,2026-09-12 12:52:00,Card,594.78,USD,Amazon,Eastern Europe,CUST-3171,0
415f36e9,2026-09-12 13:16:00,Card,699.5,EUR,Uber,Northern Europe,CUST-5819,0
f6f262af,2026-09-12 13:18:00,Wallet,71.39,USD,Fashion Outlet,Eastern Europe,CUST-5750,0
bdbd69d0,2026-09-12 13:36:00,Wallet,201.89,EUR,Shopify Store,Northern Europe,CUST-9434,0
f074f16c,2026-09-12 13:48:00,Wallet,398.37,EUR,Grocery Mart,North America,CUST-6671,0
dd48e1ba,2026-09-12 13:49:00,Wallet,6.06,USD,Local Coffee Shop,Eastern Europe,CUST-2553,0
bbc12a4a,2026-09-12 14:03:00,Wallet,667.83,EUR,Grocery Mart,Southern Europe,CUST-4085,0
b9883620,2026-09-12 14:07:00,ACH,48.09,EUR,Uber,Northern Europe,CUST-8504,0
7f671215,2026-09-12 14:07:00,Card,452.98,USD,Electronics Hub,Southern Europe,CUST-3345,0
b8b4f879,2026-09-12 14:08:00,ACH,514.63,USD,Pharmacy Plus,Southern Europe,CUST-4693,0
1a33b02f,2026-09-12 14:11:00,ACH,393.66,USD,Grocery Mart,Eastern Europe,CUST-7001,0
285a7be1,2026-09-12 14:12:00,Wallet,386.49,USD,Local Coffee Shop,Eastern Europe,CUST-7021,0
dadf7159,2026-09-12 14:24:00,Card,692.98,EUR,Grocery Mart,Southern Europe,CUST-2959,0
82d71427,2026-09-12 14:25:00,Card,25.39,USD,Local Coffee Shop,Western Europe,CUST-9595,0
a982766a,2026-09-12 14:26:00,ACH,533.9,USD,Amazon,Northern Europe,CUST-8523,0
b2943f2a,2026-09-12 14:27:00,ACH,431.83,EUR,GameStore,North America,CUST-5612,0
f7c7e923,2026-09-12 14:30:00,ACH,374.66,EUR,Netflix,Eastern Europe,CUST-5212,0
4cc1617e,2026-09-12 14:36:00,ACH,8.31,EUR,GameStore,North America,CUST-8683,0
d6ee1542,2026-09-12 14:42:00,ACH,185.94,USD,Pharmacy Plus,Eastern Europe,CUST-2650,0
7cc9b210,2026-09-12 14:44:00,ACH,209.12,EUR,Grocery Mart,Southern Europe,CUST-3075,0
445da3d0,2026-09-12 14:55:00,Card,415.83,EUR,Grocery Mart,Southern Europe,CUST-8824,0
64f7281f,2026-09-12 14:56:00,Card,457.18,EUR,Shopify Store,Eastern Europe,CUST-6592,0
b7bae2fd,2026-09-12 14:57:00,ACH,500.82,USD,Netflix,Northern Europe,CUST-7997,0
72767f3b,2026-09-12 14:57:00,ACH,625.33,USD,Fashion Outlet,North America,CUST-6131,0
06357aa9,2026-09-12 15:01:00,ACH,760.48,EUR,Pharmacy Plus,North America,CUST-1002,0
4e9557ee,2026-09-12 15:08:00,Wallet,121.31,EUR,Travel Booking,Southern Europe,CUST-9575,0
302a5179,2026-09-12 15:31:00,Card,96.45,USD,GameStore,North America,CUST-7022,0
ca2da4cf,2026-09-12 15:34:00,Card,432.88,EUR,Local Coffee Shop,Southern Europe,CUST-8143,0
64b12ee2,2026-09-12 15:41:00,ACH,528.91,EUR,Fashion Outlet,Western Europe,CUST-6574,0
97dcb6b4,2026-09-12 15:55:00,ACH,513.83,EUR,Travel Booking,North America,CUST-9940,0
2e3e04b0,2026-09-12 16:15:00,Wallet,26.24,EUR,Shopify Store,North America,CUST-7407,0
ffb32f13,2026-09-12 16:15:00,Wallet,791.77,EUR,Pharmacy Plus,North America,CUST-1021,0
2416155a,2026-09-12 16:23:00,Wallet,223.57,USD,Uber,Western Europe,CUST-1650,0
29d88e77,2026-09-12 16:28:00,Wallet,435.64,USD,Netflix,Eastern Europe,CUST-1064,0
8711a0f7,2026-09-12 16:49:00,ACH,524.83,EUR,GameStore,Eastern Europe,CUST-8845,0
8ca7f7a4,2026-09-12 16:58:00,ACH,491.48,EUR,Grocery Mart,Western Europe,CUST-7782,0
3a337cd8,2026-09-12 17:10:00,Wallet,434.85,EUR,Local Coffee Shop,North America,CUST-4981,0
1d4753f3,2026-09-12 17:10:00,Wallet,115.93,EUR,Fashion Outlet,Eastern Europe,CUST-9508,0
6b408f1c,2026-09-12 17:12:00,Wallet,743.41,EUR,GameStore,Western Europe,CUST-9696,0
da83625f,2026-09-12 17:13:00,Wallet,205.32,EUR,Uber,Southern Europe,CUST-8452,0
e766de7e,2026-09-12 17:25:00,Card,747.51,EUR,Grocery Mart,Western Europe,CUST-4516,0
cb3e5920,2026-09-12 17:27:00,ACH,710.88,EUR,Uber,Northern Europe,CUST-2711,0
ee73d17f,2026-09-12 17:31:00,ACH,509.13,USD,Travel Booking,Western Europe,CUST-5545,0
9aa95816,2026-09-12 17:35:00,Wallet,131.15,USD,Grocery Mart,Western Europe,CUST-2693,0
c4fb8497,2026-09-12 17:58:00,ACH,676.6,EUR,Spotify,Eastern Europe,CUST-2527,0
67f15ca9,2026-09-12 18:06:00,ACH,616.05,EUR,Grocery Mart,North America,CUST-8981,0
d56bb331,2026-09-12 18:20:00,ACH,477.02,EUR,Grocery Mart,Southern Europe,CUST-2970,0
4096fe3b,2026-09-12 18:33:00,Card,157.28,EUR,Electronics Hub,Eastern Europe,CUST-3420,0
bccaeb4f,2026-09-12 18:35:00,Wallet,427.97,USD,Grocery Mart,Western Europe,CUST-7502,0
1a250bfc,2026-09-12 18:36:00,Wallet,101.11,USD,Fashion Outlet,North America,CUST-1097,0
f9382bd6,2026-09-12 18:36:00,Wallet,555.33,USD,Pharmacy Plus,Eastern Europe,CUST-6922,0
8587ce29,2026-09-12 18:41:00,ACH,651.95,EUR,GameStore,Western Europe,CUST-2006,0
1dfd19f6,2026-09-12 18:52:00,Wallet,783.21,USD,Travel Booking,North America,CUST-4846,0
01de0744,2026-09-12 19:02:00,Card,769.42,USD,Spotify,Western Europe,CUST-6221,0
ddaedbef,2026-09-12 19:04:00,Wallet,418.84,USD,Uber,Southern Europe,CUST-2344,0
87d98e9e,2026-09-12 19:17:00,Wallet,760.55,USD,Travel Booking,Western Europe,CUST-1782,0
ea437f1a,2026-09-12 19:19:00,Wallet,544.37,EUR,Pharmacy Plus,Western Europe,CUST-2326,0
cb2f6a78,2026-09-12 19:31:00,Wallet,715.99,EUR,Amazon,Southern Europe,CUST-4159,0
d2836fe1,2026-09-12 19:39:00,ACH,496.47,USD,Amazon,North America,CUST-2222,0
190486f2,2026-09-12 20:04:00,Wallet,150.25,USD,Shopify Store,Northern Europe,CUST-1521,0
74e31b05,2026-09-12 20:07:00,Wallet,709.96,USD,Local Coffee Shop,Southern Europe,CUST-8849,0
4bdaecd0,2026-09-12 20:21:00,Card,422.53,EUR,Grocery Mart,Northern Europe,CUST-2812,0
be326cbd,2026-09-12 20:27:00,Card,218.49,USD,Fashion Outlet,Southern Europe,CUST-6576,0
d408fe7e,2026-09-12 20:32:00,Wallet,237.97,USD,Travel Booking,North America,CUST-6975,0
af51c1aa,2026-09-12 20:46:00,Wallet,267.98,EUR,Uber,Northern Europe,CUST-1462,0
35726d77,2026-09-12 20:47:00,Wallet,266.23,EUR,Amazon,Western Europe,CUST-7669,0
99959d6d,2026-09-12 21:02:00,Card,247.76,EUR,Pharmacy Plus,Eastern Europe,CUST-6275,0
350a6cbc,2026-09-12 21:05:00,Card,446.14,EUR,Grocery Mart,Northern Europe,CUST-9272,0
aae4a36e,2026-09-12 21:11:00,Wallet,313.22,EUR,Amazon,Western Europe,CUST-2328,0
b950574f,2026-09-12 21:17:00,ACH,441.33,USD,Shopify Store,North America,CUST-3824,0
5910ed53,2026-09-12 21:24:00,Wallet,87.13,EUR,Electronics Hub,Eastern Europe,CUST-3180,0
1559c23b,2026-09-12 21:25:00,ACH,238.23,EUR,Pharmacy Plus,Southern Europe,CUST-7510,0
342260cf,2026-09-12 21:32:00,ACH,26.75,USD,Amazon,Eastern Europe,CUST-1758,0
c97d9961,2026-09-12 21:40:00,Wallet,726.6,EUR,Grocery Mart,Southern Europe,CUST-3932,0
c20aef03,2026-09-12 21:57:00,Card,726.82,USD,GameStore,Northern Europe,CUST-8560,1
b3ce1177,2026-09-12 22:01:00,Wallet,548.25,USD,Shopify Store,Western Europe,CUST-2069,0
67b9a3fa,2026-09-12 22:04:00,ACH,332.11,EUR,Travel Booking,Western Europe,CUST-2138,0
e19a018b,2026-09-12 22:27:00,Wallet,770.4,EUR,Pharmacy Plus,Northern Europe,CUST-4484,0
440a0070,2026-09-12 22:27:00,ACH,342.46,EUR,Fashion Outlet,Western Europe,CUST-1110,0
10875d5d,2026-09-12 22:28:00,ACH,71.63,USD,Pharmacy Plus,Northern Europe,CUST-6840,0
cf65527b,2026-09-12 22:28:00,ACH,530.76,USD,Local Coffee Shop,Western Europe,CUST-5691,0
a9b8ed99,2026-09-12 22:30:00,ACH,116.62,EUR,Shopify Store,Western Europe,CUST-9317,0
8b6d2898,2026-09-12 22:37:00,Wallet,329.39,USD,Electronics Hub,Southern Europe,CUST-1016,0
7e0ae015,2026-09-12 22:40:00,Wallet,745.34,USD,GameStore,Eastern Europe,CUST-2643,0
1a85e11c,2026-09-12 22:45:00,Wallet,702.48,USD,Local Coffee Shop,Northern Europe,CUST-5915,0
96cd71ab,2026-09-12 22:48:00,ACH,122.32,USD,Travel Booking,North America,CUST-9219,0
99de73f3,2026-09-12 22:56:00,Card,225.98,EUR,Pharmacy Plus,North America,CUST-8008,0
b9335e0c,2026-09-12 23:02:00,ACH,513.48,USD,Grocery Mart,Northern Europe,CUST-3350,0
3871dde1,2026-09-12 23:03:00,Wallet,220.6,USD,Amazon,North America,CUST-8795,0
ef4b46dd,2026-09-12 23:09:00,Card,307.22,EUR,Pharmacy Plus,Northern Europe,CUST-7026,0
e7f0c09c,2026-09-12 23:10:00,Card,543.45,EUR,Pharmacy Plus,Western Europe,CUST-1102,0
81077bac,2026-09-12 23:21:00,Card,657.41,EUR,Fashion Outlet,Eastern Europe,CUST-7903,0
53ef29f4,2026-09-12 23:25:00,Card,528.24,EUR,Uber,Southern Europe,CUST-7043,0
ad579b60,2026-09-12 23:30:00,ACH,662.12,EUR,Netflix,Southern Europe,CUST-4443,0
8632c68f,2026-09-12 23:32:00,Wallet,617.62,EUR,Pharmacy Plus,North America,CUST-4153,0
271619c9,2026-09-12 23:33:00,Card,725.13,EUR,Netflix,Western Europe,CUST-2708,0
8f13ac3b,2026-09-12 23:36:00,ACH,789.13,EUR,Fashion Outlet,North America,CUST-7546,0
c4366cb2,2026-09-12 23:39:00,Wallet,432.22,USD,GameStore,Western Europe,CUST-7567,0
e4dc946e,2026-09-12 23:39:00,Wallet,639.89,USD,Shopify Store,Northern Europe,CUST-4944,0
4fc0424c,2026-09-12 23:41:00,ACH,146.21,EUR,GameStore,Western Europe,CUST-5462,0
cc4ed1a6,2026-09-12 23:42:00,Wallet,66.05,EUR,GameStore,Southern Europe,CUST-3641,0
b8de3d91,2026-09-12 23:45:00,ACH,372.69,USD,Grocery Mart,Northern Europe,CUST-3881,0
9dee31b5,2026-09-12 23:56:00,ACH,595.38,EUR,Uber,North America,CUST-1285,0
40cd8daf,2026-09-12 23:59:00,Wallet,585.9,EUR,Grocery Mart,Western Europe,CUST-8166,0
5b369e5c,2026-09-12 23:59:00,Card,55.36,EUR,Local Coffee Shop,Western Europe,CUST-3706,0
eea84c42,2026-09-13 00:00:00,ACH,111.43,EUR,Electronics Hub,Eastern Europe,CUST-1701,0
784e073b,2026-09-13 00:01:00,Wallet,173.55,USD,Netflix,Western Europe,CUST-2605,0
bc73f00a,2026-09-13 00:05:00,ACH,653.72,USD,Shopify Store,Northern Europe,CUST-5130,0
ee3f965c,2026-09-13 00:09:00,ACH,396.69,EUR,Pharmacy Plus,Western Europe,CUST-6918,0
a7d04600,2026-09-13 00:18:00,Wallet,378.04,EUR,Pharmacy Plus,Western Europe,CUST-8397,0
ae9b6204,2026-09-13 00:32:00,ACH,146.55,EUR,Local Coffee Shop,Northern Europe,CUST-5528,0
b97c08e8,2026-09-13 00:36:00,Wallet,246.38,EUR,Spotify,Western Europe,CUST-9406,0
3db1dc7d,2026-09-13 00:45:00,Card,44.5,EUR,Grocery Mart,North America,CUST-7244,0
901f606c,2026-09-13 00:52:00,Card,322.48,EUR,Fashion Outlet,North America,CUST-2698,0
aab41037,2026-09-13 00:53:00,Wallet,269.03,USD,Pharmacy Plus,Northern Europe,CUST-1067,0
10f84553,2026-09-13 00:54:00,Wallet,268.53,USD,Amazon,Western Europe,CUST-4931,0
876a07ce,2026-09-13 01:02:00,Card,693.42,EUR,Spotify,Western Europe,CUST-5462,0
b6373716,2026-09-13 01:19:00,Wallet,744.58,USD,Travel Booking,Western Europe,CUST-9160,0
f8de0830,2026-09-13 01:35:00,ACH,598.09,EUR,Shopify Store,Northern Europe,CUST-5425,0
2d6190fd,2026-09-13 01:44:00,Card,556.97,USD,Electronics Hub,Western Europe,CUST-2012,0
345393a5,2026-09-13 02:06:00,Card,10.58,USD,Pharmacy Plus,Eastern Europe,CUST-3850,0
f0caab2a,2026-09-13 02:10:00,ACH,145.44,EUR,Shopify Store,North America,CUST-9307,0
ac626710,2026-09-13 02:12:00,Wallet,198.36,EUR,Amazon,Northern Europe,CUST-5591,0
321d9572,2026-09-13 02:24:00,Wallet,768.5,EUR,Electronics Hub,North America,CUST-6952,0
e14e8655,2026-09-13 02:33:00,Card,483.53,USD,Grocery Mart,Southern Europe,CUST-6825,0
1f03e319,2026-09-13 02:33:00,Wallet,435.75,USD,Netflix,Western Europe,CUST-1777,0
57c65da6,2026-09-13 02:35:00,Card,351.94,EUR,Uber,North America,CUST-9364,0
3235fe75,2026-09-13 02:36:00,Wallet,631.95,USD,Amazon,North America,CUST-4671,0
6597c4c4,2026-09-13 02:37:00,Wallet,265.64,USD,Shopify Store,Western Europe,CUST-7147,0
9c608f47,2026-09-13 02:44:00,ACH,228.56,EUR,Amazon,Eastern Europe,CUST-6898,0
af40d810,2026-09-13 02:50:00,Card,791.58,EUR,Travel Booking,Western Europe,CUST-4116,0
810a41b9,2026-09-13 02:56:00,Card,672.22,EUR,GameStore,Southern Europe,CUST-3451,0
52d6e677,2026-09-13 03:00:00,Card,490.94,EUR,Amazon,Eastern Europe,CUST-2038,0
8eb1d76a,2026-09-13 03:07:00,Wallet,637.52,USD,Spotify,North America,CUST-6282,0
773f8adc,2026-09-13 03:10:00,Card,774.11,USD,Netflix,Southern Europe,CUST-9443,0
922ee1da,2026-09-13 03:15:00,Card,561.1,USD,Local Coffee Shop,North America,CUST-1179,0
31cc20a4,2026-09-13 03:15:00,Card,626.3,EUR,Uber,Northern Europe,CUST-4409,0
4ba276e1,2026-09-13 03:15:00,Card,211.67,EUR,Electronics Hub,Southern Europe,CUST-2149,0
43e44bd7,2026-09-13 03:19:00,Card,136.89,EUR,Uber,Southern Europe,CUST-7009,0
d99d86ec,2026-09-13 03:25:00,Card,618.77,USD,Local Coffee Shop,Eastern Europe,CUST-3931,0
e80dde9d,2026-09-13 03:28:00,Wallet,107.26,USD,Travel Booking,Northern Europe,CUST-2917,0
686ca457,2026-09-13 03:28:00,ACH,142.72,EUR,Amazon,Western Europe,CUST-4673,0
f59f4581,2026-09-13 03:28:00,ACH,30.66,EUR,Amazon,Northern Europe,CUST-8118,0
b344b650,2026-09-13 03:34:00,Wallet,754.86,USD,Amazon,Southern Europe,CUST-5681,0
61d55742,2026-09-13 03:36:00,Card,558.64,USD,Shopify Store,Northern Europe,CUST-7136,0
b66dc305,2026-09-13 03:41:00,Card,778.68,USD,Pharmacy Plus,Southern Europe,CUST-3708,0
c4674a36,2026-09-13 04:03:00,ACH,773.61,USD,Electronics Hub,Western Europe,CUST-1318,0
c693e307,2026-09-13 04:14:00,Wallet,400.42,EUR,Electronics Hub,North America,CUST-7516,0
e9744ac6,2026-09-13 04:28:00,ACH,254.2,USD,Amazon,Southern Europe,CUST-6740,0
497f2589,2026-09-13 04:33:00,ACH,712.86,EUR,Pharmacy Plus,Southern Europe,CUST-9803,0
18a75713,2026-09-13 04:34:00,Card,54.66,USD,Netflix,Southern Europe,CUST-9921,0
21ebe312,2026-09-13 04:36:00,Card,552.42,USD,Grocery Mart,North America,CUST-4126,0
d2e5c35a,2026-09-13 04:40:00,Wallet,79.33,EUR,Fashion Outlet,Southern Europe,CUST-2228,0
81974609,2026-09-13 04:45:00,Wallet,796.07,EUR,Travel Booking,Southern Europe,CUST-8850,0
e3516eaa,2026-09-13 04:52:00,ACH,313.8,USD,Travel Booking,Eastern Europe,CUST-5437,0
28c1201e,2026-09-13 04:55:00,ACH,118.57,EUR,Electronics Hub,Eastern Europe,CUST-1737,0
8ec06c68,2026-09-13 04:57:00,ACH,772.34,EUR,Uber,Northern Europe,CUST-3223,0
61b8b512,2026-09-13 04:59:00,Wallet,576.81,USD,Travel Booking,Western Europe,CUST-6362,0
48c98ee7,2026-09-13 05:14:00,Card,255.06,EUR,Fashion Outlet,Eastern Europe,CUST-9772,0
126143f0,2026-09-13 05:16:00,ACH,174.47,EUR,Local Coffee Shop,Western Europe,CUST-8781,0
e78ac77d,2026-09-13 05:20:00,ACH,311.23,USD,Fashion Outlet,Northern Europe,CUST-3134,0
e07f863c,2026-09-13 05:24:00,ACH,584.31,EUR,GameStore,Western Europe,CUST-4933,0
45e731cb,2026-09-13 05:42:00,Card,428.28,USD,Fashion Outlet,Northern Europe,CUST-5711,0
08f9b3c3,2026-09-13 05:47:00,ACH,564.14,USD,Pharmacy Plus,Northern Europe,CUST-9498,0
0ef7d973,2026-09-13 06:03:00,Card,539.29,EUR,Grocery Mart,Northern Europe,CUST-1798,0
b9a0dec4,2026-09-13 06:11:00,Wallet,85.14,USD,Travel Booking,Western Europe,CUST-8601,0
7c60a36a,2026-09-13 06:15:00,ACH,221.99,EUR,Fashion Outlet,Western Europe,CUST-8855,0
8dd3a055,2026-09-13 06:16:00,Wallet,238.6,USD,Netflix,Northern Europe,CUST-4852,0
16ca0420,2026-09-13 06:19:00,Card,393.34,EUR,Uber,Northern Europe,CUST-7925,0
97556c72,2026-09-13 06:32:00,ACH,538.36,USD,Fashion Outlet,North America,CUST-6758,0
9a11b618,2026-09-13 06:38:00,ACH,688.96,USD,Uber,Northern Europe,CUST-3149,0
ad629ae6,2026-09-13 06:39:00,Card,366.18,USD,Travel Booking,North America,CUST-7603,0
b0320e1e,2026-09-13 06:40:00,Wallet,699.03,EUR,Grocery Mart,Western Europe,CUST-2168,0
e44ca3da,2026-09-13 07:15:00,ACH,35.68,EUR,Electronics Hub,Northern Europe,CUST-7769,0
516d7c6b,2026-09-13 07:26:00,ACH,731.54,USD,Fashion Outlet,Northern Europe,CUST-9587,0
cfa4a68d,2026-09-13 07:27:00,ACH,57.15,EUR,Travel Booking,Southern Europe,CUST-2484,0
56102e48,2026-09-13 07:32:00,ACH,479.84,EUR,Travel Booking,Southern Europe,CUST-9658,0
a0984ef8,2026-09-13 07:35:00,Card,670.33,USD,Electronics Hub,Southern Europe,CUST-4999,0
69db77dc,2026-09-13 07:40:00,ACH,719.85,EUR,Local Coffee Shop,Western Europe,CUST-2213,0
1e92eeed,2026-09-13 07:43:00,Card,210.55,EUR,Grocery Mart,Southern Europe,CUST-3287,0
843e6a68,2026-09-13 07:56:00,ACH,297.46,USD,Local Coffee Shop,North America,CUST-5099,0
cfbacc0e,2026-09-13 08:11:00,ACH,623.72,USD,Electronics Hub,Western Europe,CUST-1056,0
cc2093b2,2026-09-13 08:15:00,Wallet,312.43,EUR,Pharmacy Plus,Eastern Europe,CUST-4734,0
f97c76d3,2026-09-13 08:20:00,Wallet,646.91,USD,Amazon,Southern Europe,CUST-6305,0
5164d8ab,2026-09-13 08:21:00,ACH,739.94,EUR,Shopify Store,Northern Europe,CUST-8116,0
98dbc17c,2026-09-13 08:31:00,Wallet,697.39,EUR,Fashion Outlet,Southern Europe,CUST-6610,0
8882d70b,2026-09-13 08:46:00,Wallet,361.17,USD,Electronics Hub,Southern Europe,CUST-2169,0
a671274f,2026-09-13 09:07:00,Wallet,539.02,EUR,Fashion Outlet,Northern Europe,CUST-6608,0
96378c73,2026-09-13 09:09:00,Card,160.82,USD,Shopify Store,North America,CUST-5328,0
f0424889,2026-09-13 09:18:00,Wallet,600.5,EUR,Netflix,Northern Europe,CUST-5868,0
13c47a40,2026-09-13 09:32:00,ACH,328.82,EUR,Amazon,Western Europe,CUST-8126,0
ce53f528,2026-09-13 09:34:00,Wallet,199.75,EUR,Spotify,Western Europe,CUST-2759,0
6dd65505,2026-09-13 09:39:00,Wallet,111.68,USD,Grocery Mart,Western Europe,CUST-1004,0
a3108924,2026-09-13 09:41:00,Wallet,59.88,EUR,Fashion Outlet,North America,CUST-3724,0
26fda13c,2026-09-13 09:48:00,ACH,506.23,USD,Amazon,Southern Europe,CUST-9922,0
e49097ce,2026-09-13 09:48:00,Wallet,217.0,USD,Local Coffee Shop,North America,CUST-1254,0
37a4ef1e,2026-09-13 09:55:00,Card,740.92,EUR,Spotify,Western Europe,CUST-1595,0
5e364219,2026-09-13 09:57:00,Wallet,97.17,EUR,Shopify Store,Southern Europe,CUST-9694,0
809a63a0,2026-09-13 10:01:00,Wallet,465.73,USD,Electronics Hub,Northern Europe,CUST-2618,0
9f23c443,2026-09-13 10:04:00,Wallet,366.39,EUR,Travel Booking,Western Europe,CUST-2577,0
c3b9b01a,2026-09-13 10:15:00,ACH,160.11,USD,GameStore,Eastern Europe,CUST-9956,0
aceb59c2,2026-09-13 10:18:00,Card,338.99,USD,Netflix,Western Europe,CUST-3777,0
12495038,2026-09-13 10:21:00,Card,738.07,USD,Travel Booking,North America,CUST-2945,0
8a07522e,2026-09-13 10:22:00,Card,418.42,USD,Local Coffee Shop,Northern Europe,CUST-7468,0
42474324,2026-09-13 10:27:00,ACH,277.33,EUR,GameStore,North America,CUST-2610,0
a7ce3073,2026-09-13 10:43:00,ACH,156.62,USD,Travel Booking,Southern Europe,CUST-5966,0
4d670c97,2026-09-13 10:43:00,Wallet,276.87,EUR,Amazon,Eastern Europe,CUST-8495,0
341994b2,2026-09-13 10:50:00,ACH,731.15,EUR,Spotify,North America,CUST-1243,0
49a04232,2026-09-13 10:59:00,Wallet,73.46,EUR,Amazon,Northern Europe,CUST-6391,0
9bbbe71b,2026-09-13 11:01:00,Card,145.92,EUR,Netflix,Northern Europe,CUST-6023,0
60e1ddd9,2026-09-13 11:10:00,Card,429.58,EUR,Spotify,Northern Europe,CUST-5985,0
23b283c4,2026-09-13 11:18:00,Card,22.36,USD,Pharmacy Plus,Northern Europe,CUST-5674,0
06bbf46f,2026-09-13 11:19:00,Card,650.89,EUR,Fashion Outlet,Southern Europe,CUST-4767,0
c6baa9d8,2026-09-13 11:27:00,Card,224.06,EUR,Amazon,North America,CUST-1778,0
89d838b8,2026-09-13 11:33:00,Card,773.77,USD,Travel Booking,North America,CUST-3201,0
1f06a4db,2026-09-13 11:50:00,Card,418.43,EUR,Fashion Outlet,Northern Europe,CUST-2853,0
9cb5c1a2,2026-09-13 11:54:00,Wallet,251.08,EUR,Shopify Store,Western Europe,CUST-7788,0
fb7d16c3,2026-09-13 12:00:00,Wallet,35.21,EUR,Grocery Mart,Western Europe,CUST-9988,0
8c3c8869,2026-09-13 12:03:00,ACH,1527.33,USD,Amazon,Western Europe,CUST-8423,1
8e0eeb52,2026-09-13 12:14:00,Card,91.47,EUR,Electronics Hub,Western Europe,CUST-8448,0
62a42d40,2026-09-13 12:36:00,Wallet,235.29,EUR,Uber,Western Europe,CUST-6966,0
be494656,2026-09-13 12:40:00,Wallet,526.13,USD,Uber,Western Europe,CUST-7062,0
e9928e62,2026-09-13 12:43:00,Wallet,546.22,USD,Shopify Store,Southern Europe,CUST-9818,0
ca712b95,2026-09-13 12:45:00,ACH,309.95,EUR,Spotify,Northern Europe,CUST-5996,0
238fac88,2026-09-13 12:45:00,Card,108.71,USD,GameStore,Northern Europe,CUST-9490,0
db82c497,2026-09-13 12:51:00,Card,402.93,EUR,GameStore,North America,CUST-8674,0
219bcdf2,2026-09-13 13:07:00,ACH,2096.82,EUR,Pharmacy Plus,Southern Europe,CUST-1336,1
4c5d9ece,2026-09-13 13:16:00,ACH,720.28,USD,Spotify,Southern Europe,CUST-5851,0
4cb15a8d,2026-09-13 13:17:00,ACH,329.39,EUR,Spotify,North America,CUST-2470,0
691900cc,2026-09-13 13:19:00,Wallet,546.85,EUR,GameStore,Eastern Europe,CUST-7023,0
16ea9748,2026-09-13 13:23:00,Card,508.27,EUR,Netflix,Western Europe,CUST-4362,0
bcbfc596,2026-09-13 13:23:00,Wallet,785.87,EUR,Amazon,North America,CUST-6540,0
ad045260,2026-09-13 13:33:00,ACH,205.0,EUR,Grocery Mart,Northern Europe,CUST-3206,0
7d6d2478,2026-09-13 13:33:00,Wallet,779.48,USD,Uber,Western Europe,CUST-6964,0
5f8d83a6,2026-09-13 13:47:00,Card,786.35,USD,Spotify,Western Europe,CUST-5972,0
36b57c5d,2026-09-13 13:54:00,Wallet,327.05,USD,Amazon,Eastern Europe,CUST-1957,0
5c299cd3,2026-09-13 13:56:00,Card,284.75,EUR,Electronics Hub,Western Europe,CUST-3263,0
6c72c3b7,2026-09-13 14:11:00,Wallet,42.35,EUR,Travel Booking,North America,CUST-1364,0
5a8390df,2026-09-13 14:13:00,ACH,185.42,USD,Amazon,North America,CUST-6480,0
9f9cfbcb,2026-09-13 14:13:00,ACH,162.74,USD,Uber,Western Europe,CUST-1560,0
0ca7c503,2026-09-13 14:17:00,Card,51.74,EUR,Uber,Eastern Europe,CUST-4540,0
b9206944,2026-09-13 14:21:00,Wallet,176.3,EUR,Spotify,North America,CUST-3802,0
b6326129,2026-09-13 14:26:00,Card,263.53,EUR,Local Coffee Shop,North America,CUST-1836,0
f3e5720b,2026-09-13 14:27:00,Card,797.77,EUR,Fashion Outlet,Eastern Europe,CUST-2914,0
9704b063,2026-09-13 14:30:00,Wallet,57.23,USD,Grocery Mart,North America,CUST-2917,0
69b1d567,2026-09-13 14:32:00,ACH,341.67,EUR,Local Coffee Shop,Western Europe,CUST-2458,0
7aff9356,2026-09-13 14:41:00,ACH,781.08,EUR,Spotify,Southern Europe,CUST-3381,0
a4be7229,2026-09-13 14:42:00,ACH,337.29,EUR,Local Coffee Shop,Southern Europe,CUST-2312,0
efb6bf9f,2026-09-13 14:42:00,Wallet,614.85,USD,Electronics Hub,North America,CUST-6218,0
29247271,2026-09-13 14:43:00,Card,41.7,EUR,Grocery Mart,Northern Europe,CUST-5032,0
3d76dde7,2026-09-13 15:08:00,Wallet,491.57,USD,Electronics Hub,Western Europe,CUST-2376,0
4abc4e84,2026-09-13 15:09:00,Wallet,184.95,USD,Spotify,Southern Europe,CUST-6063,0
6c7fa733,2026-09-13 15:16:00,Card,594.75,USD,Pharmacy Plus,Southern Europe,CUST-9273,0
04eba3da,2026-09-13 15:28:00,Wallet,499.16,USD,Amazon,Eastern Europe,CUST-9951,0
df8ee02f,2026-09-13 15:48:00,Card,506.14,USD,Local Coffee Shop,Southern Europe,CUST-5117,0
43ba3519,2026-09-13 15:59:00,Wallet,762.9,EUR,Local Coffee Shop,North America,CUST-3592,0
1842e5cc,2026-09-13 15:59:00,Wallet,624.0,USD,Fashion Outlet,Southern Europe,CUST-5824,0
bdd11e3d,2026-09-13 16:26:00,Card,453.45,USD,Travel Booking,Southern Europe,CUST-3520,0
a3324f81,2026-09-13 16:33:00,Wallet,1754.27,EUR,Travel Booking,North America,CUST-6965,1
77b5e5ad,2026-09-13 16:43:00,Card,414.14,EUR,Spotify,Eastern Europe,CUST-8421,0
60b02dfb,2026-09-13 16:48:00,Card,495.06,EUR,Fashion Outlet,Southern Europe,CUST-2639,0
2b9413eb,2026-09-13 16:48:00,Wallet,792.89,EUR,Shopify Store,Eastern Europe,CUST-3879,0
d6ddda1e,2026-09-13 17:08:00,Wallet,683.15,EUR,Electronics Hub,Eastern Europe,CUST-4497,0
6babd4a9,2026-09-13 17:17:00,Card,48.83,EUR,Shopify Store,North America,CUST-9605,0
38dce239,2026-09-13 17:28:00,Wallet,106.26,USD,Spotify,Eastern Europe,CUST-2930,0
5d81b973,2026-09-13 17:29:00,Card,260.84,EUR,Travel Booking,Southern Europe,CUST-5234,0
537c143b,2026-09-13 17:36:00,ACH,738.29,EUR,Local Coffee Shop,North America,CUST-5946,0
c0c1989c,2026-09-13 17:39:00,Wallet,613.94,USD,Electronics Hub,North America,CUST-8024,0
83ee2b25,2026-09-13 17:54:00,Card,347.96,EUR,Local Coffee Shop,Southern Europe,CUST-6390,0
1cb9ac50,2026-09-13 18:10:00,Card,557.32,USD,GameStore,North America,CUST-1790,0
ad03a42b,2026-09-13 18:21:00,Card,641.35,EUR,Spotify,Western Europe,CUST-7775,0
38632d6b,2026-09-13 18:27:00,Card,98.84,USD,Amazon,Western Europe,CUST-4850,0
855005cf,2026-09-13 18:35:00,ACH,354.01,USD,Local Coffee Shop,Southern Europe,CUST-2601,0
5cd7ac3e,2026-09-13 18:39:00,Card,533.79,EUR,Grocery Mart,Southern Europe,CUST-4329,0
843e343b,2026-09-13 18:47:00,ACH,781.49,USD,Local Coffee Shop,Eastern Europe,CUST-3280,0
1e974543,2026-09-13 18:48:00,Wallet,360.34,USD,Amazon,Eastern Europe,CUST-9411,0
dc26616a,2026-09-13 18:49:00,ACH,14.96,USD,Grocery Mart,Southern Europe,CUST-5635,0
21b98726,2026-09-13 18:51:00,ACH,415.52,USD,Netflix,Eastern Europe,CUST-4434,0
1db00b89,2026-09-13 19:05:00,ACH,255.07,USD,Shopify Store,Eastern Europe,CUST-5049,0
fe4ea08b,2026-09-13 19:17:00,Wallet,569.73,EUR,Shopify Store,Northern Europe,CUST-9955,0
c169842c,2026-09-13 19:33:00,Card,41.1,USD,Shopify Store,Northern Europe,CUST-1408,0
d688f9b8,2026-09-13 19:36:00,Wallet,603.84,EUR,Spotify,Eastern Europe,CUST-5090,0
796c7cdd,2026-09-13 19:52:00,ACH,522.57,EUR,Shopify Store,Southern Europe,CUST-9502,0
b2de7a39,2026-09-13 19:58:00,Wallet,694.77,EUR,Uber,North America,CUST-6981,0
e66db8b7,2026-09-13 20:03:00,ACH,60.11,USD,Local Coffee Shop,Eastern Europe,CUST-4270,0
741edb12,2026-09-13 20:08:00,Card,332.9,USD,Pharmacy Plus,Southern Europe,CUST-9744,0
51d85914,2026-09-13 20:11:00,Card,371.27,EUR,Fashion Outlet,Eastern Europe,CUST-2887,0
8e0a26a1,2026-09-13 20:16:00,Wallet,170.96,EUR,Grocery Mart,Northern Europe,CUST-4563,0
11c488fd,2026-09-13 20:19:00,Wallet,300.86,USD,Netflix,North America,CUST-9848,0
373f97ab,2026-09-13 20:22:00,Wallet,468.37,USD,Shopify Store,Southern Europe,CUST-9307,0
9ef098bf,2026-09-13 20:38:00,Card,543.93,EUR,Spotify,Western Europe,CUST-2645,0
1458af74,2026-09-13 20:44:00,ACH,242.65,USD,Travel Booking,North America,CUST-5696,0
20a79f29,2026-09-13 20:46:00,Wallet,764.41,USD,Local Coffee Shop,Eastern Europe,CUST-1403,0
fbc17f42,2026-09-13 20:53:00,ACH,601.66,EUR,GameStore,Northern Europe,CUST-7022,0
72ad29a5,2026-09-13 20:55:00,Wallet,124.77,EUR,GameStore,Eastern Europe,CUST-2259,0
4a042d4e,2026-09-13 20:58:00,Wallet,156.55,USD,Shopify Store,North America,CUST-4882,0
bd7d4f1e,2026-09-13 20:59:00,Card,48.68,USD,Pharmacy Plus,Northern Europe,CUST-2400,0
5d20f50d,2026-09-13 21:00:00,ACH,193.09,EUR,Local Coffee Shop,Southern Europe,CUST-1460,0
18d94dc4,2026-09-13 21:03:00,Wallet,529.8,EUR,Local Coffee Shop,Northern Europe,CUST-6858,0
21d24470,2026-09-13 21:03:00,Card,213.92,USD,Netflix,Southern Europe,CUST-5434,0
d42fbc77,2026-09-13 21:06:00,ACH,417.51,USD,Electronics Hub,Eastern Europe,CUST-5098,0
2d3751de,2026-09-13 21:17:00,ACH,496.33,USD,Grocery Mart,Northern Europe,CUST-6631,0
9a4fef3e,2026-09-13 21:19:00,Wallet,490.92,USD,Local Coffee Shop,Northern Europe,CUST-1247,0
7c436f73,2026-09-13 21:19:00,Wallet,24.6,EUR,Amazon,Northern Europe,CUST-9765,0
99926a85,2026-09-13 21:20:00,Card,433.0,USD,Fashion Outlet,Northern Europe,CUST-7992,0
9334c563,2026-09-13 21:23:00,Card,549.26,USD,Netflix,North America,CUST-8259,0
cc4cd69b,2026-09-13 21:26:00,ACH,350.34,USD,Shopify Store,Northern Europe,CUST-2433,0
b45d5917,2026-09-13 21:30:00,Card,686.6,USD,Fashion Outlet,Western Europe,CUST-3118,0
2dadccb3,2026-09-13 21:47:00,Card,204.19,EUR,Netflix,North America,CUST-3951,0
d8538b29,2026-09-13 21:48:00,Card,492.86,EUR,Grocery Mart,North America,CUST-4039,0
0679e75a,2026-09-13 21:52:00,ACH,88.87,USD,Grocery Mart,North America,CUST-2372,0
e0597d1a,2026-09-13 22:19:00,ACH,479.29,USD,Amazon,Eastern Europe,CUST-5122,0
a8444352,2026-09-13 22:39:00,ACH,787.2,EUR,Shopify Store,Northern Europe,CUST-8584,0
d64a1bd4,2026-09-13 22:47:00,Wallet,339.74,USD,Electronics Hub,Eastern Europe,CUST-5456,0
2c711bec,2026-09-13 22:48:00,Card,274.81,EUR,Uber,Northern Europe,CUST-5493,0
f1d1ce2c,2026-09-13 22:58:00,Wallet,586.58,USD,Electronics Hub,Northern Europe,CUST-6629,0
51f436ed,2026-09-13 23:05:00,Card,706.18,EUR,GameStore,Southern Europe,CUST-9820,0
287693db,2026-09-13 23:12:00,Wallet,546.41,USD,Shopify Store,Western Europe,CUST-5276,0
506f815e,2026-09-13 23:19:00,Wallet,267.88,EUR,Netflix,Southern Europe,CUST-2986,0
4a6ad1f2,2026-09-13 23:40:00,Wallet,399.47,EUR,Shopify Store,Northern Europe,CUST-7535,0
f56c1137,2026-09-13 23:40:00,ACH,526.01,EUR,Uber,Northern Europe,CUST-5636,0
7e88471d,2026-09-13 23:47:00,ACH,461.11,USD,Uber,Western Europe,CUST-7558,0
8b980304,2026-09-13 23:49:00,ACH,701.38,USD,GameStore,Eastern Europe,CUST-9610,0
d03abc74,2026-09-13 23:50:00,ACH,779.22,USD,Amazon,Western Europe,CUST-9301,0
b9d6c529,2026-09-13 23:52:00,Card,552.04,USD,Uber,Southern Europe,CUST-3792,0
652d5b5c,2026-09-13 23:53:00,Card,501.18,USD,Local Coffee Shop,Eastern Europe,CUST-5949,0
1573948c,2026-09-14 00:11:00,Card,615.71,USD,Amazon,Southern Europe,CUST-1500,0
8888c588,2026-09-14 00:24:00,Wallet,534.92,EUR,Local Coffee Shop,Western Europe,CUST-9868,0
89bed636,2026-09-14 00:25:00,Wallet,465.37,EUR,Shopify Store,Western Europe,CUST-5267,0
5cf5a85e,2026-09-14 00:28:00,ACH,84.28,EUR,Uber,Western Europe,CUST-7237,0
42f1c573,2026-09-14 00:28:00,ACH,498.37,EUR,Spotify,Eastern Europe,CUST-3677,0
65587c1b,2026-09-14 00:38:00,Card,586.73,USD,Pharmacy Plus,Eastern Europe,CUST-3614,0
434e8385,2026-09-14 00:40:00,ACH,27.02,USD,Netflix,Northern Europe,CUST-7541,0
8e28c69d,2026-09-14 00:46:00,Wallet,50.72,USD,Spotify,Eastern Europe,CUST-8578,0
ff75cc93,2026-09-14 00:46:00,ACH,508.1,USD,GameStore,North America,CUST-7555,0
707c9adc,2026-09-14 00:47:00,Card,533.1,EUR,Electronics Hub,Western Europe,CUST-1764,0
e001f341,2026-09-14 01:02:00,Card,562.45,USD,GameStore,Eastern Europe,CUST-6855,0
6bf5d7f1,2026-09-14 01:04:00,Card,450.29,USD,Pharmacy Plus,Eastern Europe,CUST-2130,0
12ce6899,2026-09-14 01:09:00,Wallet,176.18,EUR,Pharmacy Plus,Southern Europe,CUST-2106,0
9111690b,2026-09-14 01:12:00,Wallet,63.19,EUR,Travel Booking,Northern Europe,CUST-4321,0
439e2f68,2026-09-14 01:14:00,Wallet,620.07,EUR,Pharmacy Plus,Southern Europe,CUST-1903,0
d515ddcc,2026-09-14 01:16:00,Wallet,622.84,EUR,Shopify Store,Eastern Europe,CUST-7784,0
e93815d7,2026-09-14 01:35:00,Card,668.05,USD,Amazon,Southern Europe,CUST-9344,0
1f1cffa2,2026-09-14 01:35:00,Wallet,230.98,EUR,Travel Booking,Southern Europe,CUST-9565,0
b1e8bc3e,2026-09-14 01:35:00,Card,580.92,EUR,Pharmacy Plus,Western Europe,CUST-1959,0
45f168a4,2026-09-14 01:42:00,ACH,391.84,USD,Electronics Hub,Northern Europe,CUST-2263,0
73e5fadd,2026-09-14 01:47:00,Wallet,558.2,EUR,Amazon,Western Europe,CUST-6897,0
b0c858b8,2026-09-14 01:53:00,Card,534.43,USD,Grocery Mart,Eastern Europe,CUST-5306,0
18df37de,2026-09-14 01:54:00,Wallet,318.08,EUR,Electronics Hub,Eastern Europe,CUST-5408,0
d87987fe,2026-09-14 02:11:00,ACH,404.03,EUR,Pharmacy Plus,Southern Europe,CUST-7162,0
9450d442,2026-09-14 02:13:00,Card,760.94,USD,Grocery Mart,Western Europe,CUST-5157,0
191c7bf9,2026-09-14 02:14:00,Wallet,134.07,USD,Spotify,Southern Europe,CUST-8582,0
6a62b513,2026-09-14 02:26:00,Card,565.13,USD,Electronics Hub,Western Europe,CUST-7603,0
b760151f,2026-09-14 02:32:00,ACH,140.15,EUR,Fashion Outlet,Western Europe,CUST-8940,0
37757748,2026-09-14 02:40:00,Wallet,505.22,USD,Uber,Northern Europe,CUST-9009,0
318d8770,2026-09-14 02:50:00,ACH,489.33,USD,Electronics Hub,Southern Europe,CUST-6102,0
e831e1f6,2026-09-14 02:55:00,Card,352.82,EUR,Travel Booking,Northern Europe,CUST-8206,0
4b284a0e,2026-09-14 02:57:00,ACH,487.63,USD,Fashion Outlet,Northern Europe,CUST-6089,0
4e736b2c,2026-09-14 02:57:00,ACH,756.54,EUR,GameStore,North America,CUST-5994,0
c0fc272d,2026-09-14 03:10:00,Wallet,426.91,USD,Fashion Outlet,North America,CUST-6892,0
141f5b3c,2026-09-14 03:13:00,ACH,723.29,EUR,Uber,Western Europe,CUST-3794,0
ea23df3c,2026-09-14 03:17:00,ACH,542.28,EUR,Shopify Store,Eastern Europe,CUST-6559,0
013ee29c,2026-09-14 03:36:00,Card,592.32,EUR,Grocery Mart,Eastern Europe,CUST-7305,0
09055147,2026-09-14 03:38:00,Wallet,791.18,USD,Fashion Outlet,Western Europe,CUST-7145,0
ff637113,2026-09-14 03:41:00,Wallet,487.18,EUR,Uber,North America,CUST-8665,0
878646e9,2026-09-14 03:45:00,ACH,300.12,EUR,Amazon,Northern Europe,CUST-5004,0
4dd19cc3,2026-09-14 04:01:00,Card,343.3,EUR,Spotify,North America,CUST-9889,0
b1aeee1b,2026-09-14 04:15:00,Card,320.15,USD,Local Coffee Shop,Southern Europe,CUST-6578,0
806c92cb,2026-09-14 04:28:00,Card,484.97,USD,Shopify Store,Southern Europe,CUST-1945,0
c20e9f74,2026-09-14 04:34:00,Card,722.22,EUR,Travel Booking,Eastern Europe,CUST-6908,0
fa854efc,2026-09-14 04:34:00,Wallet,647.06,EUR,Netflix,Northern Europe,CUST-9206,0
b92fda77,2026-09-14 04:40:00,ACH,457.45,EUR,Netflix,Eastern Europe,CUST-9654,0
92f28f05,2026-09-14 04:46:00,Wallet,746.96,EUR,Amazon,Northern Europe,CUST-9205,0
136401a0,2026-09-14 04:48:00,ACH,102.07,EUR,Uber,Southern Europe,CUST-7854,0
72d85edf,2026-09-14 04:55:00,Card,7.24,USD,GameStore,Eastern Europe,CUST-6554,0
5c6f7578,2026-09-14 05:14:00,Card,324.13,EUR,Grocery Mart,Eastern Europe,CUST-8744,0
c1c3715f,2026-09-14 05:15:00,ACH,497.18,USD,Fashion Outlet,North America,CUST-5647,0
abf30ee0,2026-09-14 05:19:00,Card,52.5,EUR,GameStore,North America,CUST-3100,0
6005a0a9,2026-09-14 05:32:00,ACH,168.64,USD,Local Coffee Shop,Southern Europe,CUST-2536,0
74d8de4e,2026-09-14 05:38:00,Card,433.61,USD,Travel Booking,Western Europe,CUST-3568,0
d383ba17,2026-09-14 05:39:00,ACH,97.09,USD,Netflix,Eastern Europe,CUST-9100,0
0b8eff42,2026-09-14 06:01:00,ACH,239.39,USD,Pharmacy Plus,North America,CUST-8323,0
e41e74ef,2026-09-14 06:05:00,ACH,173.16,EUR,Grocery Mart,Northern Europe,CUST-6225,0
624bdc63,2026-09-14 06:15:00,Card,254.45,EUR,Local Coffee Shop,North America,CUST-5597,0
57b943a4,2026-09-14 06:15:00,Wallet,73.46,USD,Electronics Hub,Southern Europe,CUST-5824,0
be99a427,2026-09-14 06:22:00,Wallet,456.27,EUR,Shopify Store,Eastern Europe,CUST-8657,0
1fd78d71,2026-09-14 06:31:00,Wallet,129.16,USD,Travel Booking,Northern Europe,CUST-4310,0
2c1cfc8a,2026-09-14 06:34:00,ACH,294.31,USD,Travel Booking,North America,CUST-2368,0
311c7f02,2026-09-14 06:49:00,Wallet,762.21,USD,Local Coffee Shop,Western Europe,CUST-8282,0
0a3d6c79,2026-09-14 06:49:00,ACH,161.3,EUR,Netflix,Western Europe,CUST-6730,0
ea3d1e2d,2026-09-14 06:54:00,ACH,745.3,USD,Pharmacy Plus,Southern Europe,CUST-9696,0
b66026e2,2026-09-14 06:59:00,ACH,271.88,USD,Grocery Mart,Western Europe,CUST-2451,0
34a85711,2026-09-14 07:00:00,Wallet,712.85,EUR,Amazon,Northern Europe,CUST-5327,0
e9d72c09,2026-09-14 07:00:00,Card,453.73,EUR,Spotify,Northern Europe,CUST-6528,0
efa6221c,2026-09-14 07:06:00,ACH,493.44,EUR,Pharmacy Plus,North America,CUST-8656,0
8830e640,2026-09-14 07:08:00,Card,646.57,USD,Shopify Store,Western Europe,CUST-6967,0
d8240cf8,2026-09-14 07:08:00,Card,270.85,USD,Amazon,Southern Europe,CUST-6591,0
13e3fa1a,2026-09-14 07:09:00,Wallet,523.59,EUR,Grocery Mart,Southern Europe,CUST-4287,0
46492bc9,2026-09-14 07:10:00,Card,7.11,EUR,Amazon,Northern Europe,CUST-6497,0
18eaa76c,2026-09-14 07:12:00,Wallet,326.95,EUR,Electronics Hub,Northern Europe,CUST-7508,0
100e4dd3,2026-09-14 07:12:00,Card,184.87,USD,Pharmacy Plus,North America,CUST-9504,0
13859130,2026-09-14 07:13:00,ACH,664.14,EUR,Electronics Hub,Northern Europe,CUST-3213,0
9e730ed2,2026-09-14 07:19:00,Wallet,727.76,USD,Fashion Outlet,Northern Europe,CUST-4773,0
bad4273a,2026-09-14 07:27:00,ACH,333.7,USD,Uber,Southern Europe,CUST-8418,0
8bc1d4e2,2026-09-14 07:36:00,Card,468.24,EUR,Uber,Northern Europe,CUST-2806,0
1c109def,2026-09-14 07:41:00,Card,780.92,USD,Travel Booking,Northern Europe,CUST-3439,0
954152f3,2026-09-14 07:44:00,Card,294.59,EUR,Grocery Mart,Western Europe,CUST-7853,0
98c6c1bc,2026-09-14 07:46:00,Wallet,165.63,EUR,Spotify,Western Europe,CUST-5910,0
1c5df768,2026-09-14 07:50:00,Card,585.45,USD,Electronics Hub,Western Europe,CUST-9641,0
9e5695bc,2026-09-14 07:53:00,Card,762.32,USD,Travel Booking,Southern Europe,CUST-2956,0
92d6496a,2026-09-14 07:58:00,Wallet,644.05,USD,Travel Booking,Western Europe,CUST-9603,0
bc89cc3c,2026-09-14 08:02:00,Card,229.69,EUR,Spotify,Western Europe,CUST-8331,0
00f3691a,2026-09-14 08:05:00,ACH,48.07,USD,Shopify Store,Eastern Europe,CUST-2051,0
2f883089,2026-09-14 08:17:00,Card,398.98,USD,GameStore,Northern Europe,CUST-1403,0
29e477cf,2026-09-14 08:20:00,Wallet,269.76,EUR,Pharmacy Plus,Eastern Europe,CUST-8477,0
4e59f029,2026-09-14 08:21:00,ACH,554.72,USD,Grocery Mart,North America,CUST-2492,0
ca0be898,2026-09-14 08:22:00,Wallet,125.47,EUR,Local Coffee Shop,North America,CUST-5257,0
47ab9817,2026-09-14 08:37:00,Card,315.1,EUR,Shopify Store,Western Europe,CUST-9764,0
4da41a87,2026-09-14 08:40:00,Wallet,614.9,USD,Netflix,North America,CUST-3513,0
4448fe94,2026-09-14 08:40:00,Wallet,1068.7,EUR,Electronics Hub,Western Europe,CUST-4492,1
7568f8c0,2026-09-14 08:57:00,Wallet,81.81,EUR,Electronics Hub,Eastern Europe,CUST-3490,0
4d2c28bf,2026-09-14 09:01:00,ACH,76.12,EUR,Pharmacy Plus,North America,CUST-7955,0
2a5c9ffc,2026-09-14 09:07:00,Card,124.34,USD,Amazon,Eastern Europe,CUST-7403,0
0631c8d7,2026-09-14 09:07:00,Wallet,601.53,USD,Fashion Outlet,North America,CUST-1486,0
b528d34e,2026-09-14 09:10:00,Wallet,148.84,USD,Fashion Outlet,Western Europe,CUST-8797,0
cea66c1a,2026-09-14 09:20:00,Wallet,656.77,EUR,Travel Booking,Western Europe,CUST-5088,0
a53cab7e,2026-09-14 09:25:00,Card,123.29,EUR,Spotify,North America,CUST-5880,0
38fea413,2026-09-14 09:33:00,ACH,235.91,USD,Electronics Hub,Southern Europe,CUST-7995,0
16134291,2026-09-14 09:34:00,Card,708.25,EUR,Netflix,Southern Europe,CUST-2690,0
d63f2a05,2026-09-14 09:35:00,Wallet,422.07,EUR,Fashion Outlet,Eastern Europe,CUST-8408,0
24cd043e,2026-09-14 09:45:00,Card,534.87,EUR,Amazon,North America,CUST-8559,0
10408e32,2026-09-14 10:00:00,Card,500.21,EUR,Fashion Outlet,Northern Europe,CUST-9857,0
4f3068bd,2026-09-14 10:01:00,ACH,30.71,USD,Fashion Outlet,Northern Europe,CUST-8654,0
0c069eaa,2026-09-14 10:13:00,Card,106.95,EUR,Netflix,Northern Europe,CUST-6553,0
f95911bb,2026-09-14 10:24:00,Card,702.08,EUR,Fashion Outlet,Western Europe,CUST-2818,0
3e152336,2026-09-14 10:29:00,Card,449.14,USD,Uber,Eastern Europe,CUST-8080,0
9b088454,2026-09-14 10:36:00,ACH,585.32,USD,Amazon,Eastern Europe,CUST-8814,0
84f626b5,2026-09-14 10:48:00,Card,642.4,EUR,Amazon,Northern Europe,CUST-6234,0
ff995556,2026-09-14 11:02:00,ACH,237.5,EUR,Local Coffee Shop,North America,CUST-2568,0
d44f809e,2026-09-14 11:03:00,Card,544.0,USD,Fashion Outlet,North America,CUST-2457,0
0cb3a6f1,2026-09-14 11:05:00,ACH,542.69,USD,Electronics Hub,Eastern Europe,CUST-2364,0
7ea91458,2026-09-14 11:16:00,Wallet,332.57,EUR,Shopify Store,Southern Europe,CUST-6020,0
2042bc63,2026-09-14 11:17:00,Wallet,64.91,USD,Spotify,Western Europe,CUST-2124,0
65cb7d88,2026-09-14 11:18:00,ACH,234.51,EUR,Amazon,Eastern Europe,CUST-3218,0
d01571fc,2026-09-14 11:23:00,Wallet,517.6,USD,Local Coffee Shop,Southern Europe,CUST-9429,0
7b8b6589,2026-09-14 11:33:00,ACH,614.17,EUR,Local Coffee Shop,Northern Europe,CUST-7900,0
b73389e4,2026-09-14 11:35:00,Card,42.12,EUR,Uber,Northern Europe,CUST-8528,0
f45b208c,2026-09-14 11:37:00,ACH,745.64,USD,Uber,North America,CUST-6073,0
a5211bca,2026-09-14 11:41:00,Card,612.85,EUR,Local Coffee Shop,North America,CUST-4941,0
d569b6c5,2026-09-14 11:41:00,ACH,428.02,EUR,Uber,Western Europe,CUST-2771,0
e2d6c616,2026-09-14 11:47:00,ACH,265.3,USD,Amazon,Eastern Europe,CUST-2565,0
b469c4bb,2026-09-14 11:51:00,ACH,311.07,EUR,Electronics Hub,Southern Europe,CUST-8397,0
7424a36b,2026-09-14 11:52:00,Wallet,335.56,USD,Shopify Store,Southern Europe,CUST-6542,0
287eeedd,2026-09-14 11:56:00,Card,27.0,USD,Fashion Outlet,Northern Europe,CUST-8723,0
b20ac4fa,2026-09-14 12:01:00,ACH,637.75,EUR,Travel Booking,Northern Europe,CUST-8874,0
c9b5b930,2026-09-14 12:05:00,Wallet,370.93,USD,Pharmacy Plus,Southern Europe,CUST-9803,0
def9d1c9,2026-09-14 12:08:00,Card,713.42,USD,Fashion Outlet,Southern Europe,CUST-4064,0
b132276c,2026-09-14 12:11:00,Wallet,35.09,USD,Travel Booking,Southern Europe,CUST-4331,0
432290f3,2026-09-14 12:12:00,ACH,569.64,USD,GameStore,Southern Europe,CUST-6976,0
28c76f9d,2026-09-14 12:17:00,Card,236.54,EUR,GameStore,Eastern Europe,CUST-3794,0
d8e3d6db,2026-09-14 12:18:00,ACH,338.7,EUR,Fashion Outlet,Western Europe,CUST-7145,0
08f9c626,2026-09-14 12:19:00,Card,585.32,EUR,Travel Booking,Eastern Europe,CUST-7978,0
785426fb,2026-09-14 12:23:00,ACH,539.66,USD,Shopify Store,Eastern Europe,CUST-4573,0
20743cbb,2026-09-14 12:25:00,Card,14.9,USD,Amazon,North America,CUST-6427,0
15c91839,2026-09-14 12:30:00,Card,329.49,EUR,Pharmacy Plus,North America,CUST-1304,0
df81c4c5,2026-09-14 12:31:00,ACH,653.98,USD,Uber,Northern Europe,CUST-8791,0
3f1bc1d9,2026-09-14 12:55:00,Card,452.67,USD,Spotify,North America,CUST-2693,0
f233ea2f,2026-09-14 12:58:00,ACH,432.29,EUR,Electronics Hub,Western Europe,CUST-1727,0
b62aeb0a,2026-09-14 13:02:00,Wallet,473.51,EUR,Uber,Eastern Europe,CUST-6456,0
1f9f84a6,2026-09-14 13:12:00,Wallet,486.97,EUR,Electronics Hub,Western Europe,CUST-1063,0
69e68067,2026-09-14 13:28:00,ACH,408.17,EUR,GameStore,Northern Europe,CUST-7868,0
6f3bc70d,2026-09-14 13:28:00,ACH,417.53,EUR,Uber,Southern Europe,CUST-1125,0
ab918411,2026-09-14 13:34:00,Wallet,432.72,USD,Spotify,Northern Europe,CUST-9578,0
243b8b5c,2026-09-14 14:03:00,ACH,480.97,USD,Pharmacy Plus,North America,CUST-3909,0
bb15958a,2026-09-14 14:03:00,Card,735.84,USD,Pharmacy Plus,Eastern Europe,CUST-4197,0
9640b853,2026-09-14 14:05:00,Wallet,497.94,EUR,Netflix,North America,CUST-6007,0
757e4b0f,2026-09-14 14:30:00,Wallet,425.33,USD,GameStore,Western Europe,CUST-5935,0
175e6036,2026-09-14 14:45:00,Card,524.99,USD,Uber,Northern Europe,CUST-7781,0
7e8b62e3,2026-09-14 14:53:00,Wallet,593.27,USD,Travel Booking,Western Europe,CUST-4497,0
2a18b722,2026-09-14 14:59:00,ACH,49.63,EUR,GameStore,North America,CUST-1151,0
4d71621e,2026-09-14 15:11:00,ACH,752.91,EUR,Pharmacy Plus,Southern Europe,CUST-1304,0
b9822687,2026-09-14 15:13:00,Wallet,233.42,USD,Shopify Store,Western Europe,CUST-3442,0
2990e5e3,2026-09-14 15:15:00,Card,371.56,EUR,Uber,Eastern Europe,CUST-5811,0
2350d884,2026-09-14 15:16:00,Card,312.4,EUR,Pharmacy Plus,Northern Europe,CUST-6914,0
e69c2b4b,2026-09-14 15:23:00,Wallet,352.61,USD,Uber,Northern Europe,CUST-6111,0
b2767d93,2026-09-14 15:27:00,Wallet,619.84,EUR,Electronics Hub,Eastern Europe,CUST-8048,0
0f8d7012,2026-09-14 15:29:00,Wallet,109.96,EUR,Amazon,Northern Europe,CUST-4589,0
f90bf5e2,2026-09-14 15:32:00,Wallet,492.25,EUR,Pharmacy Plus,Western Europe,CUST-2645,0
d6169307,2026-09-14 15:46:00,ACH,530.25,EUR,Shopify Store,Eastern Europe,CUST-3140,0
a1cd8cac,2026-09-14 15:47:00,ACH,320.77,USD,Travel Booking,Western Europe,CUST-9676,0
eab4c28c,2026-09-14 16:04:00,Card,223.89,USD,Grocery Mart,Western Europe,CUST-6669,0
2fdc30ca,2026-09-14 16:15:00,Wallet,441.05,EUR,GameStore,Western Europe,CUST-6556,0
03a581d4,2026-09-14 16:17:00,Card,459.41,EUR,Electronics Hub,Western Europe,CUST-9497,0
18bcda9f,2026-09-14 16:29:00,ACH,458.9,USD,Shopify Store,Western Europe,CUST-3090,0
80d00b02,2026-09-14 16:35:00,ACH,484.05,EUR,Grocery Mart,North America,CUST-1840,0
560d073d,2026-09-14 17:16:00,Wallet,26.68,USD,Grocery Mart,Southern Europe,CUST-2751,0
5e7fd5d7,2026-09-14 17:20:00,Wallet,2187.85,EUR,Pharmacy Plus,Southern Europe,CUST-5842,1
525cf86c,2026-09-14 17:30:00,Wallet,983.25,USD,Netflix,Southern Europe,CUST-7980,1
62951aa2,2026-09-14 17:35:00,Card,658.01,EUR,Electronics Hub,Western Europe,CUST-3893,0
afbccfa3,2026-09-14 17:36:00,Card,235.89,USD,Shopify Store,Northern Europe,CUST-6892,0
46874dd9,2026-09-14 17:39:00,Card,786.75,USD,GameStore,Eastern Europe,CUST-5004,0
8e42e02c,2026-09-14 17:42:00,Wallet,321.11,USD,Uber,Eastern Europe,CUST-2686,0
deeac24e,2026-09-14 17:44:00,Card,30.34,USD,Amazon,Western Europe,CUST-1831,0
34650b6b,2026-09-14 17:45:00,Wallet,43.74,USD,Spotify,Western Europe,CUST-8571,0
f59b1ad5,2026-09-14 17:47:00,ACH,790.49,USD,Netflix,North America,CUST-9338,0
62d9bb8f,2026-09-14 17:48:00,ACH,97.43,EUR,Spotify,Western Europe,CUST-4370,0
b14af82b,2026-09-14 17:52:00,Card,719.82,EUR,Fashion Outlet,Eastern Europe,CUST-6655,0
299cf42e,2026-09-14 18:07:00,ACH,187.75,EUR,Electronics Hub,Western Europe,CUST-3621,0
5a8f479f,2026-09-14 18:15:00,Card,626.81,EUR,Travel Booking,Northern Europe,CUST-9611,0
d59357f9,2026-09-14 18:53:00,Wallet,144.95,USD,Grocery Mart,North America,CUST-4990,0
47abd564,2026-09-14 18:54:00,Wallet,370.21,EUR,Fashion Outlet,Northern Europe,CUST-4353,0
a6ba0fea,2026-09-14 19:00:00,ACH,17.13,USD,Amazon,North America,CUST-1175,0
57126f75,2026-09-14 19:00:00,Card,209.72,USD,Pharmacy Plus,Southern Europe,CUST-3337,0
715a24e7,2026-09-14 19:05:00,Card,118.52,USD,Uber,Northern Europe,CUST-5044,0
7e3e2f12,2026-09-14 19:06:00,Wallet,628.44,EUR,Fashion Outlet,Western Europe,CUST-1918,0
98d8827b,2026-09-14 19:08:00,ACH,493.62,EUR,Uber,North America,CUST-7090,0
94299317,2026-09-14 19:20:00,ACH,526.53,EUR,Amazon,North America,CUST-4839,0
8c2396fd,2026-09-14 19:23:00,ACH,189.94,EUR,Electronics Hub,Northern Europe,CUST-5363,0
50905093,2026-09-14 19:24:00,ACH,558.38,USD,Netflix,North America,CUST-4508,0
b7d8f642,2026-09-14 19:25:00,Wallet,714.18,USD,Netflix,Eastern Europe,CUST-2974,0
fa4a149f,2026-09-14 19:25:00,Card,258.09,EUR,Pharmacy Plus,Western Europe,CUST-4142,0
5667b321,2026-09-14 19:30:00,Wallet,495.47,USD,Shopify Store,North America,CUST-2476,0
9986df9b,2026-09-14 19:41:00,Wallet,240.87,USD,Spotify,Eastern Europe,CUST-4412,0
2e08be1e,2026-09-14 19:48:00,Card,383.41,EUR,Amazon,North America,CUST-9651,0
48374cf7,2026-09-14 19:52:00,ACH,135.07,USD,Uber,North America,CUST-4438,0
897c3a69,2026-09-14 19:59:00,ACH,649.82,USD,Shopify Store,Eastern Europe,CUST-6424,0
d09407aa,2026-09-14 20:09:00,Card,269.36,EUR,Travel Booking,North America,CUST-3017,0
0c2f4570,2026-09-14 20:18:00,Wallet,726.24,EUR,Shopify Store,Southern Europe,CUST-7362,0
d47ea082,2026-09-14 20:33:00,Wallet,217.58,EUR,Amazon,Western Europe,CUST-7750,0
016915c9,2026-09-14 20:42:00,Card,406.24,EUR,Amazon,North America,CUST-9524,0
39bd470d,2026-09-14 20:45:00,ACH,740.07,EUR,Fashion Outlet,Southern Europe,CUST-9147,0
45bc87a3,2026-09-14 20:47:00,Card,739.44,EUR,Uber,North America,CUST-7599,0
ad5d2a63,2026-09-14 20:49:00,Wallet,587.39,EUR,Electronics Hub,Southern Europe,CUST-9021,0
ff5e7963,2026-09-14 20:50:00,Card,516.13,USD,Spotify,Southern Europe,CUST-7544,0
107b2f70,2026-09-14 20:59:00,Card,146.46,EUR,Fashion Outlet,North America,CUST-7509,0
413ded9b,2026-09-14 21:03:00,Card,689.49,USD,GameStore,Southern Europe,CUST-1228,0
3b97faf5,2026-09-14 21:07:00,Card,556.81,USD,Travel Booking,Northern Europe,CUST-9942,0
62e867ad,2026-09-14 21:21:00,ACH,596.31,USD,Amazon,Eastern Europe,CUST-9259,0
eeecc869,2026-09-14 21:27:00,ACH,425.08,USD,Shopify Store,Southern Europe,CUST-6448,0
bb04f187,2026-09-14 21:35:00,ACH,484.67,EUR,Shopify Store,Eastern Europe,CUST-2848,0
943e899c,2026-09-14 21:46:00,Wallet,120.86,USD,Travel Booking,Northern Europe,CUST-8206,0
f2828cff,2026-09-14 21:53:00,ACH,614.3,EUR,Electronics Hub,Eastern Europe,CUST-5017,0
d09e7c1d,2026-09-14 22:05:00,Wallet,527.34,EUR,Amazon,Northern Europe,CUST-1261,0
02577652,2026-09-14 22:05:00,ACH,782.05,USD,Grocery Mart,North America,CUST-4382,0
14b514d1,2026-09-14 22:15:00,ACH,399.66,USD,Travel Booking,Northern Europe,CUST-4958,0
be27a1c0,2026-09-14 22:19:00,ACH,293.18,USD,GameStore,Northern Europe,CUST-4039,0
d10ab4b3,2026-09-14 22:21:00,Card,260.92,USD,Uber,Western Europe,CUST-2553,0
19f54b06,2026-09-14 22:29:00,Wallet,304.5,USD,Netflix,Eastern Europe,CUST-5009,0
5a2ea1de,2026-09-14 22:30:00,Card,128.58,EUR,Uber,Eastern Europe,CUST-4579,0
f6fba72f,2026-09-14 22:32:00,Card,685.99,USD,Travel Booking,North America,CUST-7934,0
f8f8db7a,2026-09-14 22:34:00,ACH,419.89,EUR,Fashion Outlet,Eastern Europe,CUST-7340,0
aea16cf7,2026-09-14 22:41:00,Card,64.59,USD,Amazon,Southern Europe,CUST-6212,0
9c66d5c2,2026-09-14 22:46:00,ACH,162.21,USD,Fashion Outlet,Western Europe,CUST-4821,0
508208c1,2026-09-14 22:49:00,ACH,262.17,EUR,Travel Booking,Western Europe,CUST-2321,0
d8b7ecf2,2026-09-14 22:57:00,Card,517.53,USD,Uber,Eastern Europe,CUST-5837,0
ee6359cd,2026-09-14 22:57:00,ACH,503.94,USD,Travel Booking,North America,CUST-4662,0
d6a44bce,2026-09-14 22:58:00,Card,178.3,EUR,Local Coffee Shop,Northern Europe,CUST-2867,0
67312651,2026-09-14 22:58:00,Wallet,793.06,USD,Fashion Outlet,North America,CUST-4752,0
7583263e,2026-09-14 23:02:00,ACH,131.03,EUR,Netflix,Eastern Europe,CUST-8964,0
c3f87ed8,2026-09-14 23:03:00,Wallet,140.99,USD,Local Coffee Shop,Northern Europe,CUST-7739,0
edd9bde4,2026-09-14 23:08:00,ACH,2334.09,EUR,GameStore,North America,CUST-7945,1
d671d89c,2026-09-14 23:10:00,ACH,285.45,USD,Shopify Store,North America,CUST-9383,0
33d774ae,2026-09-14 23:11:00,Wallet,382.58,USD,Grocery Mart,North America,CUST-9831,0
e6fd0890,2026-09-14 23:17:00,Wallet,418.62,EUR,Local Coffee Shop,Southern Europe,CUST-8839,0
ce508124,2026-09-14 23:21:00,ACH,312.6,EUR,Spotify,Eastern Europe,CUST-1146,0
4cc00e72,2026-09-14 23:25:00,Card,183.48,EUR,Local Coffee Shop,Southern Europe,CUST-4927,0
7ca08c9b,2026-09-14 23:29:00,ACH,752.37,EUR,Travel Booking,Northern Europe,CUST-5693,0
71a3ece1,2026-09-14 23:32:00,Wallet,571.06,EUR,Local Coffee Shop,Eastern Europe,CUST-4956,0
6852cfe9,2026-09-14 23:32:00,ACH,399.59,USD,Shopify Store,Eastern Europe,CUST-1937,0
ffa4be9d,2026-09-14 23:34:00,Card,432.29,USD,Grocery Mart,Southern Europe,CUST-6941,0
f3123ab5,2026-09-14 23:36:00,Card,624.55,EUR,GameStore,Northern Europe,CUST-7640,0
5af0af75,2026-09-14 23:40:00,Wallet,709.6,EUR,Local Coffee Shop,Eastern Europe,CUST-7002,0
47e83be1,2026-09-14 23:48:00,ACH,462.19,EUR,Spotify,Northern Europe,CUST-1246,0
f7874466,2026-09-14 23:50:00,Wallet,578.12,EUR,GameStore,North America,CUST-8571,0
2f8b23c0,2026-09-14 23:56:00,Wallet,77.73,USD,Shopify Store,Eastern Europe,CUST-1962,0
78dccebb,2026-09-15 00:00:00,Wallet,684.36,EUR,Travel Booking,Western Europe,CUST-6920,0
ee3468ff,2026-09-15 00:26:00,ACH,727.07,USD,Spotify,Western Europe,CUST-9791,0
b6606eff,2026-09-15 00:26:00,ACH,78.15,USD,Uber,Northern Europe,CUST-1258,0
8de630b2,2026-09-15 00:32:00,Card,225.88,USD,Shopify Store,Northern Europe,CUST-5073,0
333b6845,2026-09-15 00:32:00,Card,735.09,EUR,Shopify Store,Eastern Europe,CUST-6473,0
2c6ee9f2,2026-09-15 00:36:00,ACH,46.46,USD,Travel Booking,Eastern Europe,CUST-4134,0
52d4c01b,2026-09-15 00:42:00,Card,420.28,USD,GameStore,Eastern Europe,CUST-9024,0
60aad54e,2026-09-15 00:52:00,ACH,80.94,USD,Uber,Southern Europe,CUST-8988,0
fb484142,2026-09-15 01:03:00,ACH,128.86,USD,Pharmacy Plus,Southern Europe,CUST-3732,0
ef36e577,2026-09-15 01:03:00,Card,104.89,USD,Amazon,North America,CUST-8851,0
dc240f55,2026-09-15 01:04:00,Wallet,665.08,EUR,Uber,Western Europe,CUST-8767,0
cf51a36f,2026-09-15 01:27:00,Card,191.65,USD,Fashion Outlet,Southern Europe,CUST-5001,0
00ef2e2e,2026-09-15 01:29:00,Wallet,259.4,USD,Uber,Southern Europe,CUST-1830,0
769963b1,2026-09-15 01:30:00,ACH,205.06,USD,Amazon,Eastern Europe,CUST-4548,0
f053abd6,2026-09-15 01:31:00,Wallet,181.14,USD,Amazon,Western Europe,CUST-8481,0
65ae0736,2026-09-15 01:33:00,Wallet,601.67,EUR,Local Coffee Shop,Eastern Europe,CUST-6150,0
abbec0d5,2026-09-15 01:34:00,ACH,445.69,USD,Grocery Mart,Eastern Europe,CUST-2587,0
892403f0,2026-09-15 01:40:00,Wallet,755.85,USD,Shopify Store,Western Europe,CUST-9475,0
0d44db30,2026-09-15 01:43:00,Wallet,386.09,USD,Spotify,Northern Europe,CUST-5125,0
9a22d025,2026-09-15 01:45:00,Card,602.12,USD,Shopify Store,Eastern Europe,CUST-8397,0
ada4f5b0,2026-09-15 01:47:00,ACH,662.86,EUR,Travel Booking,Western Europe,CUST-8689,0
6043c0f9,2026-09-15 02:09:00,Card,157.65,USD,Spotify,North America,CUST-4823,0
fd138c99,2026-09-15 02:09:00,Card,482.76,USD,GameStore,Eastern Europe,CUST-6469,0
9d20e18e,2026-09-15 02:44:00,ACH,674.38,USD,Grocery Mart,Western Europe,CUST-5804,0
9537c466,2026-09-15 02:50:00,Card,688.46,USD,Fashion Outlet,Southern Europe,CUST-8534,0
872b7eb2,2026-09-15 02:55:00,Wallet,330.38,EUR,Uber,Southern Europe,CUST-1270,0
aebc6d9a,2026-09-15 03:06:00,Card,259.71,EUR,Shopify Store,Northern Europe,CUST-5960,0
6534dc13,2026-09-15 03:08:00,Card,22.87,EUR,Pharmacy Plus,Western Europe,CUST-2002,0
976d7b59,2026-09-15 03:12:00,Wallet,498.81,USD,Grocery Mart,Western Europe,CUST-9803,0
5f198a2e,2026-09-15 03:19:00,Card,694.78,USD,GameStore,Northern Europe,CUST-1063,0
520b8392,2026-09-15 03:33:00,Wallet,61.06,USD,Travel Booking,Southern Europe,CUST-4358,0
fa3769c2,2026-09-15 03:34:00,Card,505.41,USD,Electronics Hub,Southern Europe,CUST-5926,0
65d016d4,2026-09-15 03:38:00,Wallet,243.27,EUR,Uber,North America,CUST-3758,0
9f2f7daf,2026-09-15 03:38:00,Card,567.85,USD,Electronics Hub,Southern Europe,CUST-1351,0
efe437e7,2026-09-15 03:39:00,ACH,206.15,USD,Netflix,Western Europe,CUST-3368,0
f7bf30fb,2026-09-15 03:41:00,Wallet,16.16,EUR,Local Coffee Shop,Southern Europe,CUST-9547,0
2a7fcd0c,2026-09-15 03:42:00,Card,292.24,USD,Netflix,Northern Europe,CUST-6243,0
add7453e,2026-09-15 03:52:00,Card,401.43,USD,Pharmacy Plus,Eastern Europe,CUST-9309,0
25033da5,2026-09-15 04:01:00,Card,456.72,USD,Local Coffee Shop,Western Europe,CUST-2088,0
3e2816f3,2026-09-15 04:08:00,Wallet,372.65,EUR,Spotify,North America,CUST-8509,0
3747b0c8,2026-09-15 04:10:00,Card,126.46,EUR,Spotify,North America,CUST-8338,0
e289aaa8,2026-09-15 04:15:00,Card,91.67,EUR,Pharmacy Plus,Western Europe,CUST-1425,0
cde9f275,2026-09-15 04:17:00,Card,350.9,EUR,Shopify Store,Western Europe,CUST-6954,0
0e19f214,2026-09-15 04:45:00,ACH,568.17,USD,GameStore,Western Europe,CUST-6387,0
ae6d5263,2026-09-15 05:01:00,Card,82.14,EUR,Electronics Hub,Eastern Europe,CUST-4425,0
dea0dbe4,2026-09-15 05:08:00,ACH,415.22,EUR,Netflix,Northern Europe,CUST-8519,0
35a821ac,2026-09-15 05:11:00,Card,520.76,USD,Shopify Store,Southern Europe,CUST-6756,0
5c2d1697,2026-09-15 05:13:00,ACH,439.83,USD,Shopify Store,Southern Europe,CUST-8022,0
b9a45101,2026-09-15 05:34:00,Card,694.86,USD,Netflix,Eastern Europe,CUST-9426,0
df8aec5b,2026-09-15 05:34:00,ACH,565.66,EUR,Uber,Northern Europe,CUST-1864,0
a74d352d,2026-09-15 05:35:00,Card,674.67,EUR,Netflix,Eastern Europe,CUST-9276,0
396e5203,2026-09-15 05:42:00,ACH,501.1,EUR,Spotify,Southern Europe,CUST-8139,0
8c4bcae5,2026-09-15 05:43:00,ACH,139.4,EUR,Fashion Outlet,Southern Europe,CUST-6577,0
b7f644b2,2026-09-15 05:47:00,Wallet,434.75,USD,Local Coffee Shop,Eastern Europe,CUST-5738,0
8d1805c2,2026-09-15 05:50:00,ACH,675.09,USD,Amazon,Northern Europe,CUST-7492,0
500689a0,2026-09-15 06:03:00,ACH,68.66,EUR,Shopify Store,North America,CUST-1053,0
0dcad73b,2026-09-15 06:19:00,Wallet,536.01,EUR,Spotify,Eastern Europe,CUST-9920,0
a03bedd9,2026-09-15 06:19:00,Wallet,121.96,EUR,Fashion Outlet,Northern Europe,CUST-7423,0
321ae3bc,2026-09-15 06:20:00,Card,575.74,USD,Amazon,North America,CUST-2892,0
585e34fb,2026-09-15 06:23:00,ACH,85.82,USD,Travel Booking,Southern Europe,CUST-6562,0
efe49162,2026-09-15 06:27:00,ACH,496.23,USD,Grocery Mart,North America,CUST-9947,0
166639f5,2026-09-15 06:28:00,Card,702.36,USD,GameStore,Eastern Europe,CUST-9212,0
7874226f,2026-09-15 06:31:00,Wallet,559.7,EUR,GameStore,Western Europe,CUST-7701,0
ce9cbabe,2026-09-15 06:34:00,Card,335.0,EUR,Spotify,Northern Europe,CUST-6971,0
9f03e27e,2026-09-15 06:46:00,Wallet,240.53,USD,Grocery Mart,Northern Europe,CUST-7798,0
54b313cf,2026-09-15 06:49:00,Card,434.14,USD,Travel Booking,North America,CUST-3147,0
75bb6d26,2026-09-15 06:53:00,Wallet,577.4,USD,Travel Booking,Southern Europe,CUST-4243,0
846ec090,2026-09-15 07:05:00,ACH,667.24,EUR,Uber,Southern Europe,CUST-2488,0
b894eea5,2026-09-15 07:06:00,Card,595.76,EUR,Pharmacy Plus,Northern Europe,CUST-6140,0
08ad40a9,2026-09-15 07:09:00,Wallet,32.8,EUR,Grocery Mart,Eastern Europe,CUST-4796,0
3f4506ca,2026-09-15 07:10:00,ACH,361.08,USD,Shopify Store,North America,CUST-2218,0
243d209a,2026-09-15 07:28:00,ACH,453.09,EUR,Netflix,Northern Europe,CUST-4949,0
3dc66b99,2026-09-15 07:31:00,Card,229.96,EUR,GameStore,Western Europe,CUST-4457,0
8bac1a77,2026-09-15 07:32:00,Wallet,189.81,USD,Fashion Outlet,Southern Europe,CUST-4462,0
de7f3f41,2026-09-15 07:32:00,Card,733.13,EUR,Uber,Northern Europe,CUST-7635,0
f3018e82,2026-09-15 07:37:00,Wallet,396.84,EUR,Uber,Northern Europe,CUST-6882,0
dc34cff4,2026-09-15 07:46:00,ACH,1874.18,EUR,Fashion Outlet,Western Europe,CUST-2598,1
4602f265,2026-09-15 07:57:00,Card,787.57,EUR,Amazon,North America,CUST-9881,0
74f931d0,2026-09-15 08:00:00,Card,274.57,EUR,Amazon,Northern Europe,CUST-6622,0
81754e22,2026-09-15 08:10:00,Card,522.7,EUR,Grocery Mart,Eastern Europe,CUST-6895,0
73009bcf,2026-09-15 08:11:00,Wallet,483.87,EUR,Shopify Store,Eastern Europe,CUST-6691,0
621092bb,2026-09-15 08:16:00,ACH,405.46,USD,Grocery Mart,North America,CUST-8835,0
92ae73fe,2026-09-15 08:20:00,ACH,467.11,USD,Shopify Store,Northern Europe,CUST-7666,0
3fac9fb6,2026-09-15 08:24:00,Wallet,2453.28,USD,Grocery Mart,Southern Europe,CUST-5808,1
01bb3e9e,2026-09-15 08:25:00,Wallet,374.63,USD,Grocery Mart,Southern Europe,CUST-7716,0
2286f5c3,2026-09-15 08:28:00,Card,396.23,EUR,Local Coffee Shop,North America,CUST-5507,0
4e710fec,2026-09-15 08:34:00,ACH,344.76,USD,Grocery Mart,Eastern Europe,CUST-6360,0
e0792cad,2026-09-15 08:52:00,Wallet,154.84,EUR,Amazon,North America,CUST-1474,0
3254d977,2026-09-15 08:52:00,Card,659.15,EUR,Pharmacy Plus,Northern Europe,CUST-7119,0
c4967ebf,2026-09-15 09:00:00,ACH,599.1,USD,Shopify Store,Eastern Europe,CUST-2615,0
5d0beb32,2026-09-15 09:00:00,Wallet,784.13,EUR,Netflix,North America,CUST-7672,0
41ce521f,2026-09-15 09:06:00,ACH,197.25,USD,Shopify Store,Western Europe,CUST-2929,0
254a7038,2026-09-15 09:14:00,Card,696.25,EUR,Local Coffee Shop,Northern Europe,CUST-5085,0
69a7aff0,2026-09-15 09:19:00,Wallet,303.39,EUR,Electronics Hub,North America,CUST-3512,0
7852843c,2026-09-15 09:35:00,Wallet,322.01,EUR,Shopify Store,Western Europe,CUST-7462,0
7f96bf68,2026-09-15 09:43:00,ACH,448.68,EUR,Grocery Mart,Eastern Europe,CUST-2407,0
49ea6e2b,2026-09-15 09:43:00,Card,360.23,USD,Amazon,Northern Europe,CUST-3706,0
d11aac49,2026-09-15 09:46:00,ACH,427.79,USD,Spotify,Southern Europe,CUST-7742,0
45220fa2,2026-09-15 09:47:00,Card,588.12,EUR,GameStore,Northern Europe,CUST-8266,0
44cd3974,2026-09-15 09:47:00,Wallet,423.54,USD,Amazon,Northern Europe,CUST-2578,0
18da97ef,2026-09-15 09:49:00,Wallet,341.42,USD,GameStore,Southern Europe,CUST-7027,0
8e3a43d3,2026-09-15 09:51:00,Wallet,104.58,EUR,Electronics Hub,Western Europe,CUST-1706,0
ebf3ed6c,2026-09-15 09:53:00,ACH,199.65,EUR,GameStore,Eastern Europe,CUST-5793,0
1fb99af1,2026-09-15 09:55:00,ACH,675.5,EUR,GameStore,Southern Europe,CUST-7028,0
cd2fc9dc,2026-09-15 09:57:00,Card,232.91,USD,Fashion Outlet,Northern Europe,CUST-7976,0
83217c72,2026-09-15 10:05:00,ACH,269.26,USD,Shopify Store,Eastern Europe,CUST-6156,0
0261a0d0,2026-09-15 10:09:00,Card,46.81,USD,GameStore,North America,CUST-7506,0
50129850,2026-09-15 10:15:00,Card,232.83,EUR,Spotify,Eastern Europe,CUST-1795,0
6c842d67,2026-09-15 10:16:00,Card,327.95,USD,Electronics Hub,Southern Europe,CUST-6558,0
2c9bdaa5,2026-09-15 10:23:00,Wallet,96.85,EUR,Grocery Mart,Western Europe,CUST-6877,0
d38c90c1,2026-09-15 10:24:00,Card,750.03,USD,GameStore,Eastern Europe,CUST-2264,0
39bc2e55,2026-09-15 10:24:00,Wallet,767.01,EUR,Electronics Hub,Eastern Europe,CUST-2994,0
780826b5,2026-09-15 10:24:00,Card,1470.75,EUR,Grocery Mart,Western Europe,CUST-4669,1
5af76716,2026-09-15 10:30:00,Wallet,719.84,EUR,Local Coffee Shop,North America,CUST-2891,0
b9fc825c,2026-09-15 10:37:00,ACH,592.98,EUR,Pharmacy Plus,Southern Europe,CUST-8126,0
0c40b942,2026-09-15 10:44:00,Card,623.4,EUR,Grocery Mart,Northern Europe,CUST-6453,0
76f9cab0,2026-09-15 10:48:00,Card,14.09,USD,Netflix,Southern Europe,CUST-1883,0
fae82143,2026-09-15 10:54:00,Wallet,86.77,USD,Travel Booking,North America,CUST-8134,0
1179ecc8,2026-09-15 10:58:00,Wallet,358.1,USD,Travel Booking,Northern Europe,CUST-5162,0
94f3fe10,2026-09-15 11:02:00,Card,697.4,USD,Pharmacy Plus,Northern Europe,CUST-4261,0
4ab1597a,2026-09-15 11:02:00,Wallet,409.75,EUR,Electronics Hub,North America,CUST-9159,0
be968a73,2026-09-15 11:07:00,Wallet,260.78,USD,Amazon,North America,CUST-3851,0
f3689de8,2026-09-15 11:12:00,ACH,247.91,USD,Pharmacy Plus,Southern Europe,CUST-8806,0
961b7f7c,2026-09-15 11:12:00,Wallet,225.14,EUR,Uber,Southern Europe,CUST-8148,0
46da8c27,2026-09-15 11:14:00,Wallet,371.95,EUR,Spotify,Western Europe,CUST-3487,0
e97b8b55,2026-09-15 11:16:00,Card,653.32,USD,GameStore,North America,CUST-9418,0
3b3942e6,2026-09-15 11:19:00,Wallet,610.49,EUR,Shopify Store,Southern Europe,CUST-5663,0
b29ae8a2,2026-09-15 11:19:00,ACH,610.16,USD,Grocery Mart,Southern Europe,CUST-3815,0
395075b8,2026-09-15 11:27:00,Card,566.85,USD,Amazon,Southern Europe,CUST-6492,0
907278d0,2026-09-15 11:33:00,ACH,445.46,EUR,GameStore,Southern Europe,CUST-8487,0
4aebabab,2026-09-15 11:41:00,Wallet,361.33,USD,Shopify Store,North America,CUST-8057,0
19beed36,2026-09-15 11:50:00,Card,125.4,EUR,Grocery Mart,North America,CUST-1000,0
f46da6cc,2026-09-15 11:54:00,Wallet,1678.66,EUR,Electronics Hub,Western Europe,CUST-8334,1
104db4a5,2026-09-15 11:57:00,ACH,467.95,USD,Electronics Hub,Eastern Europe,CUST-4450,0
a766c3e2,2026-09-15 11:57:00,Wallet,621.22,EUR,Grocery Mart,Eastern Europe,CUST-4871,0
2612db14,2026-09-15 12:00:00,Card,464.84,EUR,GameStore,Northern Europe,CUST-9465,0
bd38f93f,2026-09-15 12:05:00,Card,571.4,USD,Amazon,Eastern Europe,CUST-5343,0
9279f0a2,2026-09-15 12:07:00,Card,186.76,USD,Travel Booking,Eastern Europe,CUST-6741,0
c3368c1f,2026-09-15 12:09:00,ACH,628.43,USD,Grocery Mart,Northern Europe,CUST-9767,0
3997432a,2026-09-15 12:33:00,Wallet,465.52,EUR,Spotify,Southern Europe,CUST-7998,0
854ce918,2026-09-15 12:34:00,Wallet,105.6,USD,Local Coffee Shop,Southern Europe,CUST-2364,0
e9a0b0d3,2026-09-15 12:38:00,Wallet,661.14,USD,Uber,Southern Europe,CUST-2714,0
2c4cf637,2026-09-15 12:41:00,Card,326.34,EUR,Fashion Outlet,Northern Europe,CUST-4169,0
b3652335,2026-09-15 12:47:00,Wallet,471.45,USD,GameStore,Eastern Europe,CUST-8657,0
65ab0d3d,2026-09-15 12:50:00,Wallet,761.71,USD,Travel Booking,North America,CUST-5211,0
41308725,2026-09-15 12:54:00,Card,735.08,EUR,GameStore,North America,CUST-7213,0
ba2dd04b,2026-09-15 12:57:00,Card,457.36,EUR,Grocery Mart,Northern Europe,CUST-8598,0
67c79268,2026-09-15 13:05:00,ACH,164.52,USD,Travel Booking,Western Europe,CUST-5704,0
e70c691a,2026-09-15 13:06:00,ACH,560.54,EUR,Pharmacy Plus,Northern Europe,CUST-6090,1
047a5034,2026-09-15 13:08:00,Card,778.96,EUR,Shopify Store,North America,CUST-3391,0
b649fe39,2026-09-15 13:27:00,ACH,486.08,EUR,GameStore,Northern Europe,CUST-8881,0
95c8673e,2026-09-15 13:32:00,Card,162.69,USD,Amazon,Western Europe,CUST-6246,0
f195d759,2026-09-15 13:38:00,ACH,221.37,EUR,Shopify Store,Southern Europe,CUST-4222,0
fab6db79,2026-09-15 13:43:00,Card,674.6,USD,Grocery Mart,Northern Europe,CUST-9558,0
23403d5c,2026-09-15 13:45:00,ACH,331.45,USD,Grocery Mart,North America,CUST-6287,0
1de4e14e,2026-09-15 13:47:00,ACH,544.09,EUR,GameStore,Northern Europe,CUST-5305,0
e128667f,2026-09-15 13:52:00,Wallet,321.54,USD,Netflix,Southern Europe,CUST-4635,0
e248bb7d,2026-09-15 13:58:00,ACH,646.81,USD,Grocery Mart,Eastern Europe,CUST-9872,0
f4bc5641,2026-09-15 14:02:00,Card,782.72,EUR,Pharmacy Plus,North America,CUST-6764,0
196d03f1,2026-09-15 14:03:00,ACH,17.52,USD,Spotify,Eastern Europe,CUST-3900,0
9b48162f,2026-09-15 14:08:00,ACH,770.73,USD,Travel Booking,Eastern Europe,CUST-1018,0
b359598e,2026-09-15 14:13:00,ACH,272.65,USD,GameStore,Southern Europe,CUST-1833,0
1a90bdc5,2026-09-15 14:15:00,Wallet,725.52,EUR,Amazon,Southern Europe,CUST-9107,0
7ed7bf5a,2026-09-15 14:26:00,Wallet,177.17,EUR,Spotify,Northern Europe,CUST-8097,0
93926e4c,2026-09-15 14:27:00,Card,38.5,USD,Netflix,Southern Europe,CUST-9703,0
54a2bef2,2026-09-15 14:29:00,Wallet,768.46,EUR,Fashion Outlet,Southern Europe,CUST-4147,0
434ac186,2026-09-15 14:44:00,Wallet,68.06,USD,Electronics Hub,Western Europe,CUST-9380,0
a266d268,2026-09-15 14:46:00,Wallet,521.52,EUR,Travel Booking,North America,CUST-7351,0
e66f63cb,2026-09-15 14:53:00,Card,294.13,USD,Uber,Northern Europe,CUST-9451,0
b9c58a8e,2026-09-15 14:58:00,ACH,695.29,USD,Shopify Store,Southern Europe,CUST-1805,0
f4f9ccdf,2026-09-15 15:18:00,ACH,567.62,EUR,Travel Booking,Western Europe,CUST-6968,0
35fb2d14,2026-09-15 15:23:00,Card,134.99,EUR,Amazon,Western Europe,CUST-6546,0
449e45ad,2026-09-15 15:27:00,Wallet,143.47,EUR,Fashion Outlet,Northern Europe,CUST-9492,0
50d1141d,2026-09-15 15:27:00,ACH,420.33,USD,Amazon,North America,CUST-8772,0
5ec41e87,2026-09-15 15:30:00,ACH,463.35,EUR,Uber,Northern Europe,CUST-2169,0
4bfa8fa8,2026-09-15 15:32:00,ACH,516.4,USD,Grocery Mart,Eastern Europe,CUST-1426,0
7d2cedc5,2026-09-15 15:33:00,Wallet,760.21,EUR,Amazon,Southern Europe,CUST-3962,0
64762a32,2026-09-15 15:33:00,Wallet,22.34,EUR,Electronics Hub,Northern Europe,CUST-3812,0
9d7b6875,2026-09-15 15:37:00,Wallet,487.64,USD,Fashion Outlet,Eastern Europe,CUST-5687,0
68bac2fe,2026-09-15 15:39:00,Wallet,346.77,USD,Netflix,North America,CUST-3431,0
98c4f83b,2026-09-15 15:53:00,Wallet,773.64,USD,Fashion Outlet,Southern Europe,CUST-4095,0
b87b5639,2026-09-15 15:56:00,Wallet,307.99,USD,Uber,Northern Europe,CUST-3628,0
4b8e540c,2026-09-15 16:02:00,Card,797.45,USD,Shopify Store,Southern Europe,CUST-7030,0
19213068,2026-09-15 16:09:00,Card,792.86,USD,Travel Booking,North America,CUST-9300,0
a2ab7b51,2026-09-15 16:12:00,Wallet,392.08,USD,Pharmacy Plus,Southern Europe,CUST-2702,0
3844500c,2026-09-15 16:13:00,Wallet,2036.83,USD,Amazon,Southern Europe,CUST-2643,1
d9907b40,2026-09-15 16:22:00,ACH,764.2,USD,Fashion Outlet,Western Europe,CUST-2232,0
3bfab65f,2026-09-15 16:22:00,Wallet,678.24,USD,Netflix,Western Europe,CUST-7849,0
07553d75,2026-09-15 16:28:00,Wallet,66.43,EUR,Shopify Store,Western Europe,CUST-6588,0
68f05618,2026-09-15 16:30:00,Wallet,169.77,USD,Uber,Northern Europe,CUST-8591,0
ba297fbd,2026-09-15 16:39:00,Wallet,647.74,EUR,Grocery Mart,Western Europe,CUST-6604,0
f99fcdb6,2026-09-15 16:40:00,Card,101.76,USD,Electronics Hub,Northern Europe,CUST-1473,0
d42a08e3,2026-09-15 16:43:00,ACH,58.95,USD,Grocery Mart,North America,CUST-3284,0
7678d833,2026-09-15 16:43:00,Wallet,406.24,EUR,Netflix,North America,CUST-6558,0
a93f2d95,2026-09-15 16:46:00,Card,454.27,USD,Travel Booking,North America,CUST-4006,0
594aecbc,2026-09-15 16:59:00,Wallet,110.07,USD,Pharmacy Plus,Southern Europe,CUST-9073,0
f3656692,2026-09-15 16:59:00,ACH,756.76,EUR,Fashion Outlet,North America,CUST-3890,0
825ceff8,2026-09-15 17:11:00,ACH,98.13,EUR,Uber,Southern Europe,CUST-8079,0
47894ebe,2026-09-15 17:21:00,Card,474.59,USD,GameStore,Western Europe,CUST-7751,0
9ad740f0,2026-09-15 17:24:00,ACH,179.56,EUR,Spotify,Southern Europe,CUST-4603,0
c5a3535b,2026-09-15 17:26:00,Card,230.12,EUR,Grocery Mart,Eastern Europe,CUST-3482,0
acb155fd,2026-09-15 17:38:00,Card,413.79,USD,Amazon,Western Europe,CUST-2294,0
8e82418a,2026-09-15 17:41:00,Card,17.37,EUR,Local Coffee Shop,North America,CUST-7554,0
c728d02e,2026-09-15 17:43:00,Card,391.02,USD,Grocery Mart,Eastern Europe,CUST-3424,0
8011f152,2026-09-15 17:46:00,Wallet,575.56,USD,Spotify,Southern Europe,CUST-7924,0
8b31e8c3,2026-09-15 17:47:00,Card,496.64,USD,Pharmacy Plus,North America,CUST-4501,0
a66cd82d,2026-09-15 17:48:00,Wallet,522.23,USD,Pharmacy Plus,Southern Europe,CUST-7689,0
b0e50c35,2026-09-15 17:49:00,Card,148.99,USD,Fashion Outlet,Eastern Europe,CUST-8766,0
679601ff,2026-09-15 17:58:00,Card,325.22,EUR,Fashion Outlet,Eastern Europe,CUST-2514,0
d4bef03a,2026-09-15 18:02:00,Wallet,193.87,USD,Local Coffee Shop,Western Europe,CUST-7612,0
ffa4dbdf,2026-09-15 18:18:00,Wallet,698.14,USD,Grocery Mart,North America,CUST-3871,0
788c242d,2026-09-15 18:19:00,Card,703.82,EUR,Grocery Mart,Eastern Europe,CUST-1480,0
46ae21e8,2026-09-15 18:26:00,Card,12.97,USD,Netflix,Southern Europe,CUST-2271,0
2d9b0b55,2026-09-15 18:27:00,Card,790.57,EUR,Uber,Northern Europe,CUST-6466,0
acd4d5b9,2026-09-15 18:42:00,ACH,518.76,USD,Shopify Store,North America,CUST-6149,0
fbb9bb77,2026-09-15 18:46:00,ACH,662.51,EUR,Uber,Southern Europe,CUST-6942,0
b14bba25,2026-09-15 18:49:00,Card,202.39,USD,Spotify,Southern Europe,CUST-2879,0
3d150d53,2026-09-15 18:50:00,Card,497.32,USD,Electronics Hub,Northern Europe,CUST-3748,0
9ea403eb,2026-09-15 18:58:00,ACH,528.29,EUR,Travel Booking,Western Europe,CUST-7088,0
8cc40eb3,2026-09-15 18:58:00,Card,144.57,EUR,Netflix,Southern Europe,CUST-5879,0
c56b653e,2026-09-15 19:00:00,ACH,602.87,EUR,Local Coffee Shop,North America,CUST-7363,0
6e6b40f5,2026-09-15 19:03:00,ACH,105.94,USD,GameStore,Southern Europe,CUST-3521,0
aaed8a24,2026-09-15 19:08:00,Card,716.83,EUR,Fashion Outlet,North America,CUST-2845,0
0ef212aa,2026-09-15 19:20:00,ACH,388.4,USD,Shopify Store,Southern Europe,CUST-2717,0
38436a78,2026-09-15 19:34:00,Card,773.55,EUR,Grocery Mart,Northern Europe,CUST-9415,0
7ae3b82d,2026-09-15 19:39:00,Wallet,601.33,EUR,Shopify Store,Western Europe,CUST-2478,0
35f49494,2026-09-15 19:45:00,Wallet,765.96,USD,Electronics Hub,Western Europe,CUST-1655,0
5df9391a,2026-09-15 19:51:00,ACH,779.57,EUR,Netflix,North America,CUST-6982,0
22c43e09,2026-09-15 19:52:00,Card,775.41,EUR,Uber,North America,CUST-6171,0
cafee585,2026-09-15 19:57:00,ACH,265.17,EUR,Netflix,North America,CUST-8180,0
c628ee98,2026-09-15 19:57:00,Card,142.96,EUR,Grocery Mart,Northern Europe,CUST-8880,0
2be208b5,2026-09-15 19:59:00,ACH,516.28,USD,Local Coffee Shop,Eastern Europe,CUST-7806,0
4e269390,2026-09-15 20:00:00,Wallet,258.11,USD,Fashion Outlet,Northern Europe,CUST-7176,0
5e189755,2026-09-15 20:05:00,ACH,217.45,USD,Electronics Hub,Southern Europe,CUST-7006,0
40e2d654,2026-09-15 20:08:00,ACH,77.97,USD,Shopify Store,Northern Europe,CUST-2259,0
2bf8faa0,2026-09-15 20:08:00,ACH,334.66,EUR,Spotify,Northern Europe,CUST-3759,0
8219d3f5,2026-09-15 20:15:00,ACH,259.99,USD,Netflix,Southern Europe,CUST-3932,0
81ddf13d,2026-09-15 20:17:00,Wallet,185.32,EUR,Grocery Mart,Northern Europe,CUST-1473,0
73c0c34d,2026-09-15 20:18:00,Wallet,661.45,USD,Local Coffee Shop,Northern Europe,CUST-1992,0
a9c30759,2026-09-15 20:27:00,Card,101.17,USD,Shopify Store,Southern Europe,CUST-6471,0
401ee24a,2026-09-15 20:27:00,Wallet,136.76,USD,Spotify,North America,CUST-5438,0
cf3ac627,2026-09-15 20:30:00,Wallet,554.85,USD,Local Coffee Shop,Southern Europe,CUST-7729,0
28bbbe19,2026-09-15 20:38:00,Wallet,570.56,EUR,Netflix,Northern Europe,CUST-1769,0
6ad4a2a0,2026-09-15 20:50:00,Wallet,119.2,USD,Shopify Store,Southern Europe,CUST-4709,0
2ef73b81,2026-09-15 20:54:00,ACH,245.71,USD,GameStore,Southern Europe,CUST-9047,0
7f1f1d70,2026-09-15 20:56:00,ACH,710.77,EUR,Amazon,North America,CUST-2449,0
0fb29f32,2026-09-15 21:02:00,Wallet,536.04,EUR,Uber,Eastern Europe,CUST-5851,0
ba63bc58,2026-09-15 21:04:00,Wallet,654.47,USD,Shopify Store,North America,CUST-4845,0
5b43627c,2026-09-15 21:09:00,Wallet,268.39,USD,Netflix,Eastern Europe,CUST-3095,0
759df110,2026-09-15 21:18:00,Wallet,248.65,EUR,Local Coffee Shop,North America,CUST-2055,0
d8ba9c9f,2026-09-15 21:32:00,Card,235.62,EUR,Spotify,Northern Europe,CUST-2802,0
d4ab0fe1,2026-09-15 21:33:00,Card,309.35,USD,Netflix,Northern Europe,CUST-3488,0
2163cb72,2026-09-15 21:35:00,ACH,15.95,EUR,Fashion Outlet,Southern Europe,CUST-9710,0
a0e8d125,2026-09-15 21:41:00,Wallet,96.55,USD,Netflix,Eastern Europe,CUST-8890,0
37e7b77b,2026-09-15 21:48:00,Wallet,426.65,USD,Grocery Mart,North America,CUST-2279,0
ac650108,2026-09-15 21:57:00,Wallet,83.94,EUR,Uber,Northern Europe,CUST-5225,0
534bf78e,2026-09-15 22:26:00,Card,470.83,USD,Pharmacy Plus,Northern Europe,CUST-8489,0
35312402,2026-09-15 22:27:00,ACH,327.89,USD,Local Coffee Shop,Western Europe,CUST-4275,0
e7367298,2026-09-15 22:31:00,Card,151.27,EUR,Fashion Outlet,North America,CUST-3776,0
7a056011,2026-09-15 22:37:00,Card,614.62,EUR,Fashion Outlet,Western Europe,CUST-8248,0
15b44661,2026-09-15 22:39:00,ACH,63.87,EUR,Fashion Outlet,Southern Europe,CUST-1124,0
1d4d93c8,2026-09-15 22:40:00,Wallet,311.47,EUR,Amazon,Northern Europe,CUST-8577,0
b399042e,2026-09-15 22:41:00,Card,580.62,EUR,Pharmacy Plus,North America,CUST-9756,0
694cbadb,2026-09-15 22:48:00,ACH,469.27,USD,Grocery Mart,Eastern Europe,CUST-5796,0
34fdb91e,2026-09-15 22:56:00,Card,669.61,USD,Fashion Outlet,Southern Europe,CUST-4711,0
1063de7a,2026-09-15 22:57:00,Card,142.57,USD,Local Coffee Shop,Northern Europe,CUST-5221,0
bef6d5dd,2026-09-15 22:57:00,Wallet,209.86,EUR,Netflix,Northern Europe,CUST-9257,0
3df453c6,2026-09-15 22:57:00,Card,728.94,EUR,Local Coffee Shop,Southern Europe,CUST-3776,0
0c21dc67,2026-09-15 23:13:00,ACH,534.76,EUR,Pharmacy Plus,Northern Europe,CUST-9829,0
3517963f,2026-09-15 23:24:00,Wallet,412.93,EUR,Uber,Southern Europe,CUST-2451,0
5e4edc56,2026-09-15 23:38:00,Wallet,313.83,USD,Travel Booking,Eastern Europe,CUST-8097,0
c8e87079,2026-09-15 23:42:00,Card,622.05,EUR,Pharmacy Plus,Eastern Europe,CUST-9530,0
804f1fda,2026-09-15 23:43:00,Card,58.06,USD,Fashion Outlet,Eastern Europe,CUST-4402,0
e917643e,2026-09-15 23:51:00,Card,693.95,USD,Grocery Mart,Western Europe,CUST-3822,0
593ead27,2026-09-15 23:54:00,Wallet,604.22,USD,GameStore,Western Europe,CUST-9667,0
f198f70c,2026-09-16 00:03:00,Card,566.06,USD,Shopify Store,Southern Europe,CUST-6405,0
040dadae,2026-09-16 00:27:00,ACH,217.61,USD,Shopify Store,Northern Europe,CUST-3775,0
fd4f171d,2026-09-16 00:44:00,Card,571.79,EUR,Shopify Store,Southern Europe,CUST-8751,0
8df518ba,2026-09-16 00:53:00,Wallet,714.1,USD,Uber,Eastern Europe,CUST-2533,0
f08b882c,2026-09-16 00:56:00,Wallet,51.05,USD,Shopify Store,Southern Europe,CUST-1442,0
a48b1aef,2026-09-16 01:06:00,ACH,126.9,EUR,Travel Booking,Southern Europe,CUST-1919,0
daa7a283,2026-09-16 01:13:00,Card,522.98,EUR,Local Coffee Shop,Eastern Europe,CUST-6403,0
2210c91e,2026-09-16 01:15:00,Card,42.48,USD,Netflix,Northern Europe,CUST-3708,0
8da5ae58,2026-09-16 01:32:00,Card,494.0,EUR,Travel Booking,Eastern Europe,CUST-9855,0
4683506c,2026-09-16 01:42:00,Card,126.23,EUR,Pharmacy Plus,North America,CUST-7230,0
d4a33351,2026-09-16 01:42:00,Wallet,454.07,EUR,Travel Booking,North America,CUST-6644,0
bf6fa980,2026-09-16 01:46:00,Card,354.37,EUR,Electronics Hub,Southern Europe,CUST-3177,0
630556ee,2026-09-16 01:58:00,Wallet,712.59,EUR,Electronics Hub,Northern Europe,CUST-3698,0
336777f3,2026-09-16 02:04:00,Card,292.45,USD,Local Coffee Shop,Western Europe,CUST-7991,0
13b4fa06,2026-09-16 02:09:00,Wallet,604.3,EUR,Electronics Hub,Northern Europe,CUST-5524,0
c8d8462b,2026-09-16 02:15:00,Card,267.83,USD,Amazon,Southern Europe,CUST-6833,0
710592d9,2026-09-16 02:15:00,ACH,35.1,EUR,Electronics Hub,Southern Europe,CUST-2044,0
a84e82f3,2026-09-16 02:18:00,ACH,313.1,USD,Spotify,Western Europe,CUST-2888,0
53455158,2026-09-16 02:28:00,Card,506.86,USD,Amazon,North America,CUST-9359,0
a15c1e8d,2026-09-16 02:29:00,ACH,398.23,USD,Electronics Hub,Eastern Europe,CUST-8397,0
09f9c73e,2026-09-16 02:30:00,ACH,77.98,USD,Spotify,Northern Europe,CUST-8118,0
238a440f,2026-09-16 02:34:00,Wallet,337.02,USD,Grocery Mart,Eastern Europe,CUST-3207,0
8051b329,2026-09-16 02:34:00,Wallet,134.27,EUR,Electronics Hub,Southern Europe,CUST-2523,0
77b73c1e,2026-09-16 02:40:00,Card,371.1,USD,Pharmacy Plus,Southern Europe,CUST-2737,0
272cee46,2026-09-16 02:43:00,ACH,430.45,USD,Shopify Store,Eastern Europe,CUST-1857,0
f03321cd,2026-09-16 02:43:00,Card,114.94,USD,Pharmacy Plus,Western Europe,CUST-9258,0
8d7cb070,2026-09-16 02:46:00,Wallet,530.84,EUR,Local Coffee Shop,Northern Europe,CUST-7323,0
3b52a98d,2026-09-16 02:49:00,Card,7.35,EUR,Netflix,Western Europe,CUST-1851,0
f5d4029a,2026-09-16 02:53:00,Wallet,159.87,USD,Grocery Mart,North America,CUST-8434,0
41e8e011,2026-09-16 02:53:00,Wallet,578.08,USD,Travel Booking,Eastern Europe,CUST-1504,0
2d12898b,2026-09-16 02:56:00,Wallet,752.54,USD,Travel Booking,Eastern Europe,CUST-4279,0
50ef6e61,2026-09-16 02:58:00,Card,206.84,USD,GameStore,North America,CUST-8819,0
fc64fac5,2026-09-16 03:05:00,Wallet,421.27,USD,GameStore,North America,CUST-5826,0
2b096687,2026-09-16 03:08:00,Card,332.39,EUR,Local Coffee Shop,Southern Europe,CUST-2549,0
29124c35,2026-09-16 03:10:00,Card,84.12,USD,Spotify,Eastern Europe,CUST-1189,0
ff7c4371,2026-09-16 03:25:00,ACH,791.5,EUR,Travel Booking,Southern Europe,CUST-4579,0
a5e079ea,2026-09-16 03:34:00,Card,609.42,USD,Spotify,Southern Europe,CUST-6134,0
4262b631,2026-09-16 03:41:00,Wallet,273.47,USD,Uber,Southern Europe,CUST-2406,0
a76634c2,2026-09-16 03:44:00,ACH,481.51,USD,Pharmacy Plus,Southern Europe,CUST-6269,0
11b7aecb,2026-09-16 03:45:00,Wallet,540.1,USD,Pharmacy Plus,Western Europe,CUST-9194,0
d4a32298,2026-09-16 03:46:00,ACH,135.97,EUR,GameStore,Eastern Europe,CUST-7935,0
71bdffd5,2026-09-16 03:52:00,Wallet,39.85,EUR,Fashion Outlet,Northern Europe,CUST-8404,0
50fcac2e,2026-09-16 04:05:00,Wallet,705.93,EUR,Grocery Mart,Northern Europe,CUST-8277,0
47e878e9,2026-09-16 04:10:00,ACH,36.7,USD,Amazon,Northern Europe,CUST-8631,0
d3da425d,2026-09-16 04:11:00,ACH,7.88,USD,Fashion Outlet,Eastern Europe,CUST-9150,0
dc258b81,2026-09-16 04:23:00,Wallet,502.14,USD,Travel Booking,Southern Europe,CUST-4817,0
5b46bdbf,2026-09-16 04:27:00,ACH,106.38,EUR,Grocery Mart,North America,CUST-5842,0
b8bd1623,2026-09-16 04:28:00,ACH,22.67,USD,Local Coffee Shop,Northern Europe,CUST-5433,0
a2cc1d85,2026-09-16 04:30:00,Wallet,751.32,EUR,Local Coffee Shop,Southern Europe,CUST-9525,0
53b2488e,2026-09-16 04:32:00,ACH,280.37,USD,Electronics Hub,Western Europe,CUST-9137,0
d17c7f75,2026-09-16 04:34:00,Card,622.05,EUR,Shopify Store,Northern Europe,CUST-4601,0
f7b077b2,2026-09-16 04:36:00,ACH,392.16,EUR,Pharmacy Plus,Northern Europe,CUST-3245,0
b7efe4e8,2026-09-16 04:38:00,ACH,594.99,USD,Spotify,Northern Europe,CUST-5981,0
44e7c977,2026-09-16 04:42:00,ACH,711.36,EUR,Amazon,North America,CUST-1421,0
fdaed63e,2026-09-16 04:50:00,Wallet,772.71,USD,Electronics Hub,Western Europe,CUST-9063,0
a04332f6,2026-09-16 04:51:00,Wallet,244.18,USD,Travel Booking,North America,CUST-9975,0
187aa551,2026-09-16 04:59:00,ACH,363.02,EUR,Local Coffee Shop,North America,CUST-6587,0
52363316,2026-09-16 05:07:00,Card,588.53,USD,Shopify Store,North America,CUST-8922,0
3f639cd6,2026-09-16 05:12:00,ACH,116.43,USD,Uber,Northern Europe,CUST-1866,0
d0cb5abd,2026-09-16 05:18:00,Card,45.59,USD,Shopify Store,Western Europe,CUST-1880,0
7e3c4184,2026-09-16 05:20:00,Wallet,558.62,USD,Travel Booking,Northern Europe,CUST-4493,0
d8cdfe16,2026-09-16 05:21:00,ACH,163.24,USD,Fashion Outlet,North America,CUST-5973,0
11e645d1,2026-09-16 05:25:00,ACH,375.99,USD,Travel Booking,Southern Europe,CUST-9172,0
c38905e6,2026-09-16 05:28:00,Card,269.64,EUR,Electronics Hub,Southern Europe,CUST-7765,0
64446c1b,2026-09-16 05:30:00,ACH,569.49,EUR,Netflix,Northern Europe,CUST-8444,0
9d254abb,2026-09-16 05:38:00,Wallet,155.4,EUR,Pharmacy Plus,Eastern Europe,CUST-6862,0
4f96b796,2026-09-16 05:41:00,Card,333.38,USD,Spotify,Western Europe,CUST-3634,0
7b8b9341,2026-09-16 05:43:00,Card,643.51,USD,Uber,Western Europe,CUST-1556,0
d6c937fc,2026-09-16 05:46:00,Wallet,717.96,USD,Local Coffee Shop,North America,CUST-4119,0
25de2a52,2026-09-16 05:48:00,ACH,152.18,USD,Netflix,Western Europe,CUST-1150,0
2c8c942f,2026-09-16 05:55:00,Card,701.38,EUR,Travel Booking,Southern Europe,CUST-2183,0
196831b4,2026-09-16 06:07:00,Card,514.05,USD,Shopify Store,North America,CUST-8928,0
e1a76569,2026-09-16 06:20:00,Wallet,102.4,USD,Grocery Mart,Western Europe,CUST-9726,0
32d4f6da,2026-09-16 06:53:00,Card,407.04,EUR,Grocery Mart,North America,CUST-8082,0
428b196f,2026-09-16 06:56:00,Card,710.7,USD,Pharmacy Plus,North America,CUST-4742,0
fd92c830,2026-09-16 07:21:00,Wallet,745.96,EUR,Spotify,Western Europe,CUST-9623,0
10406d58,2026-09-16 07:29:00,Card,206.43,EUR,Grocery Mart,Northern Europe,CUST-2092,0
8e10e88c,2026-09-16 07:30:00,Wallet,484.4,EUR,Local Coffee Shop,Western Europe,CUST-2543,0
e8807b77,2026-09-16 07:45:00,Card,465.26,USD,Pharmacy Plus,Northern Europe,CUST-5274,0
2efcb609,2026-09-16 07:49:00,ACH,364.66,EUR,GameStore,Eastern Europe,CUST-5382,0
90c5d1ac,2026-09-16 07:51:00,Card,748.0,USD,Amazon,Northern Europe,CUST-2183,0
ca2e69b2,2026-09-16 07:52:00,Card,271.4,EUR,Fashion Outlet,Eastern Europe,CUST-3805,0
cd02692e,2026-09-16 08:24:00,ACH,781.84,USD,Uber,Western Europe,CUST-4379,0
98b9fe32,2026-09-16 08:28:00,ACH,23.47,EUR,Electronics Hub,Southern Europe,CUST-6989,0
afcc1ead,2026-09-16 08:38:00,Wallet,640.09,USD,Shopify Store,Southern Europe,CUST-4418,0
1ccc7e12,2026-09-16 08:45:00,ACH,671.69,EUR,Travel Booking,North America,CUST-7487,0
d63b5eaa,2026-09-16 08:53:00,Wallet,443.21,EUR,Fashion Outlet,North America,CUST-5825,0
55d98111,2026-09-16 08:56:00,Card,73.27,USD,Fashion Outlet,North America,CUST-3047,0
f482ab8f,2026-09-16 09:04:00,ACH,361.39,EUR,Uber,North America,CUST-8707,0
fd5d844b,2026-09-16 09:07:00,Wallet,376.93,USD,Electronics Hub,Southern Europe,CUST-6453,0
97974bab,2026-09-16 09:12:00,Card,98.91,EUR,Netflix,Northern Europe,CUST-3220,0
849b31b2,2026-09-16 09:20:00,Card,630.76,USD,Local Coffee Shop,Southern Europe,CUST-8461,0
f76dd528,2026-09-16 09:27:00,Wallet,531.34,EUR,Uber,Western Europe,CUST-6230,0
991f1a50,2026-09-16 09:36:00,Card,772.72,EUR,Netflix,Northern Europe,CUST-5340,0
6c30c92b,2026-09-16 09:37:00,Wallet,83.71,EUR,Pharmacy Plus,Eastern Europe,CUST-1733,0
518a45ab,2026-09-16 09:42:00,ACH,480.45,USD,Travel Booking,Southern Europe,CUST-6368,0
5a222b37,2026-09-16 09:57:00,ACH,37.32,USD,Grocery Mart,Northern Europe,CUST-5022,0
e4010a7c,2026-09-16 09:57:00,Card,704.61,USD,Shopify Store,Eastern Europe,CUST-9912,0
a0d9441b,2026-09-16 10:05:00,Wallet,552.56,EUR,Netflix,Southern Europe,CUST-6670,0
6a5e081b,2026-09-16 10:06:00,ACH,260.41,EUR,Uber,Eastern Europe,CUST-6118,0
9dae7d99,2026-09-16 10:15:00,ACH,480.93,USD,Amazon,Eastern Europe,CUST-5080,0
d0021eab,2026-09-16 10:24:00,ACH,676.51,EUR,Fashion Outlet,North America,CUST-3247,0
f1dd15bb,2026-09-16 10:27:00,Wallet,174.78,USD,Electronics Hub,North America,CUST-6706,0
d85de32e,2026-09-16 10:28:00,ACH,496.22,USD,Shopify Store,North America,CUST-4099,0
dc143b8c,2026-09-16 10:34:00,Card,761.06,USD,Uber,Southern Europe,CUST-7282,0
5f67eb2b,2026-09-16 10:44:00,ACH,517.26,USD,Travel Booking,Western Europe,CUST-1414,0
a28b42b0,2026-09-16 10:45:00,Card,629.42,USD,Electronics Hub,Southern Europe,CUST-6513,0
8b7b816a,2026-09-16 10:49:00,Card,74.73,USD,Grocery Mart,Western Europe,CUST-7944,0
a2c18373,2026-09-16 10:49:00,Wallet,704.47,USD,Local Coffee Shop,Northern Europe,CUST-8835,0
4e4ab654,2026-09-16 10:56:00,Wallet,570.94,EUR,Fashion Outlet,North America,CUST-6753,0
c412980e,2026-09-16 10:57:00,Wallet,443.18,EUR,Local Coffee Shop,Western Europe,CUST-9037,0
00e4fdd2,2026-09-16 11:05:00,ACH,360.74,EUR,Fashion Outlet,North America,CUST-6462,0
7e3f68c4,2026-09-16 11:06:00,ACH,294.47,USD,Uber,Northern Europe,CUST-5890,0
5705cc60,2026-09-16 11:15:00,Card,76.1,USD,Grocery Mart,North America,CUST-2979,0
fa86175f,2026-09-16 11:35:00,Wallet,413.75,USD,Spotify,Southern Europe,CUST-8733,0
44adc5a1,2026-09-16 11:41:00,Wallet,655.24,USD,Local Coffee Shop,Northern Europe,CUST-5307,0
454e69b3,2026-09-16 11:44:00,ACH,637.61,EUR,GameStore,North America,CUST-6944,0
5ec6b4e1,2026-09-16 12:03:00,Card,365.43,USD,Travel Booking,Northern Europe,CUST-3154,0
a9a4f7bb,2026-09-16 12:07:00,Wallet,518.32,EUR,Grocery Mart,Southern Europe,CUST-7389,0
94be8d0d,2026-09-16 12:12:00,Wallet,495.31,EUR,Amazon,Northern Europe,CUST-1465,0
60894fde,2026-09-16 12:16:00,Card,750.88,USD,Electronics Hub,Eastern Europe,CUST-6116,0
19f047ef,2026-09-16 12:32:00,Wallet,712.38,EUR,Netflix,North America,CUST-5211,0
81804609,2026-09-16 12:34:00,Wallet,609.71,USD,Amazon,Western Europe,CUST-6965,0
65f8ac11,2026-09-16 12:38:00,Card,310.77,EUR,Grocery Mart,Eastern Europe,CUST-9499,0
a9ddf73d,2026-09-16 12:39:00,ACH,338.07,USD,Netflix,North America,CUST-6708,0
c028996f,2026-09-16 12:44:00,Wallet,380.83,USD,Fashion Outlet,North America,CUST-2002,0
248566c5,2026-09-16 12:48:00,Card,688.05,EUR,Electronics Hub,Southern Europe,CUST-7318,0
94b2b24f,2026-09-16 12:57:00,Card,667.4,EUR,Shopify Store,Eastern Europe,CUST-4272,0
e76fa971,2026-09-16 13:14:00,Wallet,606.31,EUR,Uber,Eastern Europe,CUST-7248,0
a02a09cf,2026-09-16 13:16:00,Wallet,445.54,EUR,Amazon,Southern Europe,CUST-6101,0
101c1e91,2026-09-16 13:21:00,ACH,629.62,USD,Fashion Outlet,Southern Europe,CUST-7209,0
30135005,2026-09-16 13:23:00,Card,361.95,USD,Travel Booking,Western Europe,CUST-7032,0
f3bbf178,2026-09-16 13:25:00,Card,773.66,USD,Pharmacy Plus,Northern Europe,CUST-1197,0
70ae2c60,2026-09-16 13:27:00,Wallet,149.53,EUR,Uber,Southern Europe,CUST-3824,0
6f09cb33,2026-09-16 13:28:00,Wallet,48.02,USD,Uber,North America,CUST-2600,0
0d7cf53e,2026-09-16 13:29:00,ACH,711.48,USD,Fashion Outlet,Southern Europe,CUST-7489,0
713a9d9c,2026-09-16 13:31:00,ACH,153.78,EUR,Pharmacy Plus,Southern Europe,CUST-4264,0
cde7aca4,2026-09-16 13:36:00,Wallet,752.79,USD,Pharmacy Plus,Northern Europe,CUST-6044,0
504d5e6e,2026-09-16 13:37:00,Wallet,89.26,USD,GameStore,Western Europe,CUST-6076,0
b4bcbf3d,2026-09-16 13:41:00,Card,438.7,USD,Fashion Outlet,Western Europe,CUST-3642,0
7c791f70,2026-09-16 13:43:00,Card,1855.53,USD,Travel Booking,Northern Europe,CUST-4864,1
4c005971,2026-09-16 13:58:00,ACH,753.67,EUR,Spotify,Southern Europe,CUST-6199,0
55a9100c,2026-09-16 13:58:00,Wallet,701.49,USD,Fashion Outlet,North America,CUST-3593,0
7bb55bba,2026-09-16 13:59:00,Wallet,242.3,USD,Travel Booking,Western Europe,CUST-9719,0
25e76d49,2026-09-16 14:11:00,Wallet,627.16,EUR,Shopify Store,Southern Europe,CUST-2275,0
23dbf621,2026-09-16 14:15:00,Card,681.12,EUR,GameStore,Northern Europe,CUST-4915,0
d40b42c2,2026-09-16 14:21:00,ACH,107.66,EUR,Uber,Western Europe,CUST-5360,0
efa964a4,2026-09-16 14:22:00,Wallet,361.21,USD,Amazon,Northern Europe,CUST-5493,0
56876b18,2026-09-16 14:27:00,ACH,446.79,EUR,Netflix,Western Europe,CUST-6698,0
5825e02f,2026-09-16 14:35:00,Card,459.96,USD,Spotify,Western Europe,CUST-9933,0
40edfc49,2026-09-16 14:37:00,Card,597.19,EUR,Shopify Store,Western Europe,CUST-9558,0
55312a0a,2026-09-16 14:38:00,Card,678.77,USD,Fashion Outlet,Southern Europe,CUST-8638,0
4f71815f,2026-09-16 14:41:00,ACH,38.26,EUR,Amazon,Western Europe,CUST-9130,0
a509106b,2026-09-16 14:41:00,Wallet,782.51,EUR,Fashion Outlet,Northern Europe,CUST-3510,0
c334ea9a,2026-09-16 15:01:00,Card,691.96,EUR,Amazon,Northern Europe,CUST-4831,0
b634605b,2026-09-16 15:01:00,Card,627.96,EUR,Grocery Mart,Eastern Europe,CUST-3682,0
0f8c0f34,2026-09-16 15:08:00,Card,331.27,USD,Electronics Hub,Eastern Europe,CUST-3068,0
ad03faec,2026-09-16 15:14:00,ACH,250.87,EUR,Electronics Hub,North America,CUST-1002,0
2b738a2c,2026-09-16 15:16:00,Wallet,612.63,USD,Amazon,Southern Europe,CUST-1095,0
e81cb2a3,2026-09-16 15:19:00,Card,598.21,USD,GameStore,Western Europe,CUST-8506,0
a974bfd3,2026-09-16 15:23:00,Card,568.78,USD,Grocery Mart,Eastern Europe,CUST-4793,0
77958efb,2026-09-16 15:40:00,Card,519.53,USD,Electronics Hub,Southern Europe,CUST-1325,0
1c1505ea,2026-09-16 15:49:00,ACH,628.56,USD,Amazon,Northern Europe,CUST-7225,0
e4ffcd15,2026-09-16 15:55:00,ACH,12.42,EUR,Electronics Hub,Northern Europe,CUST-8433,0
5fbfefb7,2026-09-16 15:56:00,Card,121.11,EUR,Travel Booking,North America,CUST-5938,0
6def64fe,2026-09-16 15:58:00,Card,400.66,EUR,Netflix,Northern Europe,CUST-3777,0
82ee80a1,2026-09-16 16:01:00,Wallet,46.97,USD,GameStore,Northern Europe,CUST-1413,0
3047ad4f,2026-09-16 16:03:00,Wallet,349.15,USD,Netflix,Southern Europe,CUST-7543,0
ba907dca,2026-09-16 16:04:00,Wallet,44.68,EUR,GameStore,North America,CUST-9753,0
ef37fa68,2026-09-16 16:08:00,ACH,334.71,EUR,Shopify Store,Northern Europe,CUST-9745,0
ab636148,2026-09-16 16:09:00,Wallet,165.37,USD,Uber,Western Europe,CUST-7440,0
24d5599c,2026-09-16 16:12:00,Card,88.0,USD,Amazon,Eastern Europe,CUST-5698,0
b6d1391b,2026-09-16 16:23:00,ACH,686.21,USD,Grocery Mart,Northern Europe,CUST-5151,0
ad5d5d42,2026-09-16 16:24:00,Wallet,8.08,USD,Shopify Store,Western Europe,CUST-5166,0
6e2b54c5,2026-09-16 16:38:00,Wallet,673.06,USD,Netflix,Southern Europe,CUST-2695,0
0913b383,2026-09-16 16:42:00,Wallet,548.02,EUR,Fashion Outlet,Southern Europe,CUST-4141,0
cb44b677,2026-09-16 16:56:00,Card,295.02,USD,Grocery Mart,Western Europe,CUST-9164,0
14dc7b1d,2026-09-16 16:57:00,Wallet,251.74,EUR,Local Coffee Shop,North America,CUST-8832,0
4ec1aaa8,2026-09-16 17:03:00,ACH,555.05,USD,Amazon,Northern Europe,CUST-1492,0
59e0bfa7,2026-09-16 17:06:00,Wallet,665.84,USD,Shopify Store,Northern Europe,CUST-7670,0
dd5572b1,2026-09-16 17:07:00,Wallet,710.6,EUR,GameStore,North America,CUST-9341,0
86abfb9a,2026-09-16 17:14:00,Card,728.17,EUR,GameStore,Eastern Europe,CUST-5380,0
3a98f36f,2026-09-16 17:15:00,ACH,752.75,EUR,Uber,Western Europe,CUST-6586,0
a59208a3,2026-09-16 17:20:00,Card,284.44,USD,Local Coffee Shop,Western Europe,CUST-7792,0
804bef72,2026-09-16 17:28:00,ACH,717.31,EUR,Netflix,Northern Europe,CUST-5143,0
f5837071,2026-09-16 17:30:00,Card,331.54,USD,Shopify Store,Western Europe,CUST-6044,0
7d8b6438,2026-09-16 17:34:00,Wallet,192.43,USD,GameStore,Western Europe,CUST-2316,0
70908ac0,2026-09-16 17:37:00,Wallet,168.1,USD,Grocery Mart,Eastern Europe,CUST-8243,0
5745db4d,2026-09-16 17:38:00,ACH,581.83,EUR,Electronics Hub,Western Europe,CUST-5381,0
7ea9566b,2026-09-16 17:38:00,Card,402.05,USD,Spotify,North America,CUST-6545,0
46408c0b,2026-09-16 17:52:00,Card,194.81,EUR,Uber,North America,CUST-2178,0
2fa0dc5b,2026-09-16 17:53:00,ACH,190.71,EUR,Travel Booking,Northern Europe,CUST-1007,0
2ed788cb,2026-09-16 17:54:00,ACH,687.46,EUR,Uber,North America,CUST-5505,0
1305e7a4,2026-09-16 17:55:00,Card,21.78,USD,GameStore,Eastern Europe,CUST-2785,0
acc9289a,2026-09-16 18:06:00,Card,390.72,USD,Spotify,Southern Europe,CUST-5724,0
d59ba62b,2026-09-16 18:11:00,Wallet,518.9,EUR,Travel Booking,Eastern Europe,CUST-1807,0
39ac86cb,2026-09-16 18:16:00,Card,33.84,USD,Electronics Hub,Southern Europe,CUST-3283,0
ceb29492,2026-09-16 18:17:00,Card,133.3,USD,GameStore,North America,CUST-2613,0
01b4d28a,2026-09-16 18:19:00,Card,94.45,EUR,Shopify Store,Northern Europe,CUST-4969,0
a4ba8810,2026-09-16 18:22:00,Card,352.21,EUR,Fashion Outlet,North America,CUST-5747,0
03286952,2026-09-16 18:28:00,ACH,466.35,EUR,Uber,North America,CUST-9408,0
cfb0c415,2026-09-16 18:29:00,Card,489.6,USD,Spotify,Western Europe,CUST-9542,0
9c4301a5,2026-09-16 18:31:00,Card,240.66,EUR,Electronics Hub,Southern Europe,CUST-1895,0
61bd9da2,2026-09-16 18:43:00,ACH,619.18,USD,Grocery Mart,Western Europe,CUST-1013,0
c0b6a7b5,2026-09-16 18:45:00,ACH,544.94,USD,Travel Booking,Eastern Europe,CUST-3722,0
46093d61,2026-09-16 18:46:00,Wallet,464.4,EUR,Pharmacy Plus,Southern Europe,CUST-5971,0
237e3bd1,2026-09-16 18:47:00,Wallet,748.44,USD,Netflix,Southern Europe,CUST-9706,0
dce61d9b,2026-09-16 19:24:00,Card,299.86,EUR,Shopify Store,North America,CUST-4821,0
9a13ca7b,2026-09-16 19:27:00,Wallet,9.66,EUR,Fashion Outlet,Eastern Europe,CUST-9893,0
9129da7e,2026-09-16 19:30:00,Card,244.08,EUR,GameStore,Southern Europe,CUST-2826,0
fa5ef16a,2026-09-16 19:33:00,Wallet,694.95,EUR,Amazon,North America,CUST-8873,0
a8eb1379,2026-09-16 19:39:00,Card,570.5,EUR,Netflix,Northern Europe,CUST-8996,0
a3672789,2026-09-16 19:45:00,Card,483.02,EUR,Electronics Hub,Northern Europe,CUST-4836,0
9b67a4f8,2026-09-16 19:48:00,Wallet,515.35,USD,Fashion Outlet,Western Europe,CUST-7190,0
27447476,2026-09-16 19:50:00,ACH,460.09,USD,Electronics Hub,Western Europe,CUST-9182,0
00667247,2026-09-16 19:59:00,Wallet,383.83,EUR,Netflix,Southern Europe,CUST-7397,0
fafb4261,2026-09-16 20:06:00,Card,757.94,USD,GameStore,Western Europe,CUST-3957,0
f31fa965,2026-09-16 20:13:00,Wallet,214.62,EUR,Fashion Outlet,Northern Europe,CUST-8666,0
986f28f3,2026-09-16 20:13:00,Wallet,67.95,USD,Netflix,Western Europe,CUST-7988,0
f40fd0cc,2026-09-16 20:16:00,Card,592.37,EUR,Travel Booking,North America,CUST-5934,0
af0bd2aa,2026-09-16 20:24:00,Wallet,385.78,USD,Shopify Store,Western Europe,CUST-5637,0
2020b43a,2026-09-16 20:24:00,Wallet,428.01,EUR,Amazon,Northern Europe,CUST-8650,0
1d95a24c,2026-09-16 20:28:00,ACH,664.46,EUR,Grocery Mart,North America,CUST-1575,0
98783580,2026-09-16 20:39:00,Card,47.75,EUR,Shopify Store,Southern Europe,CUST-2207,0
0a3a6f7e,2026-09-16 20:52:00,Card,421.96,EUR,Electronics Hub,Northern Europe,CUST-2386,0
bb40a9bd,2026-09-16 20:55:00,Wallet,619.68,EUR,Travel Booking,Southern Europe,CUST-9154,0
dec5cd2c,2026-09-16 21:02:00,ACH,221.68,USD,Grocery Mart,Northern Europe,CUST-9187,0
5835c345,2026-09-16 21:06:00,ACH,250.27,USD,GameStore,Western Europe,CUST-9357,0
81876129,2026-09-16 21:13:00,ACH,717.6,USD,Amazon,Western Europe,CUST-6287,0
06f1c441,2026-09-16 21:29:00,Wallet,65.53,EUR,Shopify Store,North America,CUST-7511,0
e3a12980,2026-09-16 21:37:00,Wallet,796.09,EUR,Local Coffee Shop,Western Europe,CUST-2753,0
160a907c,2026-09-16 21:37:00,ACH,513.49,EUR,Pharmacy Plus,Northern Europe,CUST-4926,0
cdda9b53,2026-09-16 21:42:00,ACH,732.49,EUR,Uber,Eastern Europe,CUST-9909,0
5aadd42c,2026-09-16 21:55:00,Wallet,696.23,USD,Grocery Mart,Northern Europe,CUST-8594,0
46009a0d,2026-09-16 22:04:00,Wallet,358.66,USD,Pharmacy Plus,Southern Europe,CUST-9291,0
1a1cc6a7,2026-09-16 22:06:00,Wallet,296.54,EUR,Grocery Mart,North America,CUST-5478,0
c69a672a,2026-09-16 22:10:00,ACH,751.86,EUR,Uber,Southern Europe,CUST-6698,0
7d52103e,2026-09-16 22:13:00,ACH,296.94,EUR,Fashion Outlet,Western Europe,CUST-7397,0
b96c269f,2026-09-16 22:14:00,ACH,235.23,EUR,Uber,Eastern Europe,CUST-3698,0
243736ac,2026-09-16 22:15:00,Wallet,243.87,USD,Electronics Hub,Southern Europe,CUST-1205,0
b28e1060,2026-09-16 22:19:00,Wallet,236.76,EUR,Local Coffee Shop,North America,CUST-6956,0
6dd31056,2026-09-16 22:30:00,ACH,26.5,EUR,Amazon,Western Europe,CUST-1730,0
3af75ef5,2026-09-16 22:30:00,Wallet,184.18,USD,Pharmacy Plus,Eastern Europe,CUST-6824,0
f0ead1d8,2026-09-16 22:43:00,ACH,649.55,USD,Local Coffee Shop,North America,CUST-3982,1
1053d4b4,2026-09-16 22:44:00,Wallet,270.27,USD,Grocery Mart,North America,CUST-7756,0
49003789,2026-09-16 22:45:00,Wallet,680.59,USD,Electronics Hub,North America,CUST-9038,0
a08929dc,2026-09-16 22:47:00,Card,562.44,USD,Pharmacy Plus,Southern Europe,CUST-9966,0
3e03f575,2026-09-16 22:49:00,Card,35.8,EUR,Fashion Outlet,Western Europe,CUST-7344,0
d829154a,2026-09-16 22:52:00,Card,604.13,USD,Local Coffee Shop,Northern Europe,CUST-4281,0
5923287e,2026-09-16 22:59:00,ACH,306.08,USD,Pharmacy Plus,Northern Europe,CUST-7019,0
37d14b59,2026-09-16 23:00:00,Wallet,142.83,USD,Uber,Eastern Europe,CUST-6772,0
fcc21b97,2026-09-16 23:03:00,Wallet,607.86,EUR,Uber,Southern Europe,CUST-3761,0
f9657472,2026-09-16 23:12:00,Card,580.72,USD,Amazon,Southern Europe,CUST-3674,0
eb1f6512,2026-09-16 23:24:00,Card,401.3,USD,Fashion Outlet,Western Europe,CUST-6171,0
08944c43,2026-09-16 23:29:00,Card,224.58,EUR,Grocery Mart,Southern Europe,CUST-2735,0
74aa0c1e,2026-09-16 23:31:00,Wallet,240.52,EUR,Spotify,Eastern Europe,CUST-4929,0
03d6b4b8,2026-09-16 23:31:00,Wallet,388.79,EUR,Travel Booking,Western Europe,CUST-4882,0
12704d4b,2026-09-16 23:36:00,Wallet,731.99,EUR,Spotify,Southern Europe,CUST-1535,0
1e2f2663,2026-09-16 23:42:00,Card,157.05,EUR,Pharmacy Plus,Western Europe,CUST-9337,0
602ce7b1,2026-09-16 23:42:00,ACH,349.28,USD,GameStore,Eastern Europe,CUST-4532,0
0ca5e391,2026-09-16 23:43:00,Wallet,788.41,EUR,Grocery Mart,Southern Europe,CUST-2289,0
666f686c,2026-09-16 23:49:00,Wallet,432.83,USD,Travel Booking,Western Europe,CUST-2290,0
20ea1d27,2026-09-16 23:54:00,Card,44.94,EUR,Shopify Store,North America,CUST-3418,0
e3fa0f05,2026-09-17 00:11:00,Wallet,79.54,EUR,Netflix,Northern Europe,CUST-8670,0
d0089a54,2026-09-17 00:14:00,Card,197.82,USD,Electronics Hub,Southern Europe,CUST-8630,0
80d2c924,2026-09-17 00:18:00,Card,275.26,EUR,Grocery Mart,North America,CUST-3889,0
023196da,2026-09-17 00:19:00,Wallet,301.53,USD,Spotify,Western Europe,CUST-4374,0
677ff46b,2026-09-17 00:24:00,ACH,632.45,EUR,Grocery Mart,Eastern Europe,CUST-3709,1
ea1d7237,2026-09-17 00:28:00,Wallet,325.89,USD,Local Coffee Shop,Northern Europe,CUST-8994,0
e42ccea9,2026-09-17 00:32:00,Card,231.18,EUR,Travel Booking,Southern Europe,CUST-2866,0
ef64f8b6,2026-09-17 00:36:00,Card,410.69,EUR,Travel Booking,North America,CUST-2695,0
ff5f5260,2026-09-17 00:47:00,Card,223.37,EUR,Shopify Store,Southern Europe,CUST-2620,0
a5d7cf14,2026-09-17 00:50:00,ACH,123.88,USD,Travel Booking,Western Europe,CUST-1337,0
b4b6bc12,2026-09-17 00:55:00,Card,730.0,USD,Netflix,North America,CUST-3343,0
207e1c4c,2026-09-17 01:15:00,ACH,638.26,USD,Fashion Outlet,North America,CUST-9071,0
f78f5240,2026-09-17 01:19:00,ACH,434.17,USD,Spotify,Western Europe,CUST-7299,0
4440ed64,2026-09-17 01:22:00,ACH,510.83,USD,Pharmacy Plus,Southern Europe,CUST-3811,0
d5a3935f,2026-09-17 01:23:00,ACH,773.67,EUR,Shopify Store,North America,CUST-5721,0
86aec6d1,2026-09-17 01:26:00,Wallet,661.7,USD,GameStore,North America,CUST-9345,0
8b401cb6,2026-09-17 01:28:00,Card,692.26,USD,Travel Booking,Southern Europe,CUST-6547,0
641e448a,2026-09-17 01:36:00,ACH,419.77,EUR,Pharmacy Plus,North America,CUST-5958,0
0fb50e33,2026-09-17 01:42:00,Wallet,501.96,USD,Netflix,Northern Europe,CUST-6886,0
ab62fa0d,2026-09-17 01:43:00,Wallet,637.59,USD,Local Coffee Shop,Southern Europe,CUST-3463,0
67d7a9b9,2026-09-17 01:52:00,Wallet,281.4,USD,Travel Booking,North America,CUST-7775,0
981560ab,2026-09-17 01:59:00,ACH,541.25,USD,Fashion Outlet,Eastern Europe,CUST-9579,0
69f6f96a,2026-09-17 02:11:00,ACH,674.94,USD,Shopify Store,Northern Europe,CUST-7121,0
5bfc4769,2026-09-17 02:18:00,Card,389.11,EUR,GameStore,Northern Europe,CUST-8117,0
f135b233,2026-09-17 02:22:00,Wallet,182.82,EUR,Local Coffee Shop,Eastern Europe,CUST-5350,0
a843b421,2026-09-17 02:24:00,Card,668.07,USD,Travel Booking,Northern Europe,CUST-2869,0
2a870ed5,2026-09-17 02:25:00,Card,333.77,USD,Fashion Outlet,North America,CUST-6597,0
145d0252,2026-09-17 02:44:00,ACH,27.29,USD,Spotify,Eastern Europe,CUST-1584,0
2ed43f34,2026-09-17 02:46:00,Wallet,503.36,USD,Uber,Western Europe,CUST-2122,0
91e3961d,2026-09-17 02:47:00,Wallet,654.07,EUR,Amazon,Western Europe,CUST-6964,0
b5b3111f,2026-09-17 02:48:00,Wallet,279.57,EUR,Grocery Mart,Southern Europe,CUST-6024,0
9c56ceb2,2026-09-17 02:59:00,ACH,336.04,EUR,Netflix,Southern Europe,CUST-4250,0
32db5f03,2026-09-17 02:59:00,Card,782.99,EUR,Grocery Mart,Southern Europe,CUST-3547,0
95dd2841,2026-09-17 02:59:00,Card,29.71,EUR,Local Coffee Shop,Western Europe,CUST-6800,0
d13cb8d1,2026-09-17 03:14:00,ACH,125.58,EUR,Amazon,Northern Europe,CUST-4824,0
078cdf1f,2026-09-17 03:23:00,Wallet,349.78,EUR,Uber,Eastern Europe,CUST-9815,0
c47f0463,2026-09-17 03:26:00,Card,798.37,USD,Grocery Mart,Eastern Europe,CUST-9256,0
86a995ad,2026-09-17 03:27:00,ACH,669.56,USD,GameStore,North America,CUST-7833,0
8965b046,2026-09-17 03:35:00,Card,14.87,USD,Amazon,Southern Europe,CUST-8617,0
b6f761b4,2026-09-17 03:35:00,Card,444.36,USD,Local Coffee Shop,North America,CUST-5501,0
dbe59473,2026-09-17 03:37:00,Wallet,41.63,EUR,Fashion Outlet,Eastern Europe,CUST-3231,0
6caf84bc,2026-09-17 03:43:00,Card,41.65,USD,Netflix,Eastern Europe,CUST-8931,0
395e2e8c,2026-09-17 03:44:00,Card,451.88,EUR,Local Coffee Shop,North America,CUST-6840,0
5b66b83e,2026-09-17 03:50:00,ACH,544.73,EUR,Spotify,North America,CUST-5939,0
57928fbe,2026-09-17 04:01:00,Card,242.35,USD,Uber,Northern Europe,CUST-5979,0
7c82a3f7,2026-09-17 04:09:00,Card,259.84,USD,Pharmacy Plus,North America,CUST-8785,0
70165662,2026-09-17 04:11:00,Card,299.53,EUR,Electronics Hub,Southern Europe,CUST-2122,0
6697f5f0,2026-09-17 04:16:00,ACH,706.22,USD,Uber,Southern Europe,CUST-2102,0
403e3a4b,2026-09-17 04:23:00,Wallet,339.77,EUR,Pharmacy Plus,Eastern Europe,CUST-4493,0
202807fc,2026-09-17 04:28:00,ACH,58.45,USD,GameStore,North America,CUST-5584,0
1330a3ef,2026-09-17 04:29:00,Wallet,570.96,EUR,Uber,Eastern Europe,CUST-5712,0
bee7d1b3,2026-09-17 04:30:00,ACH,73.82,USD,Electronics Hub,Western Europe,CUST-8723,0
f7625a6a,2026-09-17 04:32:00,Card,469.71,EUR,Grocery Mart,Western Europe,CUST-7878,0
7b75f02b,2026-09-17 04:49:00,Card,523.06,USD,Local Coffee Shop,Eastern Europe,CUST-1820,0
9ac49142,2026-09-17 04:50:00,ACH,428.08,USD,Pharmacy Plus,Southern Europe,CUST-9601,0
a8e7d226,2026-09-17 05:00:00,ACH,495.6,EUR,Uber,Eastern Europe,CUST-6242,0
6ee5b1c3,2026-09-17 05:01:00,ACH,202.67,EUR,Spotify,Northern Europe,CUST-1729,0
50408ece,2026-09-17 05:05:00,ACH,210.59,EUR,Amazon,North America,CUST-9927,0
e2ec5bdc,2026-09-17 05:08:00,Card,68.08,EUR,Uber,Eastern Europe,CUST-6992,0
f75722d7,2026-09-17 05:12:00,Wallet,80.35,USD,Local Coffee Shop,Northern Europe,CUST-8347,0
da703ebe,2026-09-17 05:15:00,Card,468.12,USD,Fashion Outlet,Southern Europe,CUST-9962,0
3d8f444b,2026-09-17 05:15:00,Card,137.35,USD,Grocery Mart,Western Europe,CUST-4387,0
2421bf1b,2026-09-17 05:15:00,ACH,283.84,USD,Fashion Outlet,Eastern Europe,CUST-7083,0
49250892,2026-09-17 05:25:00,Wallet,688.52,USD,Netflix,Eastern Europe,CUST-3450,0
0843cbd5,2026-09-17 05:42:00,Wallet,137.62,USD,Electronics Hub,North America,CUST-2054,0
d8f7a377,2026-09-17 05:48:00,Card,752.18,EUR,Travel Booking,North America,CUST-4273,0
8a5c17cd,2026-09-17 05:54:00,ACH,39.96,USD,GameStore,North America,CUST-2181,0
1792d121,2026-09-17 05:57:00,ACH,729.61,EUR,Grocery Mart,Eastern Europe,CUST-9688,0
0a712498,2026-09-17 06:06:00,Wallet,724.61,USD,Uber,Northern Europe,CUST-1880,0
bb8051cb,2026-09-17 06:07:00,ACH,167.16,EUR,Spotify,Western Europe,CUST-7023,0
ac92af61,2026-09-17 06:09:00,Wallet,288.48,EUR,Fashion Outlet,Northern Europe,CUST-4159,0
98d22216,2026-09-17 06:10:00,Wallet,244.06,EUR,Electronics Hub,Eastern Europe,CUST-4563,0
07442f0a,2026-09-17 06:19:00,Card,626.95,USD,Electronics Hub,Northern Europe,CUST-2562,0
93d805d3,2026-09-17 06:22:00,Card,357.13,USD,Netflix,North America,CUST-9850,0
85497f87,2026-09-17 06:28:00,Wallet,7.8,USD,Shopify Store,Western Europe,CUST-1996,0
c251cded,2026-09-17 06:29:00,Wallet,90.24,EUR,Travel Booking,Southern Europe,CUST-5657,0
f912f3ca,2026-09-17 06:29:00,ACH,408.96,USD,Uber,Eastern Europe,CUST-9711,0
2bb90b3f,2026-09-17 06:38:00,ACH,374.33,USD,Uber,Northern Europe,CUST-3124,0
fd670bcc,2026-09-17 06:39:00,Wallet,649.3,EUR,Electronics Hub,Eastern Europe,CUST-9256,0
6590c789,2026-09-17 06:44:00,Card,797.93,USD,Shopify Store,North America,CUST-8635,0
3fd78797,2026-09-17 06:44:00,Wallet,784.03,USD,Shopify Store,North America,CUST-6383,0
6867b088,2026-09-17 06:47:00,Card,482.83,USD,Spotify,Western Europe,CUST-3558,0
928397f5,2026-09-17 06:57:00,ACH,557.46,EUR,Shopify Store,Northern Europe,CUST-7661,0
a1a46787,2026-09-17 07:05:00,Card,594.59,USD,Travel Booking,Eastern Europe,CUST-6180,0
4262ad0b,2026-09-17 07:09:00,Card,568.95,EUR,GameStore,Eastern Europe,CUST-1877,0
5507a1d8,2026-09-17 07:15:00,ACH,493.01,EUR,Shopify Store,Northern Europe,CUST-1009,0
a7973cda,2026-09-17 07:25:00,Wallet,612.88,USD,Fashion Outlet,Western Europe,CUST-2768,0
5690a186,2026-09-17 07:31:00,Wallet,590.29,USD,Uber,Western Europe,CUST-1978,0
58d159b9,2026-09-17 07:32:00,ACH,613.49,USD,Electronics Hub,Northern Europe,CUST-2685,0
3c7a9c4b,2026-09-17 07:49:00,Card,525.86,USD,Electronics Hub,Northern Europe,CUST-7356,0
819398ba,2026-09-17 07:53:00,Card,295.58,EUR,GameStore,North America,CUST-9336,0
7970701b,2026-09-17 08:09:00,ACH,148.79,EUR,Electronics Hub,Northern Europe,CUST-9589,0
11efd6a2,2026-09-17 08:13:00,ACH,408.94,EUR,Grocery Mart,Western Europe,CUST-9426,0
6e83fa10,2026-09-17 08:18:00,Wallet,395.63,USD,Fashion Outlet,North America,CUST-5540,0
74f0c2b8,2026-09-17 08:21:00,Wallet,534.21,USD,Travel Booking,Northern Europe,CUST-6057,0
1826ed9b,2026-09-17 08:22:00,Card,278.31,EUR,Local Coffee Shop,Western Europe,CUST-3192,0
84ebbcae,2026-09-17 08:41:00,Wallet,239.03,EUR,Shopify Store,Eastern Europe,CUST-2420,0
f2222a41,2026-09-17 09:07:00,Card,397.58,USD,Uber,Eastern Europe,CUST-7116,0
2f233e89,2026-09-17 09:13:00,Card,154.4,EUR,Local Coffee Shop,Northern Europe,CUST-5063,0
adc2757a,2026-09-17 09:16:00,Wallet,709.31,USD,Amazon,Southern Europe,CUST-8697,0
97c9668f,2026-09-17 09:39:00,ACH,586.88,USD,Amazon,Eastern Europe,CUST-1000,0
22e93fbd,2026-09-17 09:53:00,Card,741.44,USD,GameStore,Southern Europe,CUST-8371,0
bdd9a756,2026-09-17 10:10:00,Wallet,106.81,USD,Fashion Outlet,Western Europe,CUST-3480,0
f95f26e7,2026-09-17 10:11:00,Wallet,274.58,USD,Uber,Southern Europe,CUST-7878,0
bddb51d6,2026-09-17 10:16:00,ACH,191.59,EUR,Spotify,Western Europe,CUST-7348,0
6d90c959,2026-09-17 10:20:00,Wallet,383.12,EUR,Electronics Hub,Southern Europe,CUST-8950,0
91c380ac,2026-09-17 10:31:00,Wallet,695.49,USD,Spotify,Southern Europe,CUST-3292,0
99db27eb,2026-09-17 10:34:00,ACH,436.89,EUR,Fashion Outlet,Northern Europe,CUST-7070,0
7395d0c7,2026-09-17 10:41:00,Card,789.77,EUR,Uber,Northern Europe,CUST-6349,0
7c5c0c49,2026-09-17 10:41:00,Wallet,42.55,USD,Electronics Hub,Eastern Europe,CUST-9985,0
954fee4d,2026-09-17 10:52:00,Wallet,537.88,USD,Uber,Eastern Europe,CUST-1301,0
437e5b8f,2026-09-17 11:00:00,Wallet,738.66,USD,Uber,North America,CUST-5787,0
0aa2efa4,2026-09-17 11:06:00,Card,241.86,USD,Fashion Outlet,North America,CUST-3223,0
9b30da71,2026-09-17 11:10:00,ACH,568.9,EUR,GameStore,Eastern Europe,CUST-3393,0
2f20fd7a,2026-09-17 11:12:00,Card,445.94,EUR,Shopify Store,North America,CUST-2687,0
9864cdcb,2026-09-17 11:12:00,Card,531.59,USD,Uber,Western Europe,CUST-3461,0
dbf19b04,2026-09-17 11:14:00,Card,74.52,EUR,Grocery Mart,North America,CUST-9912,0
3ef6a17a,2026-09-17 11:15:00,Card,725.19,EUR,Grocery Mart,Northern Europe,CUST-3843,0
24d8e962,2026-09-17 11:19:00,ACH,383.63,EUR,Shopify Store,Northern Europe,CUST-5336,0
8bfe51ac,2026-09-17 11:31:00,Wallet,642.63,EUR,GameStore,Northern Europe,CUST-6785,0
25c115df,2026-09-17 11:41:00,Card,431.93,USD,Travel Booking,Southern Europe,CUST-8166,0
18893e44,2026-09-17 11:49:00,ACH,379.56,EUR,GameStore,Western Europe,CUST-8627,0
cabda765,2026-09-17 11:51:00,Card,548.08,USD,Electronics Hub,Northern Europe,CUST-4681,0
ff31e9e5,2026-09-17 12:01:00,Card,256.17,USD,Amazon,Western Europe,CUST-9808,0
b9e16ba4,2026-09-17 12:04:00,Wallet,495.1,EUR,Amazon,Eastern Europe,CUST-4083,0
4e3a00d7,2026-09-17 12:11:00,ACH,653.66,USD,Uber,North America,CUST-3510,0
25495b45,2026-09-17 12:14:00,ACH,562.07,EUR,Local Coffee Shop,North America,CUST-7212,0
9f40bff3,2026-09-17 12:19:00,Card,45.25,EUR,Uber,Southern Europe,CUST-7120,0
a0a95c76,2026-09-17 12:23:00,Card,111.56,USD,Netflix,North America,CUST-1092,0
5e5a572a,2026-09-17 12:28:00,Card,142.41,EUR,Fashion Outlet,Eastern Europe,CUST-6845,0
10b39c1f,2026-09-17 12:30:00,Wallet,638.05,USD,Grocery Mart,Northern Europe,CUST-1249,0
974e7626,2026-09-17 12:31:00,Card,279.81,USD,Fashion Outlet,Eastern Europe,CUST-9866,0
0530ebb9,2026-09-17 12:35:00,Wallet,525.38,EUR,Fashion Outlet,North America,CUST-4383,0
934ccc62,2026-09-17 12:35:00,Card,135.71,USD,GameStore,Northern Europe,CUST-9494,0
fef161ed,2026-09-17 12:39:00,Card,127.72,EUR,Fashion Outlet,Southern Europe,CUST-1886,0
358dc098,2026-09-17 12:44:00,Wallet,1920.27,EUR,Grocery Mart,Northern Europe,CUST-9345,1
fbf20277,2026-09-17 12:56:00,Wallet,363.04,EUR,Amazon,Northern Europe,CUST-9765,0
d3e683d7,2026-09-17 13:27:00,Wallet,315.53,USD,Fashion Outlet,Western Europe,CUST-3339,0
e55effc7,2026-09-17 13:38:00,Wallet,588.31,USD,Travel Booking,North America,CUST-3185,0
5ce15420,2026-09-17 13:42:00,Card,572.87,USD,Amazon,Eastern Europe,CUST-3479,0
06978f0a,2026-09-17 13:44:00,Wallet,47.51,USD,Uber,Southern Europe,CUST-3792,0
cf86170c,2026-09-17 13:45:00,Wallet,1968.89,USD,Pharmacy Plus,Eastern Europe,CUST-5121,1
c764cc5d,2026-09-17 13:46:00,Wallet,715.52,USD,Travel Booking,Western Europe,CUST-1225,0
c5c870fc,2026-09-17 14:00:00,ACH,336.68,USD,Travel Booking,Northern Europe,CUST-5473,0
7623adeb,2026-09-17 14:07:00,ACH,688.26,EUR,Shopify Store,Northern Europe,CUST-6380,0
f6466023,2026-09-17 14:21:00,ACH,616.12,USD,Pharmacy Plus,North America,CUST-6268,0
162f9f97,2026-09-17 14:26:00,Wallet,566.37,USD,GameStore,Southern Europe,CUST-4212,0
e89a5398,2026-09-17 14:33:00,Card,616.84,EUR,Grocery Mart,Eastern Europe,CUST-4249,0
a32dec5c,2026-09-17 14:43:00,ACH,17.71,USD,Amazon,Eastern Europe,CUST-8973,0
64b57347,2026-09-17 14:52:00,ACH,495.56,EUR,Shopify Store,Western Europe,CUST-9305,0
2f4c7823,2026-09-17 15:01:00,Wallet,575.52,USD,Travel Booking,Northern Europe,CUST-3221,0
25c5372e,2026-09-17 15:08:00,ACH,586.83,EUR,Uber,Northern Europe,CUST-7102,0
a5a31508,2026-09-17 15:08:00,Wallet,45.89,USD,Grocery Mart,North America,CUST-2962,0
880e5a24,2026-09-17 15:11:00,ACH,526.01,EUR,Grocery Mart,North America,CUST-5124,0
bc0f57c7,2026-09-17 15:15:00,Wallet,745.73,USD,Shopify Store,Western Europe,CUST-5961,0
5c4f0bbc,2026-09-17 15:16:00,Card,434.26,EUR,Local Coffee Shop,Western Europe,CUST-5978,0
ead741ea,2026-09-17 15:19:00,Card,80.24,EUR,Spotify,North America,CUST-9971,0
66b750af,2026-09-17 15:24:00,Card,391.46,EUR,Spotify,Southern Europe,CUST-3627,0
0a663be0,2026-09-17 15:29:00,ACH,790.62,USD,Grocery Mart,Eastern Europe,CUST-1362,0
ab196683,2026-09-17 15:47:00,Card,623.12,EUR,Pharmacy Plus,Western Europe,CUST-7836,0
bac4d771,2026-09-17 15:57:00,Wallet,291.72,EUR,Pharmacy Plus,Northern Europe,CUST-6636,0
ca032ace,2026-09-17 16:04:00,Card,557.83,USD,Electronics Hub,Northern Europe,CUST-3311,0
9c9ca9f0,2026-09-17 16:09:00,Card,185.92,USD,Electronics Hub,Southern Europe,CUST-5691,0
f9eaea0d,2026-09-17 16:25:00,Wallet,712.51,USD,Pharmacy Plus,North America,CUST-6586,0
29d849fe,2026-09-17 16:25:00,Card,331.2,EUR,Shopify Store,Western Europe,CUST-2986,0
3a179da8,2026-09-17 16:26:00,ACH,501.42,USD,GameStore,North America,CUST-9964,0
f763d1e3,2026-09-17 16:26:00,Wallet,131.44,USD,Shopify Store,North America,CUST-2295,0
5ae26858,2026-09-17 16:28:00,Card,145.78,EUR,Netflix,Southern Europe,CUST-7144,0
df48fdad,2026-09-17 16:50:00,Wallet,497.05,EUR,Electronics Hub,North America,CUST-4766,0
c78aa0e1,2026-09-17 17:04:00,Card,72.01,USD,Pharmacy Plus,Southern Europe,CUST-3239,0
0933bb94,2026-09-17 17:06:00,Wallet,512.81,USD,Travel Booking,Eastern Europe,CUST-4719,0
e6d5157b,2026-09-17 17:07:00,Card,979.92,EUR,Uber,Southern Europe,CUST-8269,1
87150157,2026-09-17 17:09:00,ACH,129.0,USD,Pharmacy Plus,North America,CUST-3831,0
4ae3c8cb,2026-09-17 17:11:00,Wallet,84.25,EUR,Local Coffee Shop,Western Europe,CUST-3468,0
47e4f54a,2026-09-17 17:14:00,Card,311.59,USD,Spotify,Southern Europe,CUST-8472,0
1b93ad97,2026-09-17 17:15:00,ACH,627.75,USD,Fashion Outlet,Northern Europe,CUST-8634,0
58fbd091,2026-09-17 17:28:00,ACH,282.61,USD,Electronics Hub,North America,CUST-3342,0
eaa3ceab,2026-09-17 17:38:00,Wallet,98.4,USD,Pharmacy Plus,Southern Europe,CUST-1640,0
ff088544,2026-09-17 17:56:00,Card,177.27,EUR,Netflix,Southern Europe,CUST-2215,0
90b3524d,2026-09-17 17:58:00,Wallet,430.71,USD,Local Coffee Shop,Southern Europe,CUST-8585,0
e845658e,2026-09-17 18:01:00,ACH,270.37,USD,Netflix,Western Europe,CUST-3244,0
4a5359b6,2026-09-17 18:01:00,ACH,787.33,USD,Grocery Mart,North America,CUST-6936,0
9199a0d9,2026-09-17 18:23:00,Card,690.94,EUR,Spotify,Northern Europe,CUST-8117,0
bde76548,2026-09-17 18:26:00,Wallet,301.0,USD,Amazon,Eastern Europe,CUST-3870,0
2c117318,2026-09-17 18:26:00,Wallet,490.35,USD,Shopify Store,Eastern Europe,CUST-9935,0
a9811748,2026-09-17 18:34:00,ACH,24.92,EUR,Shopify Store,Northern Europe,CUST-6190,0
39f4b3b2,2026-09-17 18:35:00,Card,249.82,USD,GameStore,Eastern Europe,CUST-7381,0
156f5eaf,2026-09-17 18:38:00,Card,601.0,EUR,Pharmacy Plus,Eastern Europe,CUST-3355,0
63b99ac0,2026-09-17 18:51:00,ACH,518.61,USD,Amazon,Western Europe,CUST-6798,0
925a9d68,2026-09-17 18:53:00,Wallet,200.51,EUR,Local Coffee Shop,Southern Europe,CUST-9887,0
9f537056,2026-09-17 18:54:00,Wallet,440.93,USD,Uber,Northern Europe,CUST-8210,0
adbfd2a4,2026-09-17 19:16:00,Wallet,491.79,USD,Electronics Hub,North America,CUST-2306,0
5fe8e8c2,2026-09-17 19:18:00,ACH,348.66,EUR,Netflix,Northern Europe,CUST-5073,0
58705479,2026-09-17 19:21:00,ACH,64.38,USD,Travel Booking,Northern Europe,CUST-1861,0
6f8b7fd5,2026-09-17 19:25:00,ACH,17.44,USD,GameStore,North America,CUST-5747,0
5c7510ea,2026-09-17 19:37:00,ACH,544.19,EUR,Fashion Outlet,North America,CUST-7755,0
72482603,2026-09-17 19:38:00,ACH,161.18,USD,Grocery Mart,North America,CUST-4571,0
66e44c53,2026-09-17 19:40:00,Wallet,332.98,EUR,Local Coffee Shop,Western Europe,CUST-6642,0
97782ceb,2026-09-17 19:41:00,Card,26.93,EUR,Shopify Store,Eastern Europe,CUST-4130,0
18930a94,2026-09-17 19:44:00,ACH,167.95,USD,Electronics Hub,Southern Europe,CUST-5596,0
378b2136,2026-09-17 19:50:00,Wallet,158.98,EUR,Spotify,Northern Europe,CUST-7846,0
58277e03,2026-09-17 19:53:00,ACH,582.68,EUR,Electronics Hub,Eastern Europe,CUST-9456,0
ddcff78c,2026-09-17 19:57:00,Card,37.8,USD,Spotify,North America,CUST-2127,0
91ccf5c9,2026-09-17 19:57:00,Card,313.65,USD,Netflix,Western Europe,CUST-3334,0
9aad538b,2026-09-17 20:04:00,ACH,281.03,EUR,Amazon,Western Europe,CUST-6713,0
91dc5e9c,2026-09-17 20:12:00,Wallet,469.46,EUR,Amazon,Eastern Europe,CUST-8718,0
58d75bc4,2026-09-17 20:16:00,Card,623.16,USD,Amazon,Western Europe,CUST-6830,0
c02e42a7,2026-09-17 20:20:00,Card,727.13,USD,Spotify,Southern Europe,CUST-7101,0
4202a3cb,2026-09-17 20:27:00,Wallet,636.0,EUR,GameStore,Southern Europe,CUST-6524,0
4704d1e9,2026-09-17 20:35:00,Card,679.08,EUR,Electronics Hub,North America,CUST-9212,0
975504af,2026-09-17 20:38:00,Card,643.87,EUR,Shopify Store,North America,CUST-9186,0
7119ce4e,2026-09-17 20:41:00,ACH,449.89,EUR,Grocery Mart,Southern Europe,CUST-9266,0
427a6a6d,2026-09-17 20:42:00,Card,654.31,EUR,GameStore,Eastern Europe,CUST-7874,0
e3f2e206,2026-09-17 20:44:00,Card,683.22,EUR,Fashion Outlet,North America,CUST-4125,0
c523324b,2026-09-17 20:56:00,Card,480.73,USD,Pharmacy Plus,Eastern Europe,CUST-1762,0
6b508160,2026-09-17 21:06:00,Wallet,736.74,USD,Fashion Outlet,North America,CUST-1906,0
4f5d019e,2026-09-17 21:11:00,Card,533.27,USD,Electronics Hub,Southern Europe,CUST-9101,0
f3be7cc1,2026-09-17 21:12:00,Wallet,257.8,USD,Grocery Mart,Northern Europe,CUST-9976,0
59404fe9,2026-09-17 21:17:00,ACH,34.34,EUR,Netflix,Eastern Europe,CUST-1754,0
2ff9d193,2026-09-17 21:17:00,ACH,616.39,USD,Pharmacy Plus,Eastern Europe,CUST-9357,0
3ca207dd,2026-09-17 21:20:00,Wallet,497.28,USD,Local Coffee Shop,Northern Europe,CUST-6231,0
6dcbcd8c,2026-09-17 21:30:00,ACH,78.91,EUR,Pharmacy Plus,Eastern Europe,CUST-1511,0
5603518f,2026-09-17 21:33:00,Wallet,512.73,EUR,Travel Booking,Northern Europe,CUST-5876,0
5eda2027,2026-09-17 21:42:00,ACH,484.67,USD,Uber,Western Europe,CUST-9967,0
fe5436a4,2026-09-17 21:44:00,Wallet,352.91,USD,Travel Booking,Eastern Europe,CUST-8267,0
63322778,2026-09-17 21:45:00,ACH,483.42,EUR,Local Coffee Shop,Northern Europe,CUST-6432,0
66ebe59c,2026-09-17 21:45:00,Wallet,717.06,USD,Grocery Mart,Eastern Europe,CUST-9802,0
bdba27f4,2026-09-17 21:54:00,Card,115.81,EUR,Local Coffee Shop,Western Europe,CUST-9006,0
b37d921c,2026-09-17 22:12:00,Card,69.88,USD,Pharmacy Plus,Eastern Europe,CUST-8101,0
9edb23b4,2026-09-17 22:25:00,Wallet,50.43,USD,Travel Booking,Northern Europe,CUST-8208,0
5e2c5c10,2026-09-17 22:29:00,Wallet,205.78,USD,Travel Booking,Eastern Europe,CUST-6769,0
cfe07eca,2026-09-17 22:35:00,ACH,141.53,USD,Fashion Outlet,North America,CUST-1097,0
57e26550,2026-09-17 22:35:00,ACH,384.53,EUR,Electronics Hub,Southern Europe,CUST-2668,0
7269aab6,2026-09-17 22:40:00,Wallet,460.98,USD,GameStore,Western Europe,CUST-2725,0
9fda0d4c,2026-09-17 22:50:00,Card,737.77,USD,Grocery Mart,Eastern Europe,CUST-1569,0
dac20042,2026-09-17 22:55:00,Card,635.47,USD,Pharmacy Plus,Eastern Europe,CUST-1111,0
8b819750,2026-09-17 23:00:00,ACH,540.43,USD,Grocery Mart,Northern Europe,CUST-5033,0
11999698,2026-09-17 23:16:00,ACH,18.55,EUR,Shopify Store,Northern Europe,CUST-8929,0
e22117bb,2026-09-17 23:16:00,ACH,344.41,USD,Uber,Southern Europe,CUST-3428,0
7762bab1,2026-09-17 23:16:00,Wallet,132.95,EUR,Fashion Outlet,Southern Europe,CUST-9409,0
51df7e54,2026-09-17 23:27:00,ACH,678.07,USD,Amazon,Southern Europe,CUST-8462,0
74f8078a,2026-09-17 23:28:00,Wallet,83.33,USD,Pharmacy Plus,Western Europe,CUST-5949,0
e6bc8021,2026-09-17 23:38:00,ACH,750.76,USD,Travel Booking,Western Europe,CUST-2363,0
27007fdc,2026-09-17 23:52:00,Card,605.05,EUR,Travel Booking,Western Europe,CUST-9881,0
36c3e5f5,2026-09-17 23:55:00,Wallet,227.11,EUR,Shopify Store,Northern Europe,CUST-8814,0
917b51ca,2026-09-18 00:01:00,Card,337.18,EUR,Grocery Mart,North America,CUST-6667,0
4f03d230,2026-09-18 00:04:00,Wallet,795.67,EUR,Local Coffee Shop,North America,CUST-7346,0
03a99065,2026-09-18 00:14:00,Wallet,398.94,USD,Netflix,Northern Europe,CUST-9513,0
0210ffde,2026-09-18 00:25:00,Card,363.39,EUR,Fashion Outlet,North America,CUST-9814,0
543d3916,2026-09-18 00:30:00,Card,512.05,EUR,GameStore,Northern Europe,CUST-9470,0
f7fbeb9f,2026-09-18 00:45:00,ACH,549.6,USD,GameStore,Western Europe,CUST-2001,0
858f802b,2026-09-18 00:45:00,Card,260.18,EUR,Amazon,Eastern Europe,CUST-1723,0
285b1b17,2026-09-18 00:49:00,ACH,235.47,USD,Travel Booking,Western Europe,CUST-7102,0
34916743,2026-09-18 00:49:00,ACH,646.96,USD,Local Coffee Shop,Western Europe,CUST-9531,0
7dcbdd35,2026-09-18 00:54:00,Card,235.25,EUR,Grocery Mart,Western Europe,CUST-6721,0
c4040313,2026-09-18 00:55:00,ACH,682.89,EUR,Spotify,North America,CUST-7436,0
9d28e307,2026-09-18 01:03:00,Wallet,508.61,EUR,Amazon,North America,CUST-9117,0
f3913cf4,2026-09-18 01:04:00,ACH,564.71,EUR,Netflix,Western Europe,CUST-9818,0
c3037d4a,2026-09-18 01:09:00,ACH,337.93,EUR,Local Coffee Shop,North America,CUST-3901,0
a4160239,2026-09-18 01:10:00,ACH,748.41,EUR,Spotify,Southern Europe,CUST-2163,0
c131efa5,2026-09-18 01:13:00,Card,355.05,EUR,Shopify Store,Western Europe,CUST-3847,0
f11b2996,2026-09-18 01:17:00,Wallet,482.54,USD,Travel Booking,Northern Europe,CUST-3528,0
79c899e7,2026-09-18 01:19:00,Card,134.49,USD,Uber,North America,CUST-9873,0
2340b42d,2026-09-18 01:23:00,Card,334.37,EUR,Fashion Outlet,North America,CUST-6187,0
aba14e4b,2026-09-18 01:24:00,ACH,632.59,EUR,Spotify,Eastern Europe,CUST-2862,0
791875ec,2026-09-18 01:38:00,Wallet,100.08,USD,Shopify Store,Eastern Europe,CUST-9402,0
93dea8a5,2026-09-18 01:40:00,Wallet,216.54,EUR,Amazon,Eastern Europe,CUST-1303,0
d8b427af,2026-09-18 01:40:00,Card,337.64,EUR,Spotify,Western Europe,CUST-9906,0
145e0a96,2026-09-18 01:44:00,ACH,619.83,USD,Spotify,Southern Europe,CUST-6025,0
7df61098,2026-09-18 01:47:00,Wallet,215.3,EUR,Spotify,Western Europe,CUST-1053,0
0310fdfa,2026-09-18 01:47:00,Wallet,341.23,USD,Uber,Southern Europe,CUST-8264,0
e25c07b8,2026-09-18 02:04:00,ACH,702.49,USD,Fashion Outlet,Northern Europe,CUST-4341,0
6548ea06,2026-09-18 02:04:00,Card,607.34,USD,Spotify,North America,CUST-5243,0
2e28b9b0,2026-09-18 02:10:00,Card,471.53,EUR,Travel Booking,North America,CUST-8979,0
b4b646a5,2026-09-18 02:12:00,ACH,251.12,USD,Spotify,Western Europe,CUST-4225,0
04dc5fa8,2026-09-18 02:14:00,ACH,733.67,EUR,Shopify Store,North America,CUST-4181,0
8f6cc42b,2026-09-18 02:20:00,Card,466.82,EUR,Grocery Mart,Southern Europe,CUST-2127,0
178d1dfa,2026-09-18 02:23:00,Card,729.76,EUR,Grocery Mart,Northern Europe,CUST-5106,0
30960c34,2026-09-18 02:34:00,Card,522.15,USD,Pharmacy Plus,Southern Europe,CUST-6315,0
271fb948,2026-09-18 02:36:00,Card,363.77,USD,Local Coffee Shop,Eastern Europe,CUST-9630,0
8b8d3059,2026-09-18 02:56:00,ACH,71.83,USD,Amazon,Eastern Europe,CUST-9296,0
20fbaef0,2026-09-18 02:58:00,ACH,5.94,USD,Electronics Hub,Western Europe,CUST-1403,0
b397348b,2026-09-18 02:58:00,ACH,11.84,USD,GameStore,Southern Europe,CUST-1200,0
59f72354,2026-09-18 02:58:00,Wallet,254.26,EUR,Electronics Hub,North America,CUST-7123,0
362a219b,2026-09-18 02:59:00,Card,796.34,USD,Spotify,Western Europe,CUST-3294,0
f586c18b,2026-09-18 02:59:00,Card,567.72,USD,Fashion Outlet,Northern Europe,CUST-7161,0
03f5ed4e,2026-09-18 03:20:00,ACH,594.47,EUR,Pharmacy Plus,Southern Europe,CUST-3647,0
817abb5c,2026-09-18 03:21:00,Card,658.45,EUR,Grocery Mart,Eastern Europe,CUST-2289,0
1a3da587,2026-09-18 03:24:00,Wallet,308.13,EUR,Travel Booking,Northern Europe,CUST-7533,0
ebf142b4,2026-09-18 03:30:00,Wallet,88.44,EUR,Grocery Mart,Northern Europe,CUST-1970,0
329dc0ab,2026-09-18 03:31:00,Card,311.56,USD,Electronics Hub,Eastern Europe,CUST-6270,0
0a3a207f,2026-09-18 03:53:00,Card,315.54,USD,Uber,North America,CUST-6488,0
733bf57e,2026-09-18 03:53:00,Wallet,797.01,EUR,Spotify,Western Europe,CUST-8028,0
4f91ae66,2026-09-18 03:53:00,Card,633.64,EUR,Pharmacy Plus,North America,CUST-8524,0
eb7f4adc,2026-09-18 04:31:00,ACH,572.09,USD,GameStore,Southern Europe,CUST-2783,0
233b3f78,2026-09-18 04:32:00,ACH,344.98,EUR,Fashion Outlet,Southern Europe,CUST-4953,0
a3de6984,2026-09-18 04:38:00,Wallet,377.28,USD,GameStore,North America,CUST-9552,0
78d2a8e4,2026-09-18 04:43:00,Wallet,406.15,EUR,Spotify,Northern Europe,CUST-7854,0
a3b201c2,2026-09-18 04:44:00,ACH,773.74,USD,Netflix,Western Europe,CUST-2408,0
d22e76b1,2026-09-18 04:46:00,ACH,15.09,EUR,Grocery Mart,Southern Europe,CUST-1334,0
5c66a00e,2026-09-18 04:49:00,Wallet,83.42,EUR,Shopify Store,Southern Europe,CUST-4110,0
0259dd90,2026-09-18 04:49:00,ACH,22.97,USD,Netflix,Northern Europe,CUST-1899,0
b7dcefc1,2026-09-18 04:49:00,Card,568.64,USD,Pharmacy Plus,Northern Europe,CUST-4612,0
ad370a68,2026-09-18 04:50:00,Wallet,446.76,USD,Netflix,Southern Europe,CUST-6923,0
66e6cfc7,2026-09-18 05:12:00,Wallet,531.7,EUR,Pharmacy Plus,Eastern Europe,CUST-2557,0
06b08054,2026-09-18 05:15:00,Wallet,443.78,EUR,Amazon,Eastern Europe,CUST-7115,0
cac68667,2026-09-18 05:15:00,Wallet,265.48,USD,Netflix,Eastern Europe,CUST-9052,0
30fb54a1,2026-09-18 05:16:00,ACH,461.8,EUR,Pharmacy Plus,Northern Europe,CUST-8352,0
283ac4f5,2026-09-18 05:17:00,ACH,34.4,USD,Fashion Outlet,Southern Europe,CUST-4454,0
3d21787f,2026-09-18 05:17:00,Card,732.31,USD,GameStore,Western Europe,CUST-8255,0
f0e1e099,2026-09-18 05:18:00,ACH,269.22,EUR,Grocery Mart,Eastern Europe,CUST-2360,0
d9c2de73,2026-09-18 05:18:00,Card,382.28,EUR,Electronics Hub,Western Europe,CUST-9495,0
04bed371,2026-09-18 05:28:00,ACH,711.91,USD,Grocery Mart,Northern Europe,CUST-3237,0
0a6897b5,2026-09-18 05:46:00,Card,211.71,EUR,Grocery Mart,Western Europe,CUST-9734,0
3529ac22,2026-09-18 05:53:00,Card,196.1,EUR,Travel Booking,Northern Europe,CUST-5354,0
2903b520,2026-09-18 05:57:00,ACH,158.55,EUR,Pharmacy Plus,Eastern Europe,CUST-1120,0
88642999,2026-09-18 06:04:00,Card,186.23,USD,Grocery Mart,Southern Europe,CUST-2127,0
2247f3b6,2026-09-18 06:07:00,Wallet,151.32,EUR,Electronics Hub,Northern Europe,CUST-3706,0
e700a3db,2026-09-18 06:14:00,ACH,225.23,EUR,Electronics Hub,Northern Europe,CUST-8903,0
133ffdd9,2026-09-18 06:16:00,ACH,737.5,EUR,GameStore,Western Europe,CUST-9177,0
43160560,2026-09-18 06:22:00,Card,279.3,USD,Travel Booking,Northern Europe,CUST-2907,0
4b6c095e,2026-09-18 06:28:00,Wallet,243.9,USD,Electronics Hub,North America,CUST-3338,0
1fabcb3f,2026-09-18 06:43:00,ACH,34.09,EUR,Pharmacy Plus,Eastern Europe,CUST-1619,0
f1b25734,2026-09-18 06:52:00,ACH,756.77,USD,Amazon,North America,CUST-5672,0
0570b7de,2026-09-18 06:59:00,Card,470.08,EUR,Travel Booking,Southern Europe,CUST-9727,0
fe15b861,2026-09-18 07:17:00,Wallet,600.36,USD,Spotify,Southern Europe,CUST-6308,0
73662f8d,2026-09-18 07:21:00,Card,63.93,EUR,Netflix,North America,CUST-1093,0
e0d27549,2026-09-18 07:26:00,ACH,576.73,USD,Fashion Outlet,North America,CUST-5749,0
a3d60df6,2026-09-18 07:31:00,Card,63.85,EUR,Grocery Mart,Eastern Europe,CUST-7083,0
1874e6de,2026-09-18 07:32:00,Card,17.75,USD,Spotify,Eastern Europe,CUST-4225,0
1b618b71,2026-09-18 07:35:00,Wallet,323.4,EUR,Fashion Outlet,Eastern Europe,CUST-6479,0
51019101,2026-09-18 07:55:00,Wallet,719.52,USD,Amazon,Western Europe,CUST-2888,0
6a22335f,2026-09-18 08:02:00,Card,93.85,EUR,Spotify,Eastern Europe,CUST-7391,0
e88bcddd,2026-09-18 08:04:00,Wallet,311.82,EUR,Pharmacy Plus,Southern Europe,CUST-6991,0
ee260919,2026-09-18 08:09:00,Wallet,266.04,EUR,Travel Booking,Southern Europe,CUST-6981,0
af4a9516,2026-09-18 08:14:00,ACH,232.77,USD,Pharmacy Plus,Southern Europe,CUST-2687,0
77976502,2026-09-18 08:16:00,ACH,480.57,USD,Shopify Store,Northern Europe,CUST-2128,0
a0bf3a47,2026-09-18 08:20:00,ACH,412.96,USD,Travel Booking,North America,CUST-5718,0
c74d94ab,2026-09-18 08:28:00,Wallet,101.28,EUR,Pharmacy Plus,North America,CUST-7616,0
2f002a9b,2026-09-18 08:28:00,Wallet,476.73,EUR,Electronics Hub,Eastern Europe,CUST-6615,0
898b45f4,2026-09-18 08:36:00,Wallet,97.01,EUR,Shopify Store,Eastern Europe,CUST-9142,0
12cbb1dd,2026-09-18 08:45:00,Wallet,659.26,EUR,Local Coffee Shop,Northern Europe,CUST-1109,0
9138f4c4,2026-09-18 08:45:00,ACH,158.2,EUR,Fashion Outlet,Western Europe,CUST-5281,0
db80edc6,2026-09-18 08:51:00,ACH,779.1,EUR,Amazon,North America,CUST-9961,0
c9d2baa6,2026-09-18 09:08:00,ACH,168.01,EUR,GameStore,Eastern Europe,CUST-6911,0
8a4edf17,2026-09-18 09:09:00,Wallet,551.53,USD,Travel Booking,Southern Europe,CUST-6612,0
b659267e,2026-09-18 09:13:00,Wallet,649.92,EUR,Amazon,Northern Europe,CUST-6633,0
47142508,2026-09-18 09:19:00,ACH,285.71,EUR,Netflix,Southern Europe,CUST-1545,0
0b45e05a,2026-09-18 09:22:00,Card,692.5,EUR,Pharmacy Plus,Southern Europe,CUST-3325,0
311fef47,2026-09-18 09:28:00,ACH,608.19,EUR,Spotify,Eastern Europe,CUST-4959,0
982e1812,2026-09-18 09:37:00,Card,174.26,EUR,Grocery Mart,North America,CUST-7467,0
2f62652d,2026-09-18 09:39:00,Wallet,264.49,USD,Uber,Southern Europe,CUST-2410,0
4f45ec01,2026-09-18 09:42:00,Wallet,726.96,USD,Electronics Hub,Northern Europe,CUST-6307,0
07a65e3e,2026-09-18 09:45:00,Card,564.01,USD,Electronics Hub,North America,CUST-1900,0
21b6ff63,2026-09-18 09:47:00,Wallet,715.95,EUR,Spotify,Northern Europe,CUST-2091,0
7bcf9beb,2026-09-18 09:48:00,Wallet,145.19,USD,GameStore,Eastern Europe,CUST-1322,0
957289ee,2026-09-18 09:49:00,Card,725.6,EUR,GameStore,Northern Europe,CUST-7358,0
3597fbb7,2026-09-18 09:49:00,Card,22.7,USD,Grocery Mart,North America,CUST-4342,0
cb0b1d76,2026-09-18 10:00:00,Card,311.79,EUR,Uber,Southern Europe,CUST-6932,0
2a7e1406,2026-09-18 10:06:00,Card,544.47,EUR,Electronics Hub,Northern Europe,CUST-7089,0
1ebbfc43,2026-09-18 10:19:00,ACH,99.96,USD,Pharmacy Plus,Eastern Europe,CUST-1219,0
94e68bf8,2026-09-18 10:39:00,ACH,36.63,USD,Spotify,North America,CUST-1811,0
aa057a98,2026-09-18 10:44:00,Card,119.75,USD,Travel Booking,North America,CUST-5657,0
e152c325,2026-09-18 10:44:00,ACH,104.57,EUR,Grocery Mart,North America,CUST-9473,0
b41216ed,2026-09-18 10:46:00,Wallet,93.88,USD,Amazon,Southern Europe,CUST-2281,0
16657a7b,2026-09-18 10:47:00,Wallet,101.08,EUR,Netflix,Western Europe,CUST-6159,0
ff2e5c1d,2026-09-18 10:55:00,Card,495.79,EUR,Shopify Store,Western Europe,CUST-9918,0
3858ea75,2026-09-18 11:15:00,Card,695.95,EUR,Netflix,North America,CUST-4232,0
fef7644e,2026-09-18 11:18:00,ACH,553.99,USD,Uber,Southern Europe,CUST-1654,0
965d48eb,2026-09-18 11:21:00,Wallet,673.01,EUR,Fashion Outlet,Northern Europe,CUST-3141,0
db54d863,2026-09-18 11:30:00,Wallet,88.87,EUR,Fashion Outlet,North America,CUST-7899,0
8a6b9380,2026-09-18 11:33:00,Wallet,783.64,EUR,Travel Booking,Eastern Europe,CUST-5091,0
748c4007,2026-09-18 11:37:00,ACH,651.75,USD,Grocery Mart,Eastern Europe,CUST-9031,0
5d8d8e7f,2026-09-18 11:41:00,Card,136.27,EUR,Electronics Hub,Eastern Europe,CUST-7385,0
74596e93,2026-09-18 11:47:00,ACH,608.84,USD,Shopify Store,Northern Europe,CUST-9705,0
1b1e3179,2026-09-18 11:48:00,Card,720.96,USD,Netflix,North America,CUST-1437,0
4d8438c8,2026-09-18 11:54:00,Card,380.49,USD,GameStore,Western Europe,CUST-4779,0
a347d48f,2026-09-18 12:12:00,Wallet,181.94,USD,Local Coffee Shop,Eastern Europe,CUST-5195,0
9582c35f,2026-09-18 12:12:00,Wallet,514.29,USD,Spotify,Eastern Europe,CUST-1265,0
42324aab,2026-09-18 12:25:00,ACH,308.51,USD,Shopify Store,North America,CUST-3856,0
9bb0c4d3,2026-09-18 12:26:00,Card,65.15,USD,Shopify Store,Southern Europe,CUST-9409,0
7c185451,2026-09-18 12:32:00,ACH,140.16,USD,GameStore,Western Europe,CUST-9637,0
accc4c20,2026-09-18 12:37:00,Card,341.63,EUR,Pharmacy Plus,North America,CUST-8550,0
9a05fb2c,2026-09-18 12:38:00,Wallet,413.56,EUR,GameStore,Eastern Europe,CUST-6616,0
c495e07a,2026-09-18 12:42:00,ACH,632.93,USD,Netflix,North America,CUST-9060,0
3e99faf6,2026-09-18 12:43:00,Wallet,694.6,USD,Netflix,Northern Europe,CUST-7018,0
3f476fd7,2026-09-18 12:56:00,Wallet,140.5,USD,Pharmacy Plus,Southern Europe,CUST-8857,0
c2932d65,2026-09-18 13:01:00,Wallet,428.87,EUR,Travel Booking,North America,CUST-2938,0
0705afcd,2026-09-18 13:16:00,ACH,257.45,EUR,GameStore,North America,CUST-3658,0
2210c435,2026-09-18 13:22:00,Wallet,615.67,EUR,Uber,Eastern Europe,CUST-1479,0
8e0e92c3,2026-09-18 13:26:00,Wallet,417.28,EUR,Travel Booking,Eastern Europe,CUST-6217,0
193ab0f5,2026-09-18 13:27:00,Wallet,459.46,USD,Pharmacy Plus,Eastern Europe,CUST-4475,0
01a7ed5a,2026-09-18 13:31:00,Wallet,764.01,EUR,Uber,Northern Europe,CUST-9148,0
6d15df7f,2026-09-18 13:31:00,Card,500.94,EUR,Amazon,Northern Europe,CUST-4950,0
bcdecec7,2026-09-18 13:36:00,Wallet,596.65,EUR,Local Coffee Shop,Southern Europe,CUST-5614,0
b14dc09a,2026-09-18 13:38:00,Wallet,140.94,EUR,Shopify Store,North America,CUST-6360,0
817297ff,2026-09-18 13:41:00,Card,130.15,USD,Spotify,Eastern Europe,CUST-5741,0
8fb748c5,2026-09-18 13:42:00,Card,661.23,EUR,Netflix,Eastern Europe,CUST-7697,0
bf199f30,2026-09-18 14:04:00,ACH,704.05,USD,Shopify Store,North America,CUST-3950,0
6ada746d,2026-09-18 14:10:00,Wallet,705.79,USD,Shopify Store,Western Europe,CUST-2693,0
e0be8b44,2026-09-18 14:20:00,Card,647.88,EUR,Local Coffee Shop,North America,CUST-3630,0
efc1bc56,2026-09-18 14:22:00,ACH,192.89,EUR,Pharmacy Plus,Western Europe,CUST-4964,0
81889845,2026-09-18 14:25:00,ACH,158.47,EUR,Shopify Store,Western Europe,CUST-8634,0
96601cca,2026-09-18 14:34:00,ACH,446.04,USD,Pharmacy Plus,Northern Europe,CUST-2566,0
7d538093,2026-09-18 14:47:00,Wallet,392.96,EUR,Local Coffee Shop,Western Europe,CUST-5595,0
3abbf2f3,2026-09-18 14:51:00,Wallet,325.23,EUR,Local Coffee Shop,North America,CUST-9719,0
cf93189b,2026-09-18 15:00:00,Wallet,557.54,EUR,GameStore,Northern Europe,CUST-1393,0
29d17867,2026-09-18 15:17:00,Wallet,381.37,EUR,Fashion Outlet,North America,CUST-1934,0
2f55ab0b,2026-09-18 15:19:00,ACH,276.49,EUR,Grocery Mart,Western Europe,CUST-6537,0
23300589,2026-09-18 15:20:00,Card,25.63,EUR,Electronics Hub,Eastern Europe,CUST-8752,0
5ebdbc88,2026-09-18 15:21:00,ACH,573.13,USD,Fashion Outlet,Western Europe,CUST-9135,0
a1d5079b,2026-09-18 15:26:00,ACH,734.17,USD,Shopify Store,Eastern Europe,CUST-8835,0
3e212fa7,2026-09-18 15:26:00,ACH,405.45,USD,Amazon,Southern Europe,CUST-4608,0
49a576b4,2026-09-18 15:33:00,Wallet,509.55,EUR,Grocery Mart,Eastern Europe,CUST-2849,0
4eee929f,2026-09-18 15:38:00,Card,714.91,USD,Pharmacy Plus,North America,CUST-7301,0
c26fd2b2,2026-09-18 15:40:00,Card,505.49,USD,Electronics Hub,Western Europe,CUST-6015,0
63832e1c,2026-09-18 15:42:00,ACH,748.31,EUR,Travel Booking,North America,CUST-1115,0
630559ee,2026-09-18 16:02:00,Wallet,229.25,EUR,Grocery Mart,Eastern Europe,CUST-8882,0
37326938,2026-09-18 16:12:00,Card,218.3,EUR,Fashion Outlet,Western Europe,CUST-2947,0
877b4057,2026-09-18 16:14:00,Wallet,696.57,USD,Uber,Western Europe,CUST-3100,0
cb4c1102,2026-09-18 16:16:00,Card,762.23,USD,Local Coffee Shop,Eastern Europe,CUST-2922,0
eaac3abb,2026-09-18 16:17:00,Wallet,260.4,USD,Shopify Store,Western Europe,CUST-4721,0
8fece388,2026-09-18 16:17:00,Card,763.0,USD,Fashion Outlet,Eastern Europe,CUST-8643,0
b549a69d,2026-09-18 16:17:00,Card,777.37,USD,Fashion Outlet,Southern Europe,CUST-5992,0
af333b70,2026-09-18 16:19:00,ACH,414.93,USD,Grocery Mart,Eastern Europe,CUST-7753,0
72397214,2026-09-18 16:22:00,Wallet,334.04,EUR,Uber,Eastern Europe,CUST-9318,0
724822b3,2026-09-18 16:22:00,ACH,764.78,EUR,Local Coffee Shop,Western Europe,CUST-6351,0
c7a31a8f,2026-09-18 16:24:00,Wallet,125.94,EUR,Spotify,Western Europe,CUST-2863,0
389c9c2e,2026-09-18 16:26:00,ACH,547.44,EUR,Amazon,Western Europe,CUST-5731,0
cbb98b3e,2026-09-18 16:29:00,ACH,680.12,USD,Shopify Store,Northern Europe,CUST-8542,1
00c537f2,2026-09-18 16:38:00,Wallet,138.78,USD,Local Coffee Shop,Western Europe,CUST-2166,0
9045b7af,2026-09-18 16:39:00,Card,57.63,EUR,Uber,Western Europe,CUST-1598,0
c19dfb3a,2026-09-18 16:48:00,Wallet,20.39,USD,Amazon,Northern Europe,CUST-5026,0
69684819,2026-09-18 16:51:00,Wallet,299.04,EUR,Travel Booking,Southern Europe,CUST-3543,0
b5ffec1d,2026-09-18 17:03:00,Wallet,396.96,EUR,Travel Booking,Eastern Europe,CUST-5611,0
ca9b4177,2026-09-18 17:11:00,Card,358.31,USD,Local Coffee Shop,Eastern Europe,CUST-5362,0
047e8c44,2026-09-18 17:24:00,Card,21.78,USD,GameStore,North America,CUST-9227,0
79d51ddb,2026-09-18 17:30:00,ACH,645.38,EUR,Uber,Eastern Europe,CUST-4461,0
0bf19ed9,2026-09-18 17:58:00,ACH,272.81,USD,Uber,North America,CUST-8887,0
350165d3,2026-09-18 18:18:00,Card,166.69,USD,Netflix,Western Europe,CUST-3697,0
27df8da7,2026-09-18 18:20:00,ACH,440.79,EUR,Fashion Outlet,Eastern Europe,CUST-5546,0
3e3cf45f,2026-09-18 18:27:00,Wallet,378.38,EUR,Travel Booking,Southern Europe,CUST-3162,0
f986ebe4,2026-09-18 18:37:00,ACH,519.62,USD,Uber,Eastern Europe,CUST-2538,0
05e9f615,2026-09-18 18:41:00,Card,690.04,EUR,Grocery Mart,Eastern Europe,CUST-8823,0
506f0e86,2026-09-18 18:55:00,Wallet,181.12,USD,Electronics Hub,Western Europe,CUST-5246,0
d795fd64,2026-09-18 18:55:00,ACH,72.67,EUR,Amazon,North America,CUST-7046,0
57684941,2026-09-18 18:57:00,Wallet,562.59,EUR,Electronics Hub,North America,CUST-6988,0
b4fe5626,2026-09-18 19:18:00,Wallet,548.11,USD,Grocery Mart,Southern Europe,CUST-7104,0
2496964e,2026-09-18 19:23:00,Card,103.12,EUR,Local Coffee Shop,Northern Europe,CUST-9191,0
2195b7d6,2026-09-18 19:23:00,ACH,758.49,USD,Uber,Southern Europe,CUST-9154,0
799588f6,2026-09-18 19:33:00,ACH,26.96,EUR,Travel Booking,Southern Europe,CUST-5861,0
0db5626a,2026-09-18 19:36:00,Wallet,506.0,EUR,Grocery Mart,Southern Europe,CUST-2439,0
662d56e5,2026-09-18 19:43:00,Card,367.63,EUR,Grocery Mart,Western Europe,CUST-8280,0
4e49a6f7,2026-09-18 19:47:00,Card,402.15,EUR,Netflix,Southern Europe,CUST-3767,0
cf3769a5,2026-09-18 20:02:00,Wallet,569.85,USD,Local Coffee Shop,Eastern Europe,CUST-3426,0
88c2b9c7,2026-09-18 20:02:00,Card,209.53,EUR,Pharmacy Plus,Western Europe,CUST-2575,0
15d6be41,2026-09-18 20:08:00,Card,128.84,EUR,Local Coffee Shop,Eastern Europe,CUST-1743,0
b80bb90c,2026-09-18 20:09:00,Card,244.95,USD,Amazon,Eastern Europe,CUST-5573,0
801b6bcd,2026-09-18 20:09:00,Card,583.82,EUR,Uber,North America,CUST-7063,0
7cb2f365,2026-09-18 20:09:00,Card,354.09,EUR,Electronics Hub,Western Europe,CUST-5640,0
9c94739c,2026-09-18 20:11:00,ACH,683.13,USD,Travel Booking,Western Europe,CUST-5185,0
f1a0fdac,2026-09-18 20:28:00,Card,716.75,EUR,Electronics Hub,North America,CUST-7820,0
9cf6f287,2026-09-18 20:30:00,ACH,105.19,EUR,Uber,Southern Europe,CUST-8612,0
86930645,2026-09-18 20:30:00,Card,554.92,USD,Travel Booking,North America,CUST-1406,0
4830962f,2026-09-18 20:33:00,Card,200.34,USD,Spotify,Northern Europe,CUST-2856,0
7b3d3b3f,2026-09-18 20:42:00,Card,759.31,USD,Grocery Mart,Eastern Europe,CUST-3892,0
09950ef4,2026-09-18 20:50:00,Card,33.23,USD,Grocery Mart,Northern Europe,CUST-2262,0
139f1acd,2026-09-18 20:50:00,Card,567.33,USD,Shopify Store,Northern Europe,CUST-9487,0
a46d29f0,2026-09-18 20:53:00,Card,665.01,EUR,GameStore,Northern Europe,CUST-3522,0
851e9590,2026-09-18 20:58:00,Wallet,702.09,EUR,Local Coffee Shop,Southern Europe,CUST-2179,0
4010f9c4,2026-09-18 20:58:00,ACH,580.25,USD,Pharmacy Plus,Southern Europe,CUST-8031,0
a19b492e,2026-09-18 21:08:00,Card,750.74,EUR,Pharmacy Plus,Northern Europe,CUST-3809,0
63cb38df,2026-09-18 21:10:00,Wallet,168.17,USD,Grocery Mart,Western Europe,CUST-7036,0
32370d80,2026-09-18 21:12:00,ACH,141.91,EUR,Uber,Eastern Europe,CUST-3348,0
7e8a90c3,2026-09-18 21:13:00,ACH,123.83,USD,Shopify Store,Southern Europe,CUST-8499,0
f78a7df4,2026-09-18 21:18:00,Card,727.18,EUR,Pharmacy Plus,North America,CUST-4180,0
defd5277,2026-09-18 21:24:00,Card,247.96,EUR,Electronics Hub,Eastern Europe,CUST-1980,0
ffb5ead4,2026-09-18 21:28:00,Wallet,81.08,USD,GameStore,Northern Europe,CUST-6604,0
183fe711,2026-09-18 21:40:00,Wallet,86.33,USD,Spotify,Western Europe,CUST-6416,0
4a822dc8,2026-09-18 21:45:00,Wallet,670.72,USD,Shopify Store,Northern Europe,CUST-3931,0
e565de16,2026-09-18 21:55:00,Wallet,600.55,EUR,Uber,Eastern Europe,CUST-1932,0
241ecb02,2026-09-18 21:59:00,ACH,324.03,EUR,Travel Booking,Southern Europe,CUST-5664,0
b12faefd,2026-09-18 22:00:00,ACH,741.74,USD,Local Coffee Shop,Northern Europe,CUST-4645,0
1f60285d,2026-09-18 22:05:00,ACH,463.45,EUR,Fashion Outlet,Southern Europe,CUST-9086,0
ecb7af7c,2026-09-18 22:07:00,Wallet,367.79,USD,Spotify,Southern Europe,CUST-1090,0
346af5ee,2026-09-18 22:08:00,ACH,260.23,EUR,Shopify Store,Eastern Europe,CUST-1986,0
8d924209,2026-09-18 22:25:00,ACH,2245.59,EUR,Uber,Eastern Europe,CUST-8824,1
5dd71b27,2026-09-18 22:26:00,Card,537.58,USD,Grocery Mart,North America,CUST-8682,0
05ff3469,2026-09-18 22:29:00,Card,517.4,EUR,Travel Booking,Southern Europe,CUST-5359,0
4094aa96,2026-09-18 22:31:00,ACH,638.36,USD,Shopify Store,Northern Europe,CUST-1316,0
5a600b0c,2026-09-18 22:33:00,ACH,1833.24,USD,GameStore,Southern Europe,CUST-1476,1
6f0bcb20,2026-09-18 22:46:00,Wallet,56.91,EUR,Fashion Outlet,Southern Europe,CUST-3517,0
a6019ba4,2026-09-18 23:00:00,Wallet,45.76,EUR,Uber,North America,CUST-2721,0
cd425507,2026-09-18 23:03:00,Card,499.98,USD,Netflix,Southern Europe,CUST-9730,0
46d23feb,2026-09-18 23:15:00,ACH,76.99,USD,GameStore,North America,CUST-8830,0
485c697b,2026-09-18 23:21:00,Wallet,205.97,EUR,Spotify,Northern Europe,CUST-6382,0
bf7b76f3,2026-09-18 23:23:00,Wallet,764.55,USD,Uber,Northern Europe,CUST-1925,0
5ab8cbd5,2026-09-18 23:26:00,Card,479.31,USD,GameStore,Northern Europe,CUST-9170,0
b21aacfe,2026-09-18 23:29:00,Wallet,626.76,USD,Netflix,Eastern Europe,CUST-4733,0
94aaff53,2026-09-18 23:35:00,Wallet,663.49,EUR,Amazon,Northern Europe,CUST-8362,0
8dcf3584,2026-09-18 23:39:00,ACH,462.54,EUR,Pharmacy Plus,Western Europe,CUST-7303,0
3ed156d0,2026-09-19 00:06:00,Wallet,698.95,EUR,Netflix,North America,CUST-2644,0
d314131b,2026-09-19 00:09:00,Wallet,462.32,EUR,Travel Booking,Northern Europe,CUST-7231,0
2774ca35,2026-09-19 00:14:00,ACH,797.51,USD,Grocery Mart,North America,CUST-2670,0
eeecf7cf,2026-09-19 00:14:00,ACH,670.37,USD,Fashion Outlet,Northern Europe,CUST-5675,0
2d71a8ff,2026-09-19 00:18:00,Card,149.8,USD,Travel Booking,Western Europe,CUST-7361,0
93648836,2026-09-19 00:32:00,ACH,77.97,EUR,Grocery Mart,Northern Europe,CUST-8444,0
37015d74,2026-09-19 00:48:00,Wallet,485.2,EUR,GameStore,Western Europe,CUST-6002,0
8b8ba05a,2026-09-19 00:49:00,Wallet,521.31,EUR,Spotify,Southern Europe,CUST-1018,0
4ed4b83a,2026-09-19 00:51:00,Card,9.1,USD,Amazon,North America,CUST-8242,0
0dcb425d,2026-09-19 01:00:00,Wallet,398.91,EUR,Local Coffee Shop,Southern Europe,CUST-2858,0
ff566629,2026-09-19 01:03:00,ACH,168.23,EUR,Local Coffee Shop,Southern Europe,CUST-8523,0
08cc0da6,2026-09-19 01:18:00,ACH,89.22,USD,Electronics Hub,Eastern Europe,CUST-2397,0
7c01214f,2026-09-19 01:24:00,Card,450.5,EUR,Local Coffee Shop,Northern Europe,CUST-1020,0
fbed4b43,2026-09-19 01:28:00,Wallet,771.65,EUR,Netflix,Western Europe,CUST-3222,0
b2697e70,2026-09-19 01:31:00,Card,2077.83,USD,Electronics Hub,Northern Europe,CUST-9597,1
6d465d16,2026-09-19 01:34:00,Wallet,474.3,EUR,Grocery Mart,Eastern Europe,CUST-7569,0
8a3bf54f,2026-09-19 01:34:00,ACH,93.83,USD,Local Coffee Shop,Southern Europe,CUST-3527,0
a31031e7,2026-09-19 01:38:00,Card,620.4,USD,Fashion Outlet,Western Europe,CUST-3829,0
7eca760c,2026-09-19 01:40:00,Card,30.29,EUR,Travel Booking,North America,CUST-5313,0
4ead86b1,2026-09-19 01:41:00,Card,664.61,EUR,Electronics Hub,Eastern Europe,CUST-8463,0
46774019,2026-09-19 01:44:00,Card,290.6,EUR,Amazon,Southern Europe,CUST-4372,0
04816e45,2026-09-19 01:58:00,Card,756.75,USD,GameStore,Eastern Europe,CUST-5411,0
ea393da0,2026-09-19 02:04:00,Wallet,510.23,EUR,Local Coffee Shop,Eastern Europe,CUST-5967,0
0ef8df38,2026-09-19 02:10:00,Wallet,474.64,EUR,Spotify,Southern Europe,CUST-5232,0
9fc48251,2026-09-19 02:16:00,Wallet,284.13,USD,Electronics Hub,Western Europe,CUST-3370,0
8bf0bd70,2026-09-19 02:18:00,ACH,501.24,EUR,Grocery Mart,Southern Europe,CUST-3254,0
62835894,2026-09-19 02:27:00,Wallet,660.25,USD,Netflix,Southern Europe,CUST-6833,0
23b8ecc2,2026-09-19 02:55:00,ACH,494.62,EUR,Electronics Hub,North America,CUST-1984,0
24cb78fd,2026-09-19 02:57:00,ACH,454.41,USD,Grocery Mart,Western Europe,CUST-8266,0
19e9b4d8,2026-09-19 03:05:00,ACH,232.27,EUR,Travel Booking,North America,CUST-6054,0
03632dc8,2026-09-19 03:09:00,ACH,141.0,EUR,GameStore,North America,CUST-4651,0
591f8d24,2026-09-19 03:12:00,Card,122.13,USD,Uber,Eastern Europe,CUST-1170,0
2c8e240d,2026-09-19 03:12:00,Card,366.83,EUR,Amazon,Western Europe,CUST-2962,0
fc4fa6d1,2026-09-19 03:13:00,Card,298.83,EUR,Netflix,Northern Europe,CUST-8111,0
7ca157af,2026-09-19 03:26:00,ACH,290.49,USD,Netflix,North America,CUST-2452,0
516c7aa9,2026-09-19 03:26:00,Wallet,767.37,USD,Local Coffee Shop,Northern Europe,CUST-1088,0
cef83f50,2026-09-19 03:33:00,Wallet,593.57,USD,Netflix,Eastern Europe,CUST-1269,0
08bcfe73,2026-09-19 03:36:00,Card,289.73,EUR,Travel Booking,North America,CUST-9716,0
766a716f,2026-09-19 03:51:00,ACH,213.69,EUR,Pharmacy Plus,Eastern Europe,CUST-3045,0
0685a815,2026-09-19 03:55:00,ACH,266.18,USD,Local Coffee Shop,North America,CUST-1534,0
2f789f2f,2026-09-19 04:00:00,ACH,375.77,EUR,Fashion Outlet,North America,CUST-5156,0
f5e5d151,2026-09-19 04:11:00,Card,606.47,USD,Uber,Northern Europe,CUST-4565,0
a64e2898,2026-09-19 04:31:00,Card,689.8,EUR,Pharmacy Plus,Northern Europe,CUST-8507,0
9cea8db8,2026-09-19 04:35:00,Wallet,169.5,USD,Netflix,Northern Europe,CUST-1685,0
c08bf8b4,2026-09-19 04:56:00,Card,431.14,EUR,Electronics Hub,Eastern Europe,CUST-4583,0
428eb221,2026-09-19 05:06:00,Wallet,26.63,USD,GameStore,Northern Europe,CUST-6164,0
f8ae6764,2026-09-19 05:08:00,ACH,474.22,USD,Fashion Outlet,Northern Europe,CUST-4388,0
dbb72fad,2026-09-19 05:15:00,ACH,652.55,USD,Pharmacy Plus,Western Europe,CUST-9246,0
145679ae,2026-09-19 05:19:00,ACH,651.65,USD,Pharmacy Plus,Western Europe,CUST-4693,0
0df32ff4,2026-09-19 05:31:00,Wallet,747.81,USD,Netflix,Eastern Europe,CUST-7079,0
60f64d49,2026-09-19 06:06:00,ACH,403.35,USD,Travel Booking,Western Europe,CUST-7876,0
1d91cfee,2026-09-19 06:11:00,Card,304.72,USD,Uber,Southern Europe,CUST-6112,0
fa4e1c07,2026-09-19 06:21:00,Wallet,46.59,EUR,Fashion Outlet,North America,CUST-4092,0
7b637b67,2026-09-19 06:28:00,ACH,268.74,USD,Local Coffee Shop,Southern Europe,CUST-1021,0
1b608b1f,2026-09-19 06:42:00,Card,436.79,USD,Uber,Eastern Europe,CUST-6976,0
551130f8,2026-09-19 06:44:00,Wallet,374.13,EUR,Spotify,Eastern Europe,CUST-1096,0
da510073,2026-09-19 06:49:00,Card,60.03,USD,Netflix,Western Europe,CUST-3827,0
f9979954,2026-09-19 06:50:00,Wallet,475.66,USD,Uber,Northern Europe,CUST-3260,1
7f287bdb,2026-09-19 06:55:00,Card,210.59,USD,Shopify Store,Northern Europe,CUST-1592,0
db7aad5b,2026-09-19 07:00:00,Wallet,451.41,USD,Spotify,Eastern Europe,CUST-1777,0
23abc6c3,2026-09-19 07:02:00,Card,394.54,USD,Travel Booking,Southern Europe,CUST-3029,0
d09a15a3,2026-09-19 07:07:00,ACH,432.17,USD,Electronics Hub,Western Europe,CUST-4283,0
8e07261a,2026-09-19 07:18:00,Wallet,416.3,USD,Netflix,Eastern Europe,CUST-6741,0
f4d630fb,2026-09-19 07:24:00,ACH,577.29,EUR,GameStore,Northern Europe,CUST-6095,0
fde0d99e,2026-09-19 07:27:00,ACH,758.06,EUR,Travel Booking,Eastern Europe,CUST-5112,0
d1a1b33b,2026-09-19 07:31:00,Wallet,432.12,EUR,Fashion Outlet,Northern Europe,CUST-6098,0
da434b7b,2026-09-19 07:57:00,ACH,491.61,EUR,Uber,Southern Europe,CUST-9934,0
a4acf4db,2026-09-19 07:57:00,Card,796.6,USD,Uber,Southern Europe,CUST-1423,0
6079171a,2026-09-19 08:10:00,ACH,122.98,EUR,Spotify,North America,CUST-8142,0
0fbdab13,2026-09-19 08:17:00,Wallet,548.52,EUR,Fashion Outlet,Eastern Europe,CUST-7080,0
2593b682,2026-09-19 08:18:00,Card,8.12,EUR,Netflix,North America,CUST-7007,0
e7dd481a,2026-09-19 08:19:00,Card,293.38,USD,Travel Booking,Southern Europe,CUST-9500,0
23d34ad3,2026-09-19 08:21:00,Card,129.82,EUR,Grocery Mart,North America,CUST-4251,0
eab74159,2026-09-19 08:36:00,Card,538.5,USD,GameStore,Northern Europe,CUST-8635,0
06ca8633,2026-09-19 08:40:00,ACH,398.1,USD,Shopify Store,Southern Europe,CUST-6843,0
7bd02700,2026-09-19 08:42:00,ACH,131.95,EUR,Amazon,Southern Europe,CUST-7230,0
62a48f8e,2026-09-19 08:50:00,Card,563.18,USD,Electronics Hub,Eastern Europe,CUST-3667,0
b9d10f33,2026-09-19 08:52:00,Wallet,239.34,EUR,Grocery Mart,Western Europe,CUST-5095,0
046064f7,2026-09-19 08:54:00,Card,209.67,EUR,Fashion Outlet,North America,CUST-7307,0
cff4ec0d,2026-09-19 08:58:00,Wallet,245.18,EUR,Electronics Hub,North America,CUST-7246,0
4740fa90,2026-09-19 08:59:00,ACH,733.22,USD,Grocery Mart,North America,CUST-9408,0
95e56ab9,2026-09-19 09:01:00,Wallet,747.79,USD,GameStore,Northern Europe,CUST-9424,0
2193f69f,2026-09-19 09:07:00,Wallet,493.14,USD,Amazon,Northern Europe,CUST-4942,0
ac25ec4f,2026-09-19 09:09:00,Card,406.41,EUR,Electronics Hub,Northern Europe,CUST-6578,0
be6f0290,2026-09-19 09:19:00,ACH,408.57,EUR,Netflix,Western Europe,CUST-8391,0
be0fd3d8,2026-09-19 09:20:00,ACH,500.54,USD,Netflix,Northern Europe,CUST-1092,0
6c314d67,2026-09-19 09:24:00,Card,71.3,EUR,GameStore,Eastern Europe,CUST-2095,0
82461382,2026-09-19 09:28:00,Card,20.75,EUR,Pharmacy Plus,Western Europe,CUST-9003,0
e6b1eb56,2026-09-19 09:33:00,Card,515.31,EUR,Amazon,Western Europe,CUST-7203,0
f4bbe781,2026-09-19 09:33:00,ACH,31.53,USD,Local Coffee Shop,Western Europe,CUST-2120,0
4a17a2a0,2026-09-19 09:34:00,ACH,143.39,USD,Spotify,Eastern Europe,CUST-9384,0
35c81b42,2026-09-19 09:50:00,ACH,794.32,EUR,Pharmacy Plus,North America,CUST-5395,0
5c285b00,2026-09-19 09:52:00,ACH,448.79,EUR,Shopify Store,Western Europe,CUST-3548,0
d7dc4013,2026-09-19 09:54:00,ACH,15.52,USD,GameStore,Western Europe,CUST-8198,0
d2936643,2026-09-19 09:56:00,Card,488.43,EUR,Shopify Store,North America,CUST-6735,0
13feddc4,2026-09-19 10:23:00,Card,38.72,USD,Uber,Northern Europe,CUST-4984,0
1fadc15b,2026-09-19 10:30:00,ACH,1180.1,USD,Travel Booking,Western Europe,CUST-4495,1
92b0b03e,2026-09-19 10:33:00,ACH,238.51,USD,GameStore,Southern Europe,CUST-4982,0
57ce7030,2026-09-19 10:33:00,Wallet,331.86,USD,Amazon,Northern Europe,CUST-7053,0
eefe6415,2026-09-19 10:49:00,Wallet,431.02,USD,Local Coffee Shop,North America,CUST-8172,0
3a3d211f,2026-09-19 10:52:00,Wallet,762.14,USD,Grocery Mart,Northern Europe,CUST-3106,0
a39bf4a7,2026-09-19 10:59:00,Card,141.44,EUR,Shopify Store,North America,CUST-1304,0
9673f4f1,2026-09-19 11:06:00,ACH,450.51,EUR,Electronics Hub,Northern Europe,CUST-7324,0
53f22efb,2026-09-19 11:07:00,Wallet,569.75,USD,Netflix,Western Europe,CUST-3544,0
6caf4f1e,2026-09-19 11:09:00,ACH,441.96,EUR,Local Coffee Shop,Northern Europe,CUST-9339,0
bf7714d3,2026-09-19 11:11:00,Wallet,498.41,EUR,Travel Booking,North America,CUST-3572,0
bea80ecc,2026-09-19 11:11:00,ACH,170.25,EUR,Electronics Hub,Northern Europe,CUST-7915,0
a7d0f6e5,2026-09-19 11:13:00,Card,34.3,EUR,Fashion Outlet,North America,CUST-3015,0
8874824e,2026-09-19 11:16:00,Card,672.08,USD,Spotify,Eastern Europe,CUST-1052,0
763437cf,2026-09-19 11:16:00,Card,465.79,USD,Local Coffee Shop,Eastern Europe,CUST-3046,0
d9a0ad22,2026-09-19 11:19:00,Card,778.81,USD,Amazon,Southern Europe,CUST-4005,0
c433e9e2,2026-09-19 11:22:00,ACH,749.73,USD,Amazon,Eastern Europe,CUST-8197,0
1a73e251,2026-09-19 11:30:00,Wallet,124.59,EUR,Electronics Hub,Southern Europe,CUST-8539,0
1f7cc718,2026-09-19 11:31:00,ACH,15.05,USD,Spotify,Western Europe,CUST-7175,0
b6266cd8,2026-09-19 11:37:00,Wallet,480.69,USD,Amazon,North America,CUST-6304,0
f2c29981,2026-09-19 11:40:00,Card,551.07,USD,Spotify,Southern Europe,CUST-7934,0
658fe2b1,2026-09-19 11:45:00,ACH,519.7,USD,Travel Booking,Northern Europe,CUST-4742,0
37542213,2026-09-19 11:50:00,Wallet,95.15,USD,Travel Booking,Eastern Europe,CUST-5537,0
c620e4f9,2026-09-19 11:55:00,ACH,773.07,USD,Spotify,Northern Europe,CUST-2947,0
b35c3e6f,2026-09-19 12:10:00,ACH,750.22,USD,Local Coffee Shop,Eastern Europe,CUST-9472,0
fb4ba4bd,2026-09-19 12:14:00,Wallet,591.21,EUR,Grocery Mart,North America,CUST-8464,0
3fe7ee30,2026-09-19 12:14:00,ACH,749.51,USD,Local Coffee Shop,Western Europe,CUST-7744,0
68f5bcc2,2026-09-19 12:20:00,Card,114.72,USD,Amazon,Southern Europe,CUST-7599,0
1695dc34,2026-09-19 12:21:00,Card,759.85,USD,Electronics Hub,Western Europe,CUST-7095,0
33443c4e,2026-09-19 12:26:00,ACH,100.47,EUR,Spotify,Southern Europe,CUST-9302,0
20fb8caf,2026-09-19 12:33:00,Wallet,10.96,USD,Fashion Outlet,Southern Europe,CUST-7195,0
52e79ce2,2026-09-19 12:35:00,Wallet,776.39,EUR,Pharmacy Plus,Northern Europe,CUST-5749,0
13471320,2026-09-19 12:38:00,ACH,494.06,USD,Travel Booking,Western Europe,CUST-2291,0
b1e02c8b,2026-09-19 12:39:00,Wallet,145.24,EUR,Shopify Store,North America,CUST-5035,0
738e8bad,2026-09-19 12:41:00,Wallet,244.21,EUR,Grocery Mart,North America,CUST-4599,0
a30bd155,2026-09-19 12:45:00,Card,373.35,EUR,Travel Booking,Eastern Europe,CUST-8028,1
a5707811,2026-09-19 12:55:00,ACH,452.59,USD,Spotify,Eastern Europe,CUST-8452,0
1db2bb85,2026-09-19 13:32:00,Card,45.46,USD,Uber,Western Europe,CUST-3588,0
424533d6,2026-09-19 13:39:00,ACH,503.62,EUR,Spotify,Southern Europe,CUST-4491,0
096b3982,2026-09-19 13:43:00,Card,331.56,USD,Spotify,Northern Europe,CUST-4219,0
f7a739cb,2026-09-19 13:45:00,Card,289.62,EUR,Grocery Mart,Western Europe,CUST-6453,0
8afa9bb6,2026-09-19 13:46:00,Card,46.08,EUR,Fashion Outlet,Southern Europe,CUST-7865,0
83160cdc,2026-09-19 13:58:00,ACH,360.41,EUR,Electronics Hub,Eastern Europe,CUST-1531,0
a5d35992,2026-09-19 14:04:00,ACH,510.05,USD,Electronics Hub,Northern Europe,CUST-9870,0
ad286c86,2026-09-19 14:05:00,ACH,233.76,EUR,Amazon,Western Europe,CUST-7519,0
8c8dc480,2026-09-19 14:16:00,Card,772.11,EUR,Amazon,Eastern Europe,CUST-5847,1
c3b44910,2026-09-19 14:17:00,Wallet,56.31,USD,Spotify,Western Europe,CUST-6087,0
a9fff02c,2026-09-19 14:19:00,Card,289.09,USD,Local Coffee Shop,North America,CUST-9998,0
450cf8f8,2026-09-19 14:23:00,ACH,599.79,USD,Travel Booking,Southern Europe,CUST-9517,0
2f1d0ee4,2026-09-19 14:37:00,Card,463.39,USD,Grocery Mart,Eastern Europe,CUST-4509,0
3a720bbf,2026-09-19 14:47:00,Card,529.37,USD,Travel Booking,Southern Europe,CUST-4886,0
a1060fc0,2026-09-19 14:59:00,ACH,203.96,EUR,Netflix,Eastern Europe,CUST-6072,0
dcc1c73a,2026-09-19 15:00:00,Wallet,95.91,EUR,Travel Booking,Western Europe,CUST-6284,0
363c8502,2026-09-19 15:06:00,ACH,260.22,EUR,Travel Booking,Western Europe,CUST-6273,0
a948f763,2026-09-19 15:09:00,Wallet,682.51,EUR,Travel Booking,North America,CUST-7768,0
80e60d44,2026-09-19 15:15:00,Wallet,601.94,EUR,Spotify,Western Europe,CUST-2148,0
aeeb7875,2026-09-19 15:15:00,Card,379.4,USD,GameStore,Northern Europe,CUST-4750,0
522ebbf7,2026-09-19 15:16:00,ACH,315.81,USD,Pharmacy Plus,Western Europe,CUST-9600,0
2ae8499e,2026-09-19 15:21:00,ACH,439.06,EUR,Travel Booking,Southern Europe,CUST-2486,0
02092caa,2026-09-19 15:25:00,Card,705.56,USD,GameStore,Western Europe,CUST-4512,0
9658da71,2026-09-19 15:56:00,Wallet,293.04,EUR,Spotify,Northern Europe,CUST-5631,0
e76b44ba,2026-09-19 16:03:00,Wallet,504.61,EUR,Electronics Hub,Western Europe,CUST-4548,0
33b7651f,2026-09-19 16:03:00,Wallet,225.83,EUR,Electronics Hub,Western Europe,CUST-1797,0
caf4b2c3,2026-09-19 16:23:00,Wallet,603.55,USD,Grocery Mart,North America,CUST-3084,0
c7c49f6a,2026-09-19 16:41:00,Wallet,75.39,USD,Local Coffee Shop,Western Europe,CUST-9344,0
6f960f38,2026-09-19 17:00:00,Wallet,253.72,EUR,Uber,Southern Europe,CUST-3344,0
baff0976,2026-09-19 17:02:00,Card,725.4,EUR,GameStore,Northern Europe,CUST-9959,0
9d6ddf47,2026-09-19 17:04:00,ACH,571.94,USD,Electronics Hub,Northern Europe,CUST-3600,0
d5c088ae,2026-09-19 17:06:00,Wallet,666.5,EUR,Fashion Outlet,Eastern Europe,CUST-1906,0
cfa8545d,2026-09-19 17:07:00,ACH,491.88,USD,Local Coffee Shop,Eastern Europe,CUST-4224,0
8044edbe,2026-09-19 17:11:00,Card,291.35,USD,GameStore,North America,CUST-8859,0
baea0063,2026-09-19 17:14:00,Wallet,455.1,EUR,Uber,Northern Europe,CUST-2045,0
2531920c,2026-09-19 17:15:00,Wallet,50.98,EUR,GameStore,North America,CUST-4832,0
bf03b7e7,2026-09-19 17:20:00,ACH,263.84,EUR,Electronics Hub,Western Europe,CUST-7068,0
85555de1,2026-09-19 17:23:00,ACH,444.41,EUR,Amazon,Western Europe,CUST-3520,0
76e84576,2026-09-19 17:28:00,Card,90.74,USD,Amazon,Southern Europe,CUST-9155,0
75eaecd4,2026-09-19 17:31:00,ACH,639.36,USD,Travel Booking,Northern Europe,CUST-5129,0
7ac29ebd,2026-09-19 17:36:00,ACH,464.8,USD,Netflix,Southern Europe,CUST-4209,0
3825b73d,2026-09-19 17:39:00,Card,514.69,EUR,GameStore,North America,CUST-3356,0
837d8897,2026-09-19 17:43:00,Wallet,456.57,EUR,Spotify,Eastern Europe,CUST-5118,0
e96cfca8,2026-09-19 18:05:00,Card,408.39,USD,Netflix,Eastern Europe,CUST-7042,0
e78b1361,2026-09-19 18:32:00,Wallet,508.36,EUR,Spotify,Western Europe,CUST-1439,0
8148776c,2026-09-19 18:35:00,ACH,253.87,USD,Fashion Outlet,Western Europe,CUST-6588,0
f86a24f0,2026-09-19 19:02:00,ACH,281.31,USD,Shopify Store,Northern Europe,CUST-4333,0
387ec1f4,2026-09-19 19:03:00,Card,342.93,EUR,GameStore,Northern Europe,CUST-5770,0
070eaf08,2026-09-19 19:16:00,ACH,573.5,USD,Uber,Southern Europe,CUST-2281,0
87ce7fee,2026-09-19 19:22:00,Wallet,542.12,USD,Travel Booking,Northern Europe,CUST-6869,0
82c83305,2026-09-19 19:31:00,Wallet,493.13,EUR,Netflix,Eastern Europe,CUST-7630,0
a436f925,2026-09-19 19:47:00,ACH,129.3,EUR,Uber,North America,CUST-4515,0
909455ee,2026-09-19 19:49:00,Wallet,71.88,EUR,Netflix,Western Europe,CUST-7342,0
40b3b038,2026-09-19 20:03:00,Wallet,1277.72,USD,Amazon,Eastern Europe,CUST-2979,1
71b937bf,2026-09-19 20:10:00,Card,242.19,USD,Fashion Outlet,North America,CUST-4736,0
06002c19,2026-09-19 20:14:00,Wallet,75.89,EUR,Pharmacy Plus,Northern Europe,CUST-4005,0
fa1f1097,2026-09-19 20:17:00,Wallet,642.56,USD,Electronics Hub,Northern Europe,CUST-5783,0
b451bc02,2026-09-19 20:48:00,Wallet,41.06,USD,Grocery Mart,Eastern Europe,CUST-5893,0
9e18a1de,2026-09-19 20:48:00,Card,390.47,EUR,Uber,Eastern Europe,CUST-2729,0
034c3a85,2026-09-19 20:50:00,ACH,329.5,USD,Pharmacy Plus,Western Europe,CUST-6727,0
ed504c4a,2026-09-19 20:52:00,Card,710.54,USD,GameStore,Northern Europe,CUST-5254,0
8fc8eb59,2026-09-19 20:57:00,Wallet,675.78,USD,Grocery Mart,Western Europe,CUST-3962,0
6a450ff6,2026-09-19 21:01:00,Wallet,12.98,EUR,Uber,North America,CUST-7980,0
7ba18168,2026-09-19 21:11:00,Wallet,732.26,USD,Shopify Store,North America,CUST-8972,0
6ad586df,2026-09-19 21:11:00,ACH,683.45,USD,Local Coffee Shop,North America,CUST-5617,0
afc3cb56,2026-09-19 21:12:00,Wallet,384.74,EUR,Amazon,Southern Europe,CUST-8188,0
fa28e87f,2026-09-19 21:16:00,ACH,486.32,EUR,Electronics Hub,Western Europe,CUST-4166,0
2fea5b9f,2026-09-19 21:29:00,ACH,545.28,EUR,Local Coffee Shop,Southern Europe,CUST-4562,0
a209c9bf,2026-09-19 21:33:00,Card,786.45,USD,Pharmacy Plus,North America,CUST-6714,0
cb52fd4a,2026-09-19 21:41:00,ACH,325.93,USD,Grocery Mart,Northern Europe,CUST-2492,0
20b8ba0a,2026-09-19 21:43:00,Card,522.06,USD,GameStore,Eastern Europe,CUST-3144,0
f3399840,2026-09-19 21:55:00,ACH,133.56,EUR,GameStore,Northern Europe,CUST-5403,0
af0ec233,2026-09-19 22:06:00,ACH,673.59,USD,GameStore,Southern Europe,CUST-4390,0
c5ab1ad5,2026-09-19 22:10:00,ACH,243.48,USD,Netflix,Northern Europe,CUST-1433,0
d222d94b,2026-09-19 22:13:00,Wallet,359.95,USD,Pharmacy Plus,Southern Europe,CUST-9551,0
85fd2778,2026-09-19 22:22:00,Wallet,782.2,USD,Uber,Southern Europe,CUST-9106,0
ded13fbf,2026-09-19 22:37:00,Card,732.16,USD,Amazon,Southern Europe,CUST-2149,0
f15ae7af,2026-09-19 22:38:00,ACH,59.59,EUR,GameStore,Northern Europe,CUST-3313,0
31aefee7,2026-09-19 22:38:00,Wallet,707.27,EUR,Electronics Hub,Eastern Europe,CUST-5690,0
5a93c091,2026-09-19 22:43:00,Wallet,798.26,EUR,Shopify Store,Southern Europe,CUST-4970,0
f9d6d09d,2026-09-19 22:43:00,Card,750.15,EUR,Pharmacy Plus,Southern Europe,CUST-8548,0
e4a1ca1b,2026-09-19 22:55:00,Card,573.91,EUR,Pharmacy Plus,Eastern Europe,CUST-3971,0
d8551e9c,2026-09-19 23:03:00,Wallet,359.05,USD,Shopify Store,Northern Europe,CUST-1224,0
13d64e29,2026-09-19 23:11:00,ACH,506.55,EUR,Electronics Hub,Western Europe,CUST-6829,0
6509f54e,2026-09-19 23:12:00,ACH,551.66,EUR,Amazon,Western Europe,CUST-1477,0
cde27120,2026-09-19 23:22:00,Card,690.73,USD,Grocery Mart,Eastern Europe,CUST-6768,0
6b288d0a,2026-09-19 23:32:00,Card,690.57,USD,Uber,North America,CUST-5606,0
b613f72c,2026-09-19 23:38:00,Wallet,189.22,USD,Fashion Outlet,Eastern Europe,CUST-4035,0
1971e6ce,2026-09-19 23:46:00,ACH,266.61,EUR,Uber,Northern Europe,CUST-8879,0
0520009b,2026-09-19 23:59:00,Card,650.93,USD,GameStore,Northern Europe,CUST-3665,0
4ceb6d6a,2026-09-20 00:00:00,Wallet,109.8,USD,Spotify,Northern Europe,CUST-6891,0
7f71521d,2026-09-20 00:01:00,Wallet,25.2,EUR,Amazon,Western Europe,CUST-4730,0
26381ed4,2026-09-20 00:09:00,Wallet,570.0,EUR,Grocery Mart,Southern Europe,CUST-3003,0
4b98c009,2026-09-20 00:14:00,ACH,250.3,EUR,Uber,Northern Europe,CUST-7304,0
5fd7a7c3,2026-09-20 00:15:00,Wallet,479.04,USD,Pharmacy Plus,Southern Europe,CUST-5701,0
67cb018f,2026-09-20 00:20:00,Card,148.06,USD,Pharmacy Plus,Western Europe,CUST-1008,0
c07308d0,2026-09-20 00:25:00,ACH,567.11,EUR,Fashion Outlet,North America,CUST-5810,0
822f658a,2026-09-20 00:27:00,Wallet,644.98,EUR,Netflix,Northern Europe,CUST-5130,0
cfe40f30,2026-09-20 00:36:00,Card,179.42,USD,Pharmacy Plus,Southern Europe,CUST-7630,0
604be54b,2026-09-20 00:37:00,Wallet,621.9,USD,GameStore,North America,CUST-6006,0
d709011a,2026-09-20 00:48:00,ACH,540.37,USD,Local Coffee Shop,Southern Europe,CUST-3239,0
1890997b,2026-09-20 00:55:00,Wallet,237.77,USD,Pharmacy Plus,Eastern Europe,CUST-4637,0
12405774,2026-09-20 00:56:00,ACH,644.77,USD,Electronics Hub,Western Europe,CUST-9957,0
53ea0894,2026-09-20 01:00:00,Card,64.59,USD,Fashion Outlet,Southern Europe,CUST-1673,0
894e3221,2026-09-20 01:05:00,Wallet,696.6,EUR,GameStore,Southern Europe,CUST-3068,0
1a0f8917,2026-09-20 01:14:00,Card,703.38,USD,Electronics Hub,Northern Europe,CUST-6543,0
622bb04f,2026-09-20 01:34:00,Wallet,190.81,USD,Pharmacy Plus,Western Europe,CUST-5144,0
bfa1468f,2026-09-20 01:52:00,ACH,129.33,EUR,Grocery Mart,Northern Europe,CUST-9558,0
1735ce63,2026-09-20 01:54:00,Card,81.29,USD,GameStore,Northern Europe,CUST-8996,0
9b9de55f,2026-09-20 02:06:00,ACH,262.25,EUR,Local Coffee Shop,Northern Europe,CUST-3112,0
7cf44db5,2026-09-20 02:23:00,ACH,765.58,EUR,Electronics Hub,North America,CUST-6647,0
bcbeb63b,2026-09-20 02:23:00,Card,29.45,EUR,Amazon,Southern Europe,CUST-9459,0
fee661eb,2026-09-20 02:24:00,Card,418.16,USD,Shopify Store,Western Europe,CUST-2006,0
54cbbd30,2026-09-20 02:28:00,Card,364.72,USD,Shopify Store,Eastern Europe,CUST-2348,0
eac3656f,2026-09-20 02:40:00,Card,194.94,USD,Spotify,Southern Europe,CUST-5966,0
402bf1a6,2026-09-20 02:41:00,Card,258.24,EUR,Shopify Store,Southern Europe,CUST-8962,0
e14c3f24,2026-09-20 02:44:00,Card,194.93,USD,Uber,North America,CUST-3406,0
049008fb,2026-09-20 02:49:00,Card,458.09,USD,Fashion Outlet,Eastern Europe,CUST-2939,0
ed6e0a95,2026-09-20 02:50:00,Wallet,128.94,EUR,Fashion Outlet,Western Europe,CUST-5696,0
3ae4c000,2026-09-20 02:52:00,ACH,665.29,USD,Electronics Hub,Southern Europe,CUST-7713,0
1d936f9f,2026-09-20 02:54:00,ACH,320.92,EUR,Local Coffee Shop,North America,CUST-2011,0
58f65e03,2026-09-20 02:55:00,ACH,358.3,USD,Electronics Hub,Northern Europe,CUST-4777,0
b2e01acc,2026-09-20 03:07:00,Wallet,154.42,EUR,Uber,Western Europe,CUST-3201,0
9ee2199a,2026-09-20 03:08:00,Card,26.8,EUR,Uber,Western Europe,CUST-6570,0
22a074c1,2026-09-20 03:14:00,Wallet,589.71,EUR,Spotify,Southern Europe,CUST-2673,0
8ca31d2a,2026-09-20 03:17:00,Wallet,517.55,USD,Pharmacy Plus,Southern Europe,CUST-9423,0
50a4f734,2026-09-20 03:25:00,Wallet,212.71,EUR,Amazon,Western Europe,CUST-7715,0
0ba3b135,2026-09-20 03:39:00,Wallet,499.75,EUR,Fashion Outlet,Southern Europe,CUST-8934,0
999f02a6,2026-09-20 03:48:00,Wallet,283.48,EUR,Fashion Outlet,North America,CUST-7940,0
96d30949,2026-09-20 03:49:00,Wallet,12.95,USD,Amazon,Western Europe,CUST-2129,0
901add17,2026-09-20 03:51:00,Card,533.73,EUR,GameStore,Southern Europe,CUST-9958,0
20973148,2026-09-20 03:54:00,Wallet,457.15,EUR,Travel Booking,Southern Europe,CUST-7861,0
ceb35df4,2026-09-20 03:55:00,Card,552.69,EUR,Uber,Northern Europe,CUST-9574,0
6ff39f56,2026-09-20 03:59:00,Wallet,30.13,EUR,Spotify,Western Europe,CUST-8667,0
0b799137,2026-09-20 04:00:00,Card,216.96,EUR,Netflix,North America,CUST-4030,0
1bf6c6c4,2026-09-20 04:02:00,ACH,574.43,EUR,Uber,Western Europe,CUST-1729,0
509003c1,2026-09-20 04:04:00,ACH,573.88,USD,Fashion Outlet,Eastern Europe,CUST-7499,0
79209380,2026-09-20 04:06:00,Wallet,274.71,USD,Fashion Outlet,Southern Europe,CUST-4345,0
bd7ff8c3,2026-09-20 04:31:00,ACH,371.16,USD,Shopify Store,Western Europe,CUST-1437,0
3e841e88,2026-09-20 04:39:00,Wallet,614.03,USD,Grocery Mart,Southern Europe,CUST-3686,0
71d84d67,2026-09-20 04:46:00,Wallet,425.12,EUR,GameStore,Southern Europe,CUST-2127,0
26df6c1a,2026-09-20 04:53:00,ACH,560.63,EUR,Uber,North America,CUST-4824,0
c30f844b,2026-09-20 04:57:00,Wallet,379.15,USD,Electronics Hub,Eastern Europe,CUST-4368,0
b6bec2f4,2026-09-20 05:03:00,ACH,667.47,USD,Netflix,North America,CUST-3095,0
ce6bab82,2026-09-20 05:08:00,ACH,376.99,EUR,Grocery Mart,Eastern Europe,CUST-1220,0
77e69ebf,2026-09-20 05:11:00,Wallet,101.75,USD,Amazon,North America,CUST-1000,0
ac189cfb,2026-09-20 05:22:00,ACH,103.21,USD,Pharmacy Plus,Eastern Europe,CUST-7665,0
638c18c7,2026-09-20 05:22:00,Wallet,793.19,EUR,GameStore,Southern Europe,CUST-3761,0
4387bad6,2026-09-20 05:32:00,Card,763.33,EUR,GameStore,Southern Europe,CUST-6613,0
d02740ba,2026-09-20 05:43:00,Wallet,258.04,USD,Pharmacy Plus,Eastern Europe,CUST-7999,0
ff3ce852,2026-09-20 05:57:00,Card,208.26,EUR,Netflix,Eastern Europe,CUST-4820,0
f8c5a997,2026-09-20 06:00:00,ACH,786.45,USD,Local Coffee Shop,North America,CUST-9637,0
ced453f4,2026-09-20 06:06:00,Card,526.87,EUR,Fashion Outlet,North America,CUST-2912,0
7afbd91f,2026-09-20 06:18:00,Wallet,637.03,EUR,Netflix,Northern Europe,CUST-5741,0
342c7fc9,2026-09-20 06:25:00,Card,77.68,USD,Amazon,Eastern Europe,CUST-3277,0
7edf3d03,2026-09-20 06:27:00,Wallet,751.84,EUR,Fashion Outlet,North America,CUST-9157,0
485fda9d,2026-09-20 06:34:00,Card,456.52,EUR,Local Coffee Shop,Eastern Europe,CUST-3102,0
0c817571,2026-09-20 06:49:00,Wallet,389.2,EUR,Spotify,Western Europe,CUST-9126,0
5319ae1d,2026-09-20 06:52:00,Wallet,618.07,EUR,Amazon,Western Europe,CUST-8273,0
c341e641,2026-09-20 07:02:00,ACH,584.02,EUR,Spotify,Eastern Europe,CUST-5945,0
41cf7924,2026-09-20 07:07:00,Wallet,434.99,USD,Electronics Hub,Southern Europe,CUST-6029,0
8c0e5e49,2026-09-20 07:10:00,Wallet,619.63,EUR,Spotify,North America,CUST-5923,0
abb7f9b9,2026-09-20 07:21:00,Card,535.54,USD,Local Coffee Shop,Southern Europe,CUST-8298,0
f737785d,2026-09-20 07:23:00,Card,259.07,EUR,Amazon,North America,CUST-4495,0
df25e368,2026-09-20 07:23:00,ACH,763.45,EUR,Pharmacy Plus,Northern Europe,CUST-7748,0
defb959b,2026-09-20 07:27:00,Wallet,488.45,EUR,Shopify Store,North America,CUST-2835,0
618b26a9,2026-09-20 07:33:00,Wallet,8.12,USD,Spotify,North America,CUST-2450,0
5ea43d62,2026-09-20 07:40:00,Card,552.66,EUR,Amazon,Southern Europe,CUST-8056,0
9bc22290,2026-09-20 07:54:00,Wallet,115.95,EUR,Shopify Store,Northern Europe,CUST-6307,0
1f6c10f6,2026-09-20 07:54:00,ACH,52.4,USD,Amazon,North America,CUST-1504,0
2a9b896c,2026-09-20 07:54:00,ACH,164.37,USD,Local Coffee Shop,Eastern Europe,CUST-9851,0
e864c094,2026-09-20 08:02:00,ACH,577.25,EUR,Amazon,Northern Europe,CUST-9021,0
76d7c0ee,2026-09-20 08:06:00,Card,67.44,USD,Amazon,Eastern Europe,CUST-9126,0
abe0a453,2026-09-20 08:12:00,Card,610.42,EUR,Pharmacy Plus,Northern Europe,CUST-2119,0
9062d17a,2026-09-20 08:14:00,ACH,792.29,EUR,Spotify,North America,CUST-5509,0
aec1b4d0,2026-09-20 08:23:00,ACH,674.51,USD,Travel Booking,Western Europe,CUST-7928,0
87586af6,2026-09-20 08:28:00,ACH,726.9,EUR,GameStore,Northern Europe,CUST-7370,0
c3796212,2026-09-20 08:29:00,Card,187.72,EUR,Pharmacy Plus,Northern Europe,CUST-9662,0
7d2600c0,2026-09-20 08:35:00,Wallet,128.36,EUR,Shopify Store,Western Europe,CUST-5470,0
73506fb1,2026-09-20 08:39:00,ACH,621.38,EUR,Shopify Store,Northern Europe,CUST-5419,0
5edbda96,2026-09-20 08:42:00,Wallet,320.45,EUR,Pharmacy Plus,Northern Europe,CUST-2663,0
cfda7afb,2026-09-20 09:01:00,ACH,250.95,USD,Pharmacy Plus,North America,CUST-4319,0
f56c30a6,2026-09-20 09:02:00,Card,223.1,EUR,Electronics Hub,Western Europe,CUST-4704,0
e4930d5a,2026-09-20 09:08:00,Card,71.79,USD,Uber,Eastern Europe,CUST-3696,0
2d505dcc,2026-09-20 09:11:00,Card,150.77,USD,Pharmacy Plus,Western Europe,CUST-7920,0
d372a8ad,2026-09-20 09:26:00,ACH,90.16,USD,Electronics Hub,North America,CUST-8477,0
0ff317ca,2026-09-20 09:36:00,Card,281.49,USD,Grocery Mart,Southern Europe,CUST-1009,0
52cf53b0,2026-09-20 09:40:00,ACH,622.44,USD,Netflix,Western Europe,CUST-4447,0
84cc1d90,2026-09-20 09:41:00,Card,725.05,USD,Amazon,Northern Europe,CUST-4051,0
90a9ab22,2026-09-20 09:41:00,Wallet,737.83,EUR,Uber,Western Europe,CUST-8835,0
775ac8d7,2026-09-20 09:51:00,Wallet,53.97,EUR,Travel Booking,North America,CUST-5250,0
8db5936e,2026-09-20 09:53:00,Card,721.65,EUR,Netflix,Southern Europe,CUST-1285,0
d9bd6588,2026-09-20 09:55:00,Card,133.26,EUR,Uber,North America,CUST-4148,0
14512a17,2026-09-20 10:09:00,Card,20.77,USD,Travel Booking,Eastern Europe,CUST-1143,0
5e2918ab,2026-09-20 10:21:00,ACH,341.02,USD,Fashion Outlet,Northern Europe,CUST-6369,0
c972397d,2026-09-20 10:44:00,Wallet,94.97,USD,Shopify Store,Eastern Europe,CUST-8285,0
412cb381,2026-09-20 10:47:00,ACH,253.99,USD,Amazon,Northern Europe,CUST-8021,0
17e9b92d,2026-09-20 10:49:00,ACH,304.7,EUR,Spotify,North America,CUST-4301,0
c876a55b,2026-09-20 10:56:00,Wallet,263.41,USD,GameStore,Western Europe,CUST-9483,0
18a07ae7,2026-09-20 10:57:00,Wallet,81.21,EUR,Uber,North America,CUST-8637,0
530032fe,2026-09-20 11:01:00,ACH,414.38,USD,GameStore,North America,CUST-6624,0
598598be,2026-09-20 11:02:00,Wallet,594.74,EUR,Shopify Store,Eastern Europe,CUST-5252,0
fbeedd9f,2026-09-20 11:06:00,Card,399.56,EUR,Amazon,North America,CUST-5076,0
ed66f1e5,2026-09-20 11:08:00,ACH,309.74,USD,Electronics Hub,Western Europe,CUST-4575,0
2cafafbe,2026-09-20 11:47:00,Wallet,365.67,EUR,Electronics Hub,Northern Europe,CUST-4099,0
93e234a6,2026-09-20 11:55:00,Card,26.84,EUR,Spotify,Eastern Europe,CUST-8682,0
1fad6bce,2026-09-20 11:55:00,ACH,568.32,EUR,GameStore,Southern Europe,CUST-9479,0
5cb6e0a0,2026-09-20 11:58:00,Wallet,691.21,EUR,GameStore,North America,CUST-9113,0
1ed87dfa,2026-09-20 12:06:00,Wallet,398.45,USD,Amazon,North America,CUST-7057,0
5c2aa0d4,2026-09-20 12:11:00,Card,145.74,EUR,Netflix,Northern Europe,CUST-6071,0
e6f52e1e,2026-09-20 12:13:00,Wallet,606.2,USD,Amazon,Eastern Europe,CUST-5594,0
90dbf77e,2026-09-20 12:18:00,Wallet,49.38,USD,Fashion Outlet,North America,CUST-3431,0
94b8cd37,2026-09-20 12:18:00,ACH,53.56,EUR,Pharmacy Plus,Northern Europe,CUST-4192,0
9b7650a0,2026-09-20 12:22:00,ACH,663.45,EUR,Netflix,Northern Europe,CUST-8214,0
799cce13,2026-09-20 12:26:00,Card,43.57,EUR,Travel Booking,Northern Europe,CUST-3701,0
b237699c,2026-09-20 12:29:00,Card,730.94,EUR,Spotify,North America,CUST-3070,0
b73ae407,2026-09-20 12:37:00,Card,794.81,EUR,GameStore,North America,CUST-7819,0
832b0dbe,2026-09-20 12:40:00,ACH,943.44,USD,Fashion Outlet,Northern Europe,CUST-2977,1
d772cb08,2026-09-20 12:46:00,Wallet,543.67,EUR,Amazon,Western Europe,CUST-2154,0
1f6eaeb6,2026-09-20 12:48:00,Card,35.68,USD,Spotify,North America,CUST-8343,0
0b1c7b4a,2026-09-20 12:48:00,Wallet,666.58,EUR,GameStore,Northern Europe,CUST-6858,0
5b461729,2026-09-20 12:50:00,Wallet,390.34,EUR,Electronics Hub,North America,CUST-7513,0
57b28852,2026-09-20 13:05:00,Wallet,445.86,USD,Local Coffee Shop,Southern Europe,CUST-4299,0
0856e4e0,2026-09-20 13:07:00,Card,669.83,USD,Amazon,Western Europe,CUST-1520,0
582d29af,2026-09-20 13:26:00,ACH,445.26,USD,Travel Booking,Western Europe,CUST-7875,0
ce42387a,2026-09-20 13:28:00,ACH,364.75,USD,Spotify,North America,CUST-9325,0
ae8898e1,2026-09-20 13:30:00,Wallet,525.87,EUR,Spotify,Southern Europe,CUST-6419,0
7a5aa947,2026-09-20 13:43:00,ACH,671.18,USD,Shopify Store,North America,CUST-1939,1
3e97a6bc,2026-09-20 14:12:00,Card,106.86,EUR,Travel Booking,Western Europe,CUST-6446,0
b7907469,2026-09-20 14:13:00,Card,417.58,USD,Pharmacy Plus,Southern Europe,CUST-1871,0
7660cb03,2026-09-20 14:19:00,ACH,358.9,USD,Travel Booking,Eastern Europe,CUST-7182,0
ede7b443,2026-09-20 14:29:00,ACH,465.61,USD,Grocery Mart,Eastern Europe,CUST-8280,0
e88d7ec4,2026-09-20 14:31:00,Wallet,406.55,EUR,Grocery Mart,Eastern Europe,CUST-5741,0
57f94e8f,2026-09-20 14:32:00,Card,487.47,USD,Electronics Hub,Northern Europe,CUST-3707,0
acfa52d2,2026-09-20 14:33:00,ACH,102.34,EUR,Shopify Store,Eastern Europe,CUST-4233,0
26689bf3,2026-09-20 14:33:00,ACH,768.99,USD,Uber,Eastern Europe,CUST-7459,0
4ba316c2,2026-09-20 14:44:00,ACH,760.27,USD,Electronics Hub,North America,CUST-3353,0
f1095770,2026-09-20 14:45:00,ACH,691.68,USD,Spotify,North America,CUST-6497,0
f9e2e3c6,2026-09-20 14:47:00,Wallet,661.77,USD,Shopify Store,Northern Europe,CUST-5840,0
05ed220a,2026-09-20 14:54:00,Card,331.4,USD,Uber,Western Europe,CUST-7932,0
9cf41c08,2026-09-20 14:58:00,Wallet,92.52,USD,Amazon,Southern Europe,CUST-3649,0
5256265b,2026-09-20 15:02:00,Wallet,536.05,EUR,Fashion Outlet,Western Europe,CUST-3952,0
bdb86680,2026-09-20 15:08:00,ACH,446.97,USD,Shopify Store,Northern Europe,CUST-6768,0
2f7e1f84,2026-09-20 15:19:00,ACH,439.43,EUR,Grocery Mart,North America,CUST-7235,0
9466415c,2026-09-20 15:21:00,Wallet,766.15,EUR,Shopify Store,Southern Europe,CUST-3623,0
74819172,2026-09-20 15:24:00,ACH,766.33,EUR,Netflix,Southern Europe,CUST-5741,0
b4852832,2026-09-20 15:27:00,Wallet,274.16,EUR,Netflix,Western Europe,CUST-2276,0
7ae7ce0c,2026-09-20 15:27:00,Wallet,298.19,USD,Shopify Store,Western Europe,CUST-6985,0
67744742,2026-09-20 15:31:00,Card,691.32,USD,Netflix,Southern Europe,CUST-4792,0
b5c77ecc,2026-09-20 15:40:00,ACH,408.97,USD,Fashion Outlet,Eastern Europe,CUST-7255,0
a6ad110d,2026-09-20 15:45:00,Card,629.59,USD,Travel Booking,Eastern Europe,CUST-8641,0
2a1b14e3,2026-09-20 15:56:00,ACH,25.19,EUR,Amazon,Eastern Europe,CUST-7543,0
2a46d46f,2026-09-20 16:00:00,Card,382.48,EUR,Fashion Outlet,North America,CUST-8526,0
5b398196,2026-09-20 16:12:00,ACH,308.86,USD,Travel Booking,Northern Europe,CUST-3066,0
e78da565,2026-09-20 16:16:00,ACH,683.85,USD,Uber,Southern Europe,CUST-8402,0
059cc815,2026-09-20 16:21:00,ACH,315.99,USD,Uber,Northern Europe,CUST-2653,0
80e50604,2026-09-20 16:22:00,Wallet,538.12,EUR,Uber,Northern Europe,CUST-2251,0
69469ba8,2026-09-20 16:53:00,Card,773.49,USD,Spotify,Northern Europe,CUST-5688,0
6b3df252,2026-09-20 17:01:00,Card,309.06,EUR,Netflix,Eastern Europe,CUST-3398,0
fdc7937e,2026-09-20 17:11:00,Wallet,45.13,EUR,GameStore,Southern Europe,CUST-7212,0
6da085cd,2026-09-20 17:11:00,ACH,260.3,EUR,Local Coffee Shop,Eastern Europe,CUST-6512,0
b3d356e2,2026-09-20 17:12:00,Wallet,23.25,EUR,Shopify Store,North America,CUST-8642,0
58aba0dc,2026-09-20 17:17:00,ACH,695.38,EUR,Amazon,Northern Europe,CUST-5980,0
9c4a6f25,2026-09-20 17:25:00,Wallet,476.53,USD,Fashion Outlet,Eastern Europe,CUST-8916,0
9a7a8ae8,2026-09-20 17:26:00,Wallet,540.42,USD,Electronics Hub,Western Europe,CUST-1548,1
d8794bf4,2026-09-20 17:32:00,Wallet,268.82,EUR,Fashion Outlet,North America,CUST-9835,0
fb4af0db,2026-09-20 17:45:00,Card,566.46,EUR,Grocery Mart,Western Europe,CUST-2119,0
e8a2fa3b,2026-09-20 18:01:00,Wallet,691.45,USD,Travel Booking,Eastern Europe,CUST-9833,0
4bc9e86b,2026-09-20 18:07:00,ACH,247.97,USD,Local Coffee Shop,Western Europe,CUST-1819,0
224cc81c,2026-09-20 18:09:00,Card,224.28,EUR,GameStore,North America,CUST-3968,0
589821ff,2026-09-20 18:23:00,Wallet,573.23,USD,Pharmacy Plus,Northern Europe,CUST-4699,0
f0190843,2026-09-20 18:29:00,Wallet,589.29,EUR,Fashion Outlet,Southern Europe,CUST-3820,0
4d573a30,2026-09-20 18:32:00,ACH,49.12,USD,Spotify,North America,CUST-2516,0
a9990976,2026-09-20 18:32:00,Wallet,27.28,USD,Spotify,Southern Europe,CUST-5596,0
5c1d7f33,2026-09-20 18:48:00,ACH,247.2,USD,Electronics Hub,North America,CUST-1735,0
5c2ea4e5,2026-09-20 18:52:00,Wallet,799.15,USD,GameStore,Southern Europe,CUST-3602,0
b1b093eb,2026-09-20 19:03:00,ACH,441.68,EUR,Fashion Outlet,Eastern Europe,CUST-3352,0
a046c8cf,2026-09-20 19:03:00,Card,169.8,USD,Fashion Outlet,North America,CUST-4733,0
1c2dd787,2026-09-20 19:05:00,Wallet,523.52,USD,Amazon,North America,CUST-7648,0
bec2ec1d,2026-09-20 19:14:00,ACH,87.51,EUR,Uber,North America,CUST-1015,0
b3e6f84c,2026-09-20 19:15:00,Wallet,271.8,EUR,Uber,Eastern Europe,CUST-3709,0
8832a963,2026-09-20 19:24:00,Card,475.75,EUR,Electronics Hub,North America,CUST-2503,0
5877a84a,2026-09-20 19:30:00,ACH,415.05,EUR,Pharmacy Plus,Western Europe,CUST-6929,0
539bcb18,2026-09-20 19:39:00,Card,614.03,USD,Grocery Mart,North America,CUST-7446,0
650131de,2026-09-20 19:51:00,Wallet,737.18,EUR,Grocery Mart,North America,CUST-6652,0
b5603c27,2026-09-20 19:52:00,Wallet,443.94,USD,Netflix,Northern Europe,CUST-1127,0
e6e701a7,2026-09-20 19:54:00,ACH,286.66,USD,Pharmacy Plus,North America,CUST-3254,0
7591d84a,2026-09-20 20:00:00,ACH,305.13,EUR,GameStore,Northern Europe,CUST-6116,0
17d0e1d4,2026-09-20 20:04:00,Wallet,51.63,USD,Amazon,Western Europe,CUST-9705,0
041b3f12,2026-09-20 20:14:00,ACH,367.85,EUR,Travel Booking,North America,CUST-4479,0
de5188c2,2026-09-20 20:19:00,ACH,474.4,USD,Amazon,Northern Europe,CUST-4979,0
4a382abe,2026-09-20 20:35:00,Wallet,162.25,USD,Netflix,Northern Europe,CUST-7645,0
f7c00e43,2026-09-20 20:38:00,ACH,619.04,USD,Electronics Hub,Northern Europe,CUST-1429,0
6233e8c9,2026-09-20 20:42:00,Card,737.68,USD,Fashion Outlet,Northern Europe,CUST-2000,0
e290ab36,2026-09-20 20:43:00,Card,798.6,EUR,Fashion Outlet,Western Europe,CUST-5583,0
cc335c50,2026-09-20 20:45:00,Card,729.97,EUR,Netflix,Southern Europe,CUST-7564,0
fc5d62b5,2026-09-20 20:46:00,Wallet,550.04,USD,Electronics Hub,North America,CUST-8542,0
adabdcfe,2026-09-20 20:46:00,Wallet,466.93,EUR,Pharmacy Plus,North America,CUST-4042,0
06790e14,2026-09-20 20:47:00,Wallet,621.63,EUR,Travel Booking,Eastern Europe,CUST-2872,0
e8e4a73d,2026-09-20 20:47:00,Wallet,733.19,EUR,Uber,Eastern Europe,CUST-8345,0
ec9db91e,2026-09-20 20:52:00,ACH,209.03,EUR,Spotify,Southern Europe,CUST-6620,0
ed761c2b,2026-09-20 20:56:00,Card,349.26,EUR,Pharmacy Plus,Northern Europe,CUST-1869,0
a8933431,2026-09-20 20:59:00,Wallet,182.18,USD,Amazon,Western Europe,CUST-9001,0
18804ac1,2026-09-20 21:10:00,Wallet,41.87,EUR,Fashion Outlet,Southern Europe,CUST-9461,0
ef0dfc7d,2026-09-20 21:36:00,Wallet,251.37,USD,Pharmacy Plus,Eastern Europe,CUST-3297,0
dcfa2e2c,2026-09-20 21:40:00,Card,547.66,USD,Uber,Northern Europe,CUST-9667,0
6257cdb5,2026-09-20 21:45:00,Wallet,686.47,EUR,Spotify,Western Europe,CUST-1243,0
ee610f60,2026-09-20 21:52:00,ACH,218.08,EUR,Travel Booking,Northern Europe,CUST-1618,0
20189fb1,2026-09-20 21:53:00,Card,458.52,EUR,Shopify Store,Eastern Europe,CUST-1571,0
11222dc8,2026-09-20 21:55:00,Card,793.79,EUR,Pharmacy Plus,Western Europe,CUST-9052,0
f88f1d6c,2026-09-20 21:57:00,Card,162.16,USD,Electronics Hub,Eastern Europe,CUST-6689,0
0d5385f5,2026-09-20 22:02:00,ACH,335.28,EUR,Amazon,Southern Europe,CUST-7918,0
0cf2a05a,2026-09-20 22:11:00,Wallet,254.31,EUR,GameStore,North America,CUST-9811,0
177bbfeb,2026-09-20 22:16:00,ACH,411.27,EUR,Uber,Southern Europe,CUST-6445,0
c414da35,2026-09-20 22:31:00,Card,672.69,USD,Fashion Outlet,Northern Europe,CUST-4382,0
51169b0b,2026-09-20 22:36:00,Wallet,560.12,USD,Grocery Mart,Western Europe,CUST-8228,0
afca925e,2026-09-20 22:36:00,Wallet,403.35,USD,Grocery Mart,Eastern Europe,CUST-8116,0
e497e38f,2026-09-20 22:42:00,Card,440.95,USD,Shopify Store,Southern Europe,CUST-2771,1
89534392,2026-09-20 22:42:00,Wallet,767.32,USD,Grocery Mart,North America,CUST-5688,0
81d834bf,2026-09-20 22:43:00,ACH,510.32,USD,Fashion Outlet,Western Europe,CUST-2487,0
77bbd184,2026-09-20 22:47:00,Card,760.04,EUR,Electronics Hub,Southern Europe,CUST-5502,0
77a4773a,2026-09-20 22:51:00,ACH,298.4,EUR,Travel Booking,Eastern Europe,CUST-4560,0
5e314b2b,2026-09-20 22:57:00,Wallet,41.23,EUR,Uber,North America,CUST-9476,0
16fb9b4f,2026-09-20 23:00:00,ACH,175.01,USD,GameStore,Western Europe,CUST-8715,0
94ba8df4,2026-09-20 23:01:00,Wallet,168.06,EUR,Netflix,Eastern Europe,CUST-1833,0
81e214cf,2026-09-20 23:06:00,ACH,460.7,EUR,Uber,Northern Europe,CUST-6969,0
7f1da58b,2026-09-20 23:09:00,Wallet,225.86,USD,Shopify Store,Northern Europe,CUST-2517,0
6eae33fd,2026-09-20 23:12:00,Card,292.45,USD,Uber,Northern Europe,CUST-4660,0
d1a17a1f,2026-09-20 23:14:00,ACH,392.14,EUR,Local Coffee Shop,North America,CUST-9794,0
f89715a3,2026-09-20 23:16:00,Wallet,114.91,USD,Fashion Outlet,Eastern Europe,CUST-1880,0
3b986799,2026-09-20 23:20:00,Card,49.62,USD,Uber,Northern Europe,CUST-3673,0
349496c7,2026-09-20 23:30:00,Wallet,305.32,USD,Electronics Hub,Eastern Europe,CUST-3307,0
26f26d16,2026-09-20 23:40:00,ACH,316.97,EUR,Local Coffee Shop,Western Europe,CUST-3484,0
fc33c7b9,2026-09-20 23:45:00,Card,468.7,EUR,Grocery Mart,Northern Europe,CUST-2531,0
e74c8615,2026-09-20 23:52:00,Wallet,723.55,EUR,Grocery Mart,North America,CUST-2566,0
045c251c,2026-09-20 23:53:00,ACH,120.82,USD,Spotify,North America,CUST-3171,0
d1e69ccd,2026-09-20 23:59:00,Wallet,335.36,USD,Grocery Mart,North America,CUST-3788,0
daf6ac3a,2026-09-21 00:00:00,ACH,126.55,EUR,Electronics Hub,Western Europe,CUST-1466,0
